{
"type": "FeatureCollection",
"name": "limite-municipal-oficial",
"crs": { "type": "name", "properties": { "name": "urn:ogc:def:crs:OGC:1.3:CRS84" } },
"features": [
{ "type": "Feature", "properties": { "nome": "Municipio de Embu das Artes", "vegetacao_m2": 47407017.410528094, "populacao_2009": 260822.0, "taxa_vegetacao": 181.76004098783113, "area_km2": 70.389640582102118, "fonte_cartografica": "Base oficial de Limites Administrativos de Embu das Artes", "crs_origem": "SIRGAS 2000 / UTM zone 23S (EPSG:31983)", "status_geometria": "oficial" }, "geometry": { "type": "Polygon", "coordinates": [ [ [ -46.793010801643319, -23.656084142411949 ], [ -46.792988668228723, -23.656150391970197 ], [ -46.792964394567171, -23.656237520586043 ], [ -46.792963490908534, -23.65636094153621 ], [ -46.793012209666372, -23.656466003505361 ], [ -46.793119509842484, -23.656539873531301 ], [ -46.793246833111183, -23.656523143160936 ], [ -46.793345295383979, -23.656452760247223 ], [ -46.793445617436205, -23.656346876369721 ], [ -46.793498774964164, -23.656362511255669 ], [ -46.793506382345008, -23.656404673466515 ], [ -46.793492203015056, -23.656479226910786 ], [ -46.793487567799254, -23.656589781223783 ], [ -46.793483432967925, -23.65667776016404 ], [ -46.793445386482993, -23.656786263644957 ], [ -46.793388394806371, -23.656904375318497 ], [ -46.793355390516197, -23.657009209294767 ], [ -46.793341637461779, -23.657120952462702 ], [ -46.793360112321693, -23.657260579773226 ], [ -46.793357898322085, -23.657376793592313 ], [ -46.793344892164541, -23.65745440290954 ], [ -46.793332699748561, -23.657490926173772 ], [ -46.793314715239667, -23.657576898708012 ], [ -46.793281219906611, -23.65773464144819 ], [ -46.793270687862901, -23.657804006800905 ], [ -46.793265184629561, -23.657868709762351 ], [ -46.793270552371062, -23.657977794126939 ], [ -46.793287316875876, -23.658086836875395 ], [ -46.79331428065607, -23.658196935200927 ], [ -46.793386988616689, -23.658294677643525 ], [ -46.793474683442774, -23.658371121462803 ], [ -46.793518546901076, -23.658410516783881 ], [ -46.793611538621334, -23.658543413422624 ], [ -46.793652960029519, -23.658593399527572 ], [ -46.793731957938931, -23.658678159175796 ], [ -46.793793666707373, -23.65871617421362 ], [ -46.79383219858628, -23.658738026887896 ], [ -46.793901344350402, -23.658764219607249 ], [ -46.793954066972738, -23.658795296903207 ], [ -46.7940067900903, -23.658832332540698 ], [ -46.794053320153424, -23.658877564907506 ], [ -46.794102516544228, -23.658928634474687 ], [ -46.794129893619733, -23.658974178853281 ], [ -46.794153470952473, -23.659019676944016 ], [ -46.794189404716938, -23.659135449007508 ], [ -46.794199978335151, -23.659252778605104 ], [ -46.794207388003358, -23.6593278043275 ], [ -46.794248174597278, -23.659426006190632 ], [ -46.794327221941202, -23.659520244128615 ], [ -46.794380568841227, -23.659602953192685 ], [ -46.794388919420207, -23.659652148418878 ], [ -46.794389848341069, -23.659720207468993 ], [ -46.794376651217036, -23.659777867549607 ], [ -46.794341730671228, -23.659837043090075 ], [ -46.794186514694204, -23.660043140169524 ], [ -46.794121460219593, -23.66013317864892 ], [ -46.794087638452872, -23.660184035816783 ], [ -46.794059118036898, -23.66023835244831 ], [ -46.794040636119455, -23.660287858375021 ], [ -46.794039284866109, -23.660372464754232 ], [ -46.794042736324016, -23.660441758497672 ], [ -46.794086096962509, -23.660627861601313 ], [ -46.794204916754872, -23.660923591482973 ], [ -46.794285230310102, -23.661110530481889 ], [ -46.794318900914533, -23.66124402319792 ], [ -46.794345753033689, -23.661345816923898 ], [ -46.794397205197662, -23.661473235599608 ], [ -46.794443105507504, -23.661661746639187 ], [ -46.794446445866399, -23.661716958233026 ], [ -46.794448298906531, -23.661763881454323 ], [ -46.794435133703125, -23.661823888399454 ], [ -46.794364163209352, -23.662037225306719 ], [ -46.794320436070244, -23.662197433915551 ], [ -46.794269832342309, -23.662410534918095 ], [ -46.79425770315644, -23.662457620065311 ], [ -46.7942316292295, -23.662602367193802 ], [ -46.794212352441733, -23.662682486666935 ], [ -46.794187790412408, -23.66274849366059 ], [ -46.794173091623108, -23.662790914091136 ], [ -46.794177402786119, -23.662828419911694 ], [ -46.794188066870412, -23.662863504928389 ], [ -46.794215299508792, -23.662898398070734 ], [ -46.794258352142819, -23.66297301097574 ], [ -46.794334457650464, -23.663224637781354 ], [ -46.794394324935418, -23.663411813394323 ], [ -46.79443301448643, -23.663628664958281 ], [ -46.79445429931679, -23.663790377547173 ], [ -46.794465684457485, -23.663878266936326 ], [ -46.794493383931425, -23.66394141168465 ], [ -46.794540579922099, -23.663987899962745 ], [ -46.794616337944454, -23.664030446246969 ], [ -46.794697268678831, -23.664072932570004 ], [ -46.794742267447219, -23.664100578089027 ], [ -46.794786293523423, -23.664151707194154 ], [ -46.794822577360677, -23.664198231512714 ], [ -46.794843538316215, -23.664235544407877 ], [ -46.794860861366431, -23.664290593971984 ], [ -46.79486860892559, -23.664396219979484 ], [ -46.794864798970103, -23.664490153440369 ], [ -46.794861577137993, -23.664532440960762 ], [ -46.794844195928519, -23.664567850823286 ], [ -46.794834542217977, -23.664606782287041 ], [ -46.794853369446869, -23.664665425548719 ], [ -46.794942647334985, -23.664774530592556 ], [ -46.795020165088346, -23.664851181411787 ], [ -46.79515845522549, -23.664985808816986 ], [ -46.795262884843169, -23.665073793540895 ], [ -46.795330944695031, -23.665156331586793 ], [ -46.795387154824581, -23.665259048678436 ], [ -46.795410975534409, -23.665322238167651 ], [ -46.795428393937527, -23.66538423795615 ], [ -46.79543324102228, -23.665555620013741 ], [ -46.795427808825039, -23.665714211422216 ], [ -46.795425203172755, -23.665730581967537 ], [ -46.795411341327835, -23.665816506871487 ], [ -46.79538808921059, -23.665889630824338 ], [ -46.795343917767696, -23.665969948629204 ], [ -46.795319468026129, -23.666044169790887 ], [ -46.795311442263113, -23.6661135061502 ], [ -46.795320341231154, -23.666202778399153 ], [ -46.795331422714447, -23.666268372475272 ], [ -46.795360141955065, -23.666317331516922 ], [ -46.795422384563366, -23.666388200733781 ], [ -46.795439306207413, -23.666413824167769 ], [ -46.795439642845196, -23.666438466202013 ], [ -46.795418414746599, -23.666470399862767 ], [ -46.795294107904581, -23.666613938312778 ], [ -46.795112609093621, -23.666760486648418 ], [ -46.795048201779579, -23.666815219318448 ], [ -46.795011891238254, -23.666861501367823 ], [ -46.794970567621114, -23.666913619298683 ], [ -46.794933186966915, -23.666976254078897 ], [ -46.794904969438633, -23.667058734156459 ], [ -46.794895684214886, -23.667124654522468 ], [ -46.794919681385579, -23.667200751801264 ], [ -46.795104166472754, -23.66754501138486 ], [ -46.795168824121532, -23.667703873881695 ], [ -46.795192900490214, -23.667785747983672 ], [ -46.795196016414046, -23.667830399556689 ], [ -46.795183887203677, -23.667877484755365 ], [ -46.795161654831809, -23.667924687035072 ], [ -46.795120041774318, -23.667961551360129 ], [ -46.795077041235565, -23.667985612256089 ], [ -46.795031773597181, -23.668033081452382 ], [ -46.795002619211438, -23.668076572240903 ], [ -46.794993035376649, -23.66809103752048 ], [ -46.794979614101933, -23.668138227956511 ], [ -46.794973982879362, -23.66818758507846 ], [ -46.794995264463111, -23.668254234585621 ], [ -46.795033307632607, -23.668334773248262 ], [ -46.795138656806358, -23.668483955819863 ], [ -46.795230560038256, -23.668583821715885 ], [ -46.79528486813944, -23.668641873102146 ], [ -46.795315816320098, -23.668711931364427 ], [ -46.795328874672322, -23.668738773180749 ], [ -46.795347443768826, -23.668790287333628 ], [ -46.795351072234226, -23.66886653029988 ], [ -46.795345842491052, -23.668951181521482 ], [ -46.795323647974655, -23.66910175184416 ], [ -46.7953168038079, -23.669156991105243 ], [ -46.795320672083911, -23.669256703603086 ], [ -46.795347577044083, -23.669356239376391 ], [ -46.795391002651883, -23.669457930888921 ], [ -46.795421079382102, -23.669517436671814 ], [ -46.795437350225157, -23.669584144165018 ], [ -46.795440641445808, -23.669641613178698 ], [ -46.795433669054297, -23.669687465002333 ], [ -46.79542069673488, -23.669767511499522 ], [ -46.795396905053984, -23.669889933560878 ], [ -46.795374944359814, -23.669962952266008 ], [ -46.795369698606414, -23.670046430049023 ], [ -46.795376725205159, -23.670093293226312 ], [ -46.795389572079436, -23.670122394429939 ], [ -46.795403003245404, -23.670152843031353 ], [ -46.795469816877514, -23.670285951021675 ], [ -46.795531362191007, -23.670406210274926 ], [ -46.795642195725833, -23.670672600038849 ], [ -46.795681486444337, -23.670749693435315 ], [ -46.795705387423894, -23.670818659650774 ], [ -46.795744741140567, -23.670900356478437 ], [ -46.795799307079733, -23.67097718246454 ], [ -46.795846404229174, -23.671069442297707 ], [ -46.795875188983906, -23.671123094856583 ], [ -46.795887597877133, -23.671191110939194 ], [ -46.795911771710117, -23.671280025403448 ], [ -46.795943384194977, -23.671357207738051 ], [ -46.795979959929639, -23.671418985239939 ], [ -46.796018202257407, -23.671466660025558 ], [ -46.796079170014465, -23.671544585271239 ], [ -46.796146557764011, -23.671624963826474 ], [ -46.796195856295903, -23.671683072883543 ], [ -46.796229701392527, -23.671734319445839 ], [ -46.796248462608219, -23.671799824307332 ], [ -46.796255617990454, -23.671856074840779 ], [ -46.796256870486872, -23.671947692554578 ], [ -46.79625731100473, -23.672074528129901 ], [ -46.796268072814023, -23.672116653457213 ], [ -46.796287774430702, -23.672156327874866 ], [ -46.796331739830485, -23.672202762574834 ], [ -46.796392274968113, -23.672249005083 ], [ -46.796436065189226, -23.672282622297004 ], [ -46.796480078816359, -23.672332577234304 ], [ -46.796546316529465, -23.672417482817814 ], [ -46.79662065080668, -23.672538766782161 ], [ -46.796642939731228, -23.67258436948331 ], [ -46.796645814454322, -23.672611329273046 ], [ -46.796632910462073, -23.672649034625792 ], [ -46.79658083031196, -23.672754090441966 ], [ -46.796552227773674, -23.672808408489523 ], [ -46.796537849771767, -23.67287429768454 ], [ -46.796528486181025, -23.67293444119786 ], [ -46.796537890733084, -23.672971887779237 ], [ -46.796563833602377, -23.673000927221299 ], [ -46.796601301640763, -23.673039221885791 ], [ -46.796645026770058, -23.673068055040769 ], [ -46.796685924712619, -23.673079316760759 ], [ -46.796715249944874, -23.67307193488751 ], [ -46.796736703325557, -23.673056429026307 ], [ -46.796775859283507, -23.673028981651971 ], [ -46.796794758239514, -23.673015852645968 ], [ -46.796823954478761, -23.673004951406043 ], [ -46.796849415387307, -23.673004656026176 ], [ -46.79687379225669, -23.673013762134381 ], [ -46.796891751597649, -23.673020595463832 ], [ -46.796908610269817, -23.673041524934188 ], [ -46.796924239889165, -23.673067163119455 ], [ -46.796941499794166, -23.673117428291043 ], [ -46.796964060539757, -23.673182888945693 ], [ -46.796983971837555, -23.673243776155797 ], [ -46.796996043303594, -23.673287059829846 ], [ -46.797018234967346, -23.67332553162462 ], [ -46.79726426183236, -23.673965727184637 ], [ -46.797276401748697, -23.673984454411869 ], [ -46.797287918499158, -23.674004904151737 ], [ -46.797301656478055, -23.674022258661505 ], [ -46.797324027877423, -23.674056124134374 ], [ -46.797379558906137, -23.674091049230157 ], [ -46.797454020548507, -23.674121060146046 ], [ -46.797521427873946, -23.674149527893963 ], [ -46.797558647606841, -23.674163720947444 ], [ -46.797592487483044, -23.674190862974207 ], [ -46.797605276702832, -23.674221589609363 ], [ -46.797606380720495, -23.674237285167006 ], [ -46.797631363330026, -23.674261099423553 ], [ -46.797646049647085, -23.674270949817689 ], [ -46.797660286809752, -23.674283423485587 ], [ -46.797669104176549, -23.674301557296289 ], [ -46.797675993999704, -23.674320616259724 ], [ -46.797683475424591, -23.674329737776436 ], [ -46.797696226249833, -23.674345839812528 ], [ -46.797705828995525, -23.674356381152922 ], [ -46.797723163071225, -23.674376582774308 ], [ -46.797734860657535, -23.674392516476196 ], [ -46.797737344817556, -23.67439682098459 ], [ -46.797742853694672, -23.674409486236222 ], [ -46.797746072184317, -23.674420191957971 ], [ -46.797748555801526, -23.674430364541863 ], [ -46.797749927574031, -23.67444199447954 ], [ -46.797756710106562, -23.674465026915133 ], [ -46.797765965145359, -23.674497419560701 ], [ -46.797780666081842, -23.674537874008642 ], [ -46.797821707622653, -23.674589126880658 ], [ -46.797828921342038, -23.67460231400581 ], [ -46.797836547855688, -23.674616128284569 ], [ -46.797847367474112, -23.674632884669435 ], [ -46.797854284360199, -23.674642103007503 ], [ -46.797859824679563, -23.674651156769155 ], [ -46.797865526658235, -23.674660208653933 ], [ -46.797874322384224, -23.674670849628008 ], [ -46.797883447605066, -23.674681938166433 ], [ -46.797892601775253, -23.674689234692856 ], [ -46.797904042636475, -23.674698219954539 ], [ -46.797910718813206, -23.674701663293106 ], [ -46.797919985233065, -23.674705347395342 ], [ -46.797938191051195, -23.674712448560548 ], [ -46.797950364856092, -23.674715918352884 ], [ -46.79796700527281, -23.674720871015932 ], [ -46.797984527400821, -23.674725271773173 ], [ -46.798000240401734, -23.674727436581868 ], [ -46.798008583113429, -23.674728603618906 ], [ -46.798030037465281, -23.674730882326056 ], [ -46.798042893028409, -23.674731003910708 ], [ -46.798055802242231, -23.674729138755918 ], [ -46.798068792284901, -23.674727272661656 ], [ -46.798080403287678, -23.67472506146505 ], [ -46.798091450955859, -23.674723037363883 ], [ -46.798102663988466, -23.674721282175966 ], [ -46.798113715362156, -23.674719528864149 ], [ -46.798126156893872, -23.674718933025119 ], [ -46.798172380120974, -23.674717583851926 ], [ -46.798197000404301, -23.67472081883524 ], [ -46.798220963648646, -23.674729207287793 ], [ -46.798237498014743, -23.674738223661237 ], [ -46.798253076022327, -23.674748244194856 ], [ -46.798269465512391, -23.674764394206459 ], [ -46.798288765060228, -23.674792336840383 ], [ -46.798298462506189, -23.674815696511459 ], [ -46.798313692068291, -23.674871130901984 ], [ -46.798324903448332, -23.674916500815453 ], [ -46.798339905170657, -23.674961194769299 ], [ -46.798356522257457, -23.675005779685577 ], [ -46.79837756036212, -23.675018986808968 ], [ -46.798404613213251, -23.675034561589982 ], [ -46.798458886987298, -23.675077986987667 ], [ -46.798484265628304, -23.675112990956713 ], [ -46.798500025569723, -23.67514810662162 ], [ -46.798513999348614, -23.675188569426506 ], [ -46.798535771813896, -23.675237698624439 ], [ -46.798534798259418, -23.675308307291967 ], [ -46.798537632856664, -23.675373635612861 ], [ -46.798539372970659, -23.675412164091153 ], [ -46.79855912131503, -23.675443351476119 ], [ -46.798571695596387, -23.675476066620906 ], [ -46.798568243351113, -23.675507342884863 ], [ -46.798578699456073, -23.675574297971341 ], [ -46.798584508769615, -23.675608897237794 ], [ -46.798605382022551, -23.675704530005735 ], [ -46.798608216677479, -23.675769858319512 ], [ -46.798603444171029, -23.675840511101647 ], [ -46.79859999810914, -23.675872238683013 ], [ -46.798600530751941, -23.675911142292257 ], [ -46.798597238432755, -23.675948194486747 ], [ -46.798605545089799, -23.675993959211496 ], [ -46.798600289369176, -23.676029318927441 ], [ -46.798598784462641, -23.67606111424201 ], [ -46.798589697091323, -23.676100039297552 ], [ -46.798562410931076, -23.676250488414183 ], [ -46.798565645339728, -23.676280062016591 ], [ -46.798569862071474, -23.676310526989749 ], [ -46.798573517202193, -23.676335401252402 ], [ -46.798579901025235, -23.676370625787733 ], [ -46.798598145134193, -23.676427740395919 ], [ -46.798612144323172, -23.676464140375291 ], [ -46.798626376124538, -23.676499815427757 ], [ -46.798633875787971, -23.6765161589102 ], [ -46.798639017039164, -23.676525578382073 ], [ -46.798652286063515, -23.676549979870856 ], [ -46.798687806685507, -23.676593532672872 ], [ -46.798726385292333, -23.676636056890001 ], [ -46.798737437808313, -23.676652088266362 ], [ -46.798775531956736, -23.676688750030646 ], [ -46.798812442097841, -23.676727501929552 ], [ -46.79881746916751, -23.676734485216375 ], [ -46.798892929618908, -23.67681368520962 ], [ -46.798893832351702, -23.676814667780679 ], [ -46.798919102695116, -23.676841728449588 ], [ -46.798948803414213, -23.676873522378877 ], [ -46.798966363216984, -23.676892457316242 ], [ -46.799005814793226, -23.676921971291712 ], [ -46.799031253302275, -23.676961307783582 ], [ -46.799046312886382, -23.677004285682326 ], [ -46.799061071410435, -23.67704889207895 ], [ -46.799075190717296, -23.677094047566918 ], [ -46.799088778834502, -23.677141737005595 ], [ -46.799099821649378, -23.677186567119062 ], [ -46.799130640815697, -23.677229181362456 ], [ -46.799174042585634, -23.6772519688292 ], [ -46.799216888445123, -23.677275484964987 ], [ -46.799252502351365, -23.677308112903866 ], [ -46.799472157032312, -23.67754434573563 ], [ -46.799492005650798, -23.677588712375226 ], [ -46.799521560641729, -23.677627549546074 ], [ -46.799557013842382, -23.677666137613713 ], [ -46.799595479286204, -23.67770035732817 ], [ -46.799626949546607, -23.677737366660622 ], [ -46.799661253859838, -23.677774704161745 ], [ -46.799693226457521, -23.677812971531221 ], [ -46.799725544659623, -23.677852859878474 ], [ -46.799757872775686, -23.677893470325682 ], [ -46.799779247447752, -23.677937096960363 ], [ -46.79979610795484, -23.677981678834978 ], [ -46.799811273491919, -23.678026460962361 ], [ -46.799836094266979, -23.67806788086531 ], [ -46.799856558388882, -23.678115851407011 ], [ -46.799879358413747, -23.678157294787688 ], [ -46.799911257762794, -23.678196104621325 ], [ -46.799936288939215, -23.678235174833922 ], [ -46.79995552581358, -23.678282076288657 ], [ -46.799970886505477, -23.678329293628707 ], [ -46.799985224044327, -23.678372640910613 ], [ -46.7999923486081, -23.678420585925931 ], [ -46.799996536031585, -23.678466578967825 ], [ -46.800002029133054, -23.67851345961099 ], [ -46.800007657497147, -23.678564310907589 ], [ -46.800008774141411, -23.678616297981744 ], [ -46.800009496525597, -23.678669011861331 ], [ -46.800006737394966, -23.678715446758574 ], [ -46.800002933636506, -23.678762345187607 ], [ -46.800007498836571, -23.678812306061651 ], [ -46.800017197689712, -23.678859318369611 ], [ -46.800023898353587, -23.678905823860426 ], [ -46.80002565343986, -23.678951303504192 ], [ -46.800026940855417, -23.678998052474036 ], [ -46.800028703368241, -23.679044073698044 ], [ -46.800030018002154, -23.679092808463899 ], [ -46.800002234005149, -23.679130145353508 ], [ -46.799976936799105, -23.679171967225869 ], [ -46.799979528649303, -23.679219513533805 ], [ -46.79997586551481, -23.679264875602311 ], [ -46.7999737802444, -23.679313288777045 ], [ -46.799970715093316, -23.679360991118717 ], [ -46.79995746509902, -23.679408811847679 ], [ -46.799943952808512, -23.679455191178747 ], [ -46.799937730245617, -23.679502569109328 ], [ -46.799927769608338, -23.679548546044153 ], [ -46.799929789447802, -23.679595647610928 ], [ -46.799944749867933, -23.679643140425526 ], [ -46.799964431160426, -23.679687057525914 ], [ -46.799965794464498, -23.679733444499398 ], [ -46.799962875858924, -23.679886228564587 ], [ -46.799963832062048, -23.679956002234519 ], [ -46.799959861243956, -23.680008409549508 ], [ -46.799962773171899, -23.680049813237662 ], [ -46.799946651545213, -23.680082771499148 ], [ -46.799928304518964, -23.680124422301539 ], [ -46.799895798557074, -23.680177071025579 ], [ -46.799853619122821, -23.68020816549733 ], [ -46.799830913648407, -23.680262144739139 ], [ -46.799830171566448, -23.680308285350847 ], [ -46.799854290075288, -23.680351518938284 ], [ -46.799858443356243, -23.680389116529049 ], [ -46.799856786957037, -23.680439330271007 ], [ -46.799845762186855, -23.680496152912312 ], [ -46.799843697103178, -23.680540142232065 ], [ -46.799813795414117, -23.680588156501408 ], [ -46.799772253468191, -23.680606785202727 ], [ -46.799754121176271, -23.680652315440206 ], [ -46.799719915585186, -23.680781539512719 ], [ -46.799664452513355, -23.681005531563478 ], [ -46.799658395109311, -23.681171171555498 ], [ -46.79966772403214, -23.681244278469723 ], [ -46.799702788568311, -23.681289822349687 ], [ -46.799729544123331, -23.681360289205855 ], [ -46.799755301459882, -23.681493601041439 ], [ -46.799776409939547, -23.681547251564691 ], [ -46.799816766595697, -23.681636789487179 ], [ -46.799839123503077, -23.68169304354462 ], [ -46.799878920679703, -23.681747650423464 ], [ -46.799933607769255, -23.681797389753878 ], [ -46.799982161889034, -23.681824360065036 ], [ -46.800129922320302, -23.681940364585408 ], [ -46.80018231737354, -23.681993922134033 ], [ -46.800211846833179, -23.682024905220121 ], [ -46.800234992523862, -23.682079705590215 ], [ -46.800227963751588, -23.682150835960883 ], [ -46.800310610413398, -23.682388298766028 ], [ -46.800393851622971, -23.682592442078278 ], [ -46.800545525677876, -23.682875865959378 ], [ -46.800611176160267, -23.682958609469342 ], [ -46.800686065517652, -23.683078349675892 ], [ -46.800764724050858, -23.683184052941883 ], [ -46.800809228776629, -23.683263521451011 ], [ -46.800841923871467, -23.683543002334666 ], [ -46.800862461367089, -23.683631596804705 ], [ -46.800906558792114, -23.683763882514128 ], [ -46.800889534574942, -23.68384894165192 ], [ -46.800829526879596, -23.683941903521266 ], [ -46.800847897364271, -23.684061127360774 ], [ -46.80101899983481, -23.684340262115683 ], [ -46.801231469863502, -23.684511304271755 ], [ -46.801367257054089, -23.684567502233172 ], [ -46.801459838029096, -23.684633050022104 ], [ -46.801556944415196, -23.684680760374441 ], [ -46.801706469478034, -23.684683444014315 ], [ -46.801822287478139, -23.684686610069406 ], [ -46.801866182770581, -23.684721578368674 ], [ -46.802040914411073, -23.684799530788506 ], [ -46.802124161064164, -23.684891818730016 ], [ -46.802259455615278, -23.684965084092234 ], [ -46.802283897638588, -23.684966966230878 ], [ -46.802308405630797, -23.684967764264965 ], [ -46.802332847654746, -23.6849696463958 ], [ -46.802357213799517, -23.684971890516991 ], [ -46.802381356023055, -23.684975491406952 ], [ -46.802405659918456, -23.684979090410941 ], [ -46.802429798427141, -23.684982420503299 ], [ -46.802452395808388, -23.684991275474736 ], [ -46.802475694691601, -23.684998226443554 ], [ -46.802499304528276, -23.685004271011298 ], [ -46.802523454194507, -23.685008413458238 ], [ -46.802547964671369, -23.685009391980397 ], [ -46.802572449127332, -23.685008474969546 ], [ -46.802596887442384, -23.685010086268107 ], [ -46.802621259791877, -23.685012781663424 ], [ -46.802644710443786, -23.685019008617338 ], [ -46.802668013057627, -23.685026230346111 ], [ -46.802688951330801, -23.685037903208659 ], [ -46.802709812489709, -23.685049847799196 ], [ -46.802731147512056, -23.685060974369719 ], [ -46.802750973927338, -23.685074104612994 ], [ -46.802769928505832, -23.685088508893255 ], [ -46.802791105586039, -23.685099908127114 ], [ -46.802813227910029, -23.685109490796886 ], [ -46.802835667382539, -23.685118618381704 ], [ -46.802857948904922, -23.685128018635545 ], [ -46.80288085728511, -23.685135967143001 ], [ -46.802904702231693, -23.685141467242548 ], [ -46.802929129417819, -23.685142266117431 ], [ -46.80295362132771, -23.68514189062455 ], [ -46.802978115715945, -23.685141695654348 ], [ -46.803002495804627, -23.685139064513422 ], [ -46.803026986473462, -23.685138598745731 ], [ -46.803051477141842, -23.685138132974153 ], [ -46.803076073434198, -23.685139471522575 ], [ -46.803100287859799, -23.68514243951298 ], [ -46.803124514681045, -23.685146310132126 ], [ -46.803148200445108, -23.685151992602826 ], [ -46.80317142226987, -23.68515921519402 ], [ -46.803194718734801, -23.685165985523785 ], [ -46.803217785090929, -23.685173661306951 ], [ -46.80330722201586, -23.685216223726695 ], [ -46.80338103170623, -23.685257072289623 ], [ -46.803397990281361, -23.685273305291386 ], [ -46.803412470231912, -23.685291553272133 ], [ -46.803427429001424, -23.685309344285326 ], [ -46.803442711117334, -23.685327131530329 ], [ -46.803458949627434, -23.685343914578308 ], [ -46.803476469113747, -23.685359779925641 ], [ -46.803494385343761, -23.685375098983034 ], [ -46.803511903598739, -23.685390874062549 ], [ -46.803528783851441, -23.685407288515812 ], [ -46.803545742464429, -23.685423521498794 ], [ -46.803565571490701, -23.685436832155293 ], [ -46.803586193999479, -23.685449050233174 ], [ -46.803608003010147, -23.685459358654477 ], [ -46.803630675179377, -23.685467761185649 ], [ -46.803654211746164, -23.685474348089553 ], [ -46.803677817991804, -23.685480121678939 ], [ -46.803701278686646, -23.68548707057008 ], [ -46.803724343884852, -23.685494656008977 ], [ -46.803748254880198, -23.685499071871686 ], [ -46.803772410863779, -23.685503665431657 ], [ -46.803796092994503, -23.685509077007637 ], [ -46.803820089789724, -23.685513852970018 ], [ -46.803844311733464, -23.685517362417958 ], [ -46.803868534918251, -23.685520962125242 ], [ -46.803892602632928, -23.685525015028464 ], [ -46.803916824579879, -23.685528524464804 ], [ -46.80394132894839, -23.68552905144357 ], [ -46.803965902991742, -23.685528765107609 ], [ -46.803990325284175, -23.685529202757298 ], [ -46.80401476493811, -23.685530904088083 ], [ -46.80403876050277, -23.6855355897526 ], [ -46.804062059551576, -23.685542540471122 ], [ -46.804085281487446, -23.685549762917553 ], [ -46.804109354172468, -23.685554176839162 ], [ -46.804133270148292, -23.685558953693729 ], [ -46.804157709808031, -23.685560655001481 ], [ -46.80418215442905, -23.685562717358174 ], [ -46.80420652565639, -23.685565322232193 ], [ -46.80423066678005, -23.685568832560456 ], [ -46.804254429772264, -23.685574243122328 ], [ -46.804278123093205, -23.685580466991301 ], [ -46.804301808974259, -23.685586149277331 ], [ -46.80432556825081, -23.685591289038314 ], [ -46.80434918198214, -23.685597604101293 ], [ -46.804372636524839, -23.685604101571126 ], [ -46.804396632111875, -23.685608787178516 ], [ -46.804420165013347, -23.68561510317236 ], [ -46.804443697916852, -23.685621419162501 ], [ -46.804467075353138, -23.685628188349195 ], [ -46.804489277469393, -23.685637679560518 ], [ -46.804511797969688, -23.685646805946945 ], [ -46.804534391865772, -23.685655389808552 ], [ -46.804556911131371, -23.685664425924841 ], [ -46.804579269968926, -23.685673554185268 ], [ -46.804600921136242, -23.685684135133318 ], [ -46.804622018862126, -23.68569562530568 ], [ -46.804643748390859, -23.685706024778685 ], [ -46.804663735512925, -23.685719062610566 ], [ -46.804684675299775, -23.685730825447742 ], [ -46.804706088939426, -23.685741770259458 ], [ -46.804727266278277, -23.685753169210798 ], [ -46.804748601570317, -23.685764295484827 ], [ -46.804768826255888, -23.685776969422236 ], [ -46.80478873504606, -23.685790188705127 ], [ -46.804809672373352, -23.685801770997564 ], [ -46.804829979146781, -23.685814534247037 ], [ -46.804850839367653, -23.685826388265269 ], [ -46.804872175922029, -23.685837604783977 ], [ -46.804892875719219, -23.685849550943992 ], [ -46.80491460529305, -23.685859950375903 ], [ -46.804937359679847, -23.685868442026653 ], [ -46.804960270777919, -23.685876570736358 ], [ -46.804982709271599, -23.68588560772875 ], [ -46.805005304476595, -23.685894281780147 ], [ -46.80502852775868, -23.68590159434093 ], [ -46.805051591853122, -23.685909089309337 ], [ -46.805075280301232, -23.685914951997397 ], [ -46.805099198849959, -23.685919909222633 ], [ -46.805122734316235, -23.685926405630259 ], [ -46.805146343174982, -23.685932359512705 ], [ -46.805169488116292, -23.685939853520239 ], [ -46.805192864399096, -23.685946532328135 ], [ -46.805215853878202, -23.685954479529276 ], [ -46.805239538617244, -23.685960071401762 ], [ -46.805262917388518, -23.685966930724913 ], [ -46.80528614069533, -23.685974243245308 ], [ -46.805309281927585, -23.685981466441536 ], [ -46.805332506480156, -23.685988869217791 ], [ -46.805355647717107, -23.685996092406754 ], [ -46.80537800914226, -23.686005401070872 ], [ -46.8054002897345, -23.686014710674215 ], [ -46.805422809114098, -23.686023746656691 ], [ -46.805445875731067, -23.686031422089819 ], [ -46.805465493872944, -23.6860352557981 ], [ -46.805489987154402, -23.686034970157259 ], [ -46.805514545136091, -23.686033510149098 ], [ -46.805538764879017, -23.686030970750458 ], [ -46.805563056768179, -23.68602779856343 ], [ -46.805587259131421, -23.686023995473526 ], [ -46.8056112911325, -23.686019562423567 ], [ -46.805621665589463, -23.686015559490375 ], [ -46.805823571079607, -23.686070350267475 ], [ -46.805848051948686, -23.686069161938466 ], [ -46.805869157858382, -23.686057721327206 ], [ -46.805887546522214, -23.686042701305229 ], [ -46.805911757565269, -23.68603953000677 ], [ -46.805935215973278, -23.686046298019232 ], [ -46.805959354730248, -23.686049627543159 ], [ -46.805983941258589, -23.686050243512163 ], [ -46.806008425845206, -23.686049325947401 ], [ -46.806032457831947, -23.686044892832637 ], [ -46.806136458802506, -23.685988249126382 ], [ -46.806161034143585, -23.685988052699994 ], [ -46.806185533614993, -23.68598821826517 ], [ -46.806209962183544, -23.685989106874345 ], [ -46.806234399443824, -23.685990627321313 ], [ -46.806258616547176, -23.68599377532945 ], [ -46.806280348723554, -23.68600435508753 ], [ -46.806300812363773, -23.686016755194416 ], [ -46.806321752330867, -23.686028517797784 ], [ -46.806341341684828, -23.686042011430544 ], [ -46.80636386236597, -23.686051137534886 ], [ -46.806385431646056, -23.686061628900294 ], [ -46.806407084248903, -23.686072299845449 ], [ -46.806428103827798, -23.686083971226964 ], [ -46.806447852388587, -23.686097282432375 ], [ -46.806467364654729, -23.686111047780113 ], [ -46.806484802511562, -23.686126823437128 ], [ -46.806501522784082, -23.686143329685777 ], [ -46.806518961891186, -23.686159195601462 ], [ -46.806538394579754, -23.686173052145453 ], [ -46.806557266388261, -23.686187276342004 ], [ -46.806575105961969, -23.686202866744875 ], [ -46.806592545085799, -23.68621873265112 ], [ -46.806611498984552, -23.686233046159991 ], [ -46.806631486367877, -23.686246083720079 ], [ -46.806652504751519, -23.686257664804867 ], [ -46.806674630003037, -23.686267427418333 ], [ -46.80669706866567, -23.686276464150438 ], [ -46.806720211256938, -23.686283777390489 ], [ -46.806743434686581, -23.686291089683529 ], [ -46.806766577282566, -23.686298402916318 ], [ -46.806790188750142, -23.686304537065197 ], [ -46.806813567648312, -23.686311396145104 ], [ -46.806836241382271, -23.686319888447319 ], [ -46.806858602953902, -23.686329196887332 ], [ -46.806875482485964, -23.68634552067773 ], [ -46.806888922094139, -23.686364502663452 ], [ -46.806905082805102, -23.686381466782578 ], [ -46.806922122779753, -23.686397698417021 ], [ -46.806936670598731, -23.68640908414881 ], [ -46.807101468304324, -23.686469813230865 ], [ -46.807130717052146, -23.686486082885999 ], [ -46.807159110237045, -23.686498931975496 ], [ -46.807185590775077, -23.686507921451792 ], [ -46.807212510201545, -23.68652530161167 ], [ -46.807246693706524, -23.686541784470599 ], [ -46.807271862164512, -23.686555303125179 ], [ -46.807311124617961, -23.686576601665493 ], [ -46.807331908056206, -23.686588727059906 ], [ -46.807352371880889, -23.686601127015219 ], [ -46.80737267776442, -23.686613799644118 ], [ -46.807392268551062, -23.686627383393969 ], [ -46.807410185389294, -23.686642701957208 ], [ -46.807427226701186, -23.686659023792679 ], [ -46.807442666203428, -23.686676447657486 ], [ -46.807457628147745, -23.686694418761242 ], [ -46.807471465844252, -23.686712944654275 ], [ -46.807486426554263, -23.68673082549164 ], [ -46.807503467887265, -23.686747147317263 ], [ -46.80752050798192, -23.686763378877675 ], [ -46.807540813906343, -23.686776051481736 ], [ -46.807562305041003, -23.686786724139019 ], [ -46.80758451127916, -23.686796485668356 ], [ -46.807723520637815, -23.686839730474578 ], [ -46.807747744132072, -23.686843329552659 ], [ -46.807772034793189, -23.686845934789829 ], [ -46.807796411262473, -23.686848900131206 ], [ -46.807820020382174, -23.686854853587551 ], [ -46.807842772617761, -23.686863164262039 ], [ -46.807864899293754, -23.686873016955975 ], [ -46.807886391710845, -23.686883779828555 ], [ -46.80790295306511, -23.686900468321614 ], [ -46.807916150369039, -23.686919453036325 ], [ -46.807927903808448, -23.686939267109057 ], [ -46.807939738087924, -23.686959080236594 ], [ -46.807951571128207, -23.686978803099944 ], [ -46.807964207564481, -23.686998155469723 ], [ -46.807978367467037, -23.687016587271238 ], [ -46.807994207537234, -23.687033735563986 ], [ -46.808013480074493, -23.687047684054981 ], [ -46.808034420349586, -23.687059446405712 ], [ -46.808055676516133, -23.687070663399048 ], [ -46.808077168980496, -23.687081426241932 ], [ -46.808098978578947, -23.687091733990194 ], [ -46.808119682573974, -23.687103950475738 ], [ -46.808139272264917, -23.687117443858032 ], [ -46.808160452584907, -23.687129022831854 ], [ -46.808182259711089, -23.68713915004146 ], [ -46.80820422602725, -23.687149094833458 ], [ -46.808227214629362, -23.687156951299077 ], [ -46.808251055141639, -23.687162089485458 ], [ -46.808275129463013, -23.687166592994544 ], [ -46.808299200056311, -23.687170825710833 ], [ -46.808323116436974, -23.687175601889631 ], [ -46.808346805227927, -23.687181464053111 ], [ -46.808579201117148, -23.687272005914444 ], [ -46.808603240617437, -23.687285718081522 ], [ -46.808619220091892, -23.687301239680661 ], [ -46.808643285728365, -23.687310979326202 ], [ -46.808680834909275, -23.687319387830236 ], [ -46.808700621201758, -23.687323670536184 ], [ -46.808719972202226, -23.687337437461146 ], [ -46.808738448925979, -23.687352297927955 ], [ -46.808757960364211, -23.687365972695755 ], [ -46.808777709342223, -23.687379283575556 ], [ -46.808797220788399, -23.687392958337863 ], [ -46.808818556661762, -23.687404084011213 ], [ -46.808840286773318, -23.687414482855203 ], [ -46.808863745551328, -23.687421250398359 ], [ -46.80888773785486, -23.687425664489389 ], [ -46.808911650566735, -23.687430169784079 ], [ -46.808935497366683, -23.687435759174907 ], [ -46.808959183738793, -23.687441440714014 ], [ -46.808981937382498, -23.687449841472745 ], [ -46.809003984641414, -23.687459785199362 ], [ -46.809025002169676, -23.687471275672603 ], [ -46.809046734794386, -23.687481855011711 ], [ -46.809068937517885, -23.687491345524464 ], [ -46.809092082922383, -23.687498838913445 ], [ -46.809115458401891, -23.687505426835436 ], [ -46.809138915963935, -23.687512104071999 ], [ -46.809162372284369, -23.68751869104193 ], [ -46.809185749014034, -23.687525369215795 ], [ -46.80920881732483, -23.687533134319974 ], [ -46.80923211570996, -23.687539993957078 ], [ -46.809254788549111, -23.687548395618204 ], [ -46.809277778518421, -23.687556342182187 ], [ -46.809301773344018, -23.687560936732435 ], [ -46.809326149964527, -23.687563901822354 ], [ -46.80935029029532, -23.687567321057333 ], [ -46.809374792517268, -23.687567666625149 ], [ -46.809399293495126, -23.687567921926142 ], [ -46.809423884017157, -23.687568808118861 ], [ -46.809448233273159, -23.687569787405092 ], [ -46.809472826283283, -23.687570854115819 ], [ -46.809497260108174, -23.687572103238193 ], [ -46.809521774769934, -23.687573351411782 ], [ -46.809546206107129, -23.687574420000537 ], [ -46.809570709572739, -23.687574855800115 ], [ -46.809595203085664, -23.687574569492526 ], [ -46.809619675448708, -23.687572748711613 ], [ -46.809644241088513, -23.687571829611006 ], [ -46.809668640077867, -23.687570551344798 ], [ -46.80969319825153, -23.687569090659021 ], [ -46.809717322381331, -23.68756546838458 ], [ -46.809741434067817, -23.687560943477418 ], [ -46.809765130371424, -23.687555610925518 ], [ -46.809788814230828, -23.687549375741078 ], [ -46.809812251845145, -23.687542872599543 ], [ -46.809835861084061, -23.687537089667693 ], [ -46.809860250108933, -23.687535089268589 ], [ -46.809884757297461, -23.68753579580752 ], [ -46.809908985933667, -23.687539755587089 ], [ -46.809932672356311, -23.687545436973391 ], [ -46.809956360025069, -23.687551208618817 ], [ -46.809980659547477, -23.687554445338623 ], [ -46.810005089635311, -23.687555423591999 ], [ -46.810029578161242, -23.687554776164372 ], [ -46.81005407041981, -23.687554399521552 ], [ -46.810078566411164, -23.687554293663517 ], [ -46.810103141994425, -23.687554096593527 ], [ -46.810127637985119, -23.687553990727732 ], [ -46.810152145175572, -23.687554697224005 ], [ -46.810176657343888, -23.687555764767904 ], [ -46.810201086186716, -23.687556652727363 ], [ -46.810225595866243, -23.6875575397377 ], [ -46.810250032176299, -23.687558969266668 ], [ -46.810274543100554, -23.687559946532087 ], [ -46.810299129883319, -23.687560561796804 ], [ -46.810323628361978, -23.687560636425669 ], [ -46.810348123106621, -23.687560440262022 ], [ -46.810372617850909, -23.687560244094513 ], [ -46.810397112594849, -23.687560047923117 ], [ -46.810421527746435, -23.687559942956071 ], [ -46.810446027468309, -23.687560107828432 ], [ -46.810470616739295, -23.687560903591574 ], [ -46.810495055539242, -23.687562513607389 ], [ -46.810519500563039, -23.687564574933599 ], [ -46.810543788892964, -23.687566999198179 ], [ -46.810568296083353, -23.687567705628258 ], [ -46.810592876641813, -23.687567869531829 ], [ -46.810617375118653, -23.687567944114072 ], [ -46.81064187484003, -23.687568108955311 ], [ -46.810666301193407, -23.68756881631527 ], [ -46.810690810873048, -23.68756970325159 ], [ -46.810715305614643, -23.687569507029753 ], [ -46.810739882437367, -23.687569400121369 ], [ -46.810764378423151, -23.687569294154631 ], [ -46.810788852000577, -23.687567563452692 ], [ -46.810813239760833, -23.687565472641083 ], [ -46.810837723295748, -23.687564464034288 ], [ -46.810862215544589, -23.687564087263571 ], [ -46.810886718997644, -23.687564522854593 ], [ -46.811097077214022, -23.687499138688253 ], [ -46.811115877078358, -23.687484654920301 ], [ -46.811135828572063, -23.687471602115647 ], [ -46.811157181675817, -23.687460519013609 ], [ -46.811179445145228, -23.687450959973866 ], [ -46.81120038409771, -23.687439159492303 ], [ -46.811217546043387, -23.687423160159963 ], [ -46.81123807333416, -23.687410822825537 ], [ -46.811259591827344, -23.68740000860738 ], [ -46.811281774441802, -23.687390450499699 ], [ -46.811305715635463, -23.687385295405726 ], [ -46.811329241437335, -23.687379332671814 ], [ -46.811352506048401, -23.687372018829535 ], [ -46.811376363908145, -23.687366684145172 ], [ -46.811400492916988, -23.687363422664628 ], [ -46.811424991346904, -23.687363497121314 ], [ -46.811449293344502, -23.687366914136085 ], [ -46.811473801737343, -23.68736771068756 ], [ -46.811498288958958, -23.687366972767233 ], [ -46.811522675417429, -23.687364791583892 ], [ -46.811546967338955, -23.687361618451742 ], [ -46.811571090113631, -23.687357905630812 ], [ -46.811595118350468, -23.687353200861232 ], [ -46.811619154058022, -23.687349037664887 ], [ -46.811643098963614, -23.687344153308398 ], [ -46.811667479186418, -23.687341520788586 ], [ -46.811691782308017, -23.687339159999432 ], [ -46.811716255819945, -23.687337429154116 ], [ -46.811740547729585, -23.687334255992162 ], [ -46.811764583427468, -23.68733009277371 ], [ -46.811788616632441, -23.687325749026012 ], [ -46.811812733163144, -23.687321584854217 ], [ -46.811868122045787, -23.687310374150744 ], [ -46.811892632917079, -23.687311351161966 ], [ -46.811916013455253, -23.687318299705673 ], [ -46.811937743766244, -23.687328698100661 ], [ -46.811958287693457, -23.687341006203184 ], [ -46.811978355325692, -23.687353951819173 ], [ -46.811999375559104, -23.687365622399266 ], [ -46.812023599220581, -23.687369220794647 ], [ -46.812048102627806, -23.687369656203742 ], [ -46.812072494054433, -23.687367835985444 ], [ -46.812096614317909, -23.687363942557877 ], [ -46.812120730842317, -23.687359778338259 ], [ -46.812144676971393, -23.68735498416795 ], [ -46.812169146737645, -23.687352982462844 ], [ -46.812193545633207, -23.687351703802456 ], [ -46.812217082880792, -23.687358289355561 ], [ -46.812236752586109, -23.687371690981589 ], [ -46.812256342704814, -23.687385183813916 ], [ -46.812271681988001, -23.687395295865919 ], [ -46.812415601065119, -23.687407513733408 ], [ -46.812439600922033, -23.687412468843178 ], [ -46.812463442845697, -23.687417696630227 ], [ -46.812487516065922, -23.687422109209308 ], [ -46.812511585549302, -23.687426250996257 ], [ -46.812534881559728, -23.687432929601233 ], [ -46.81255747995052, -23.687441783026994 ], [ -46.81257984081924, -23.68745100033971 ], [ -46.812602122100579, -23.687460308858242 ], [ -46.812624091254307, -23.687470433524158 ], [ -46.81264566370583, -23.687481104495838 ], [ -46.812666366898178, -23.687493230080062 ], [ -46.812686990503934, -23.687505446870574 ], [ -46.81270745493282, -23.687517846076652 ], [ -46.812727998955751, -23.687530154070458 ], [ -46.812749412244294, -23.687541007445059 ], [ -46.812771382668096, -23.687551222351214 ], [ -46.812793743568818, -23.687560439630847 ], [ -46.812816340750651, -23.687569202753497 ], [ -46.812838700410914, -23.687578329763479 ], [ -46.812861691810596, -23.687586366044091 ], [ -46.812886189019963, -23.687586350004093 ], [ -46.812910401343544, -23.687583267866842 ], [ -46.812934602448408, -23.687579373361185 ], [ -46.812958990152296, -23.687577282213326 ], [ -46.812983482373248, -23.687576905107065 ], [ -46.813007988304371, -23.687577520887061 ], [ -46.813031831521258, -23.687582838845948 ], [ -46.813054507064088, -23.687591420460404 ], [ -46.813075051128266, -23.687603728405328 ], [ -46.813095990653544, -23.687615399774405 ], [ -46.813118273241386, -23.687624798477195 ], [ -46.813141957290178, -23.687630298837284 ], [ -46.813166557778587, -23.687631906534769 ], [ -46.813190954211663, -23.687630447189104 ], [ -46.813215395520174, -23.687632237297848 ], [ -46.813239466303962, -23.687636469230412 ], [ -46.813262767368002, -23.687643508771998 ], [ -46.813285598374314, -23.68765163714367 ], [ -46.813308037666722, -23.687660672873307 ], [ -46.813331261641444, -23.687667984139082 ], [ -46.813355701710641, -23.687669683962383 ], [ -46.81337992420405, -23.687673191876879 ], [ -46.813404073342092, -23.687677242310698 ], [ -46.813427681559602, -23.687683104623463 ], [ -46.813450668020948, -23.687690779762267 ], [ -46.81347152924733, -23.687702632549879 ], [ -46.813485929986541, -23.687720880427648 ], [ -46.81349728387422, -23.687740969542524 ], [ -46.813508233582461, -23.687761063391143 ], [ -46.813516451057019, -23.687782362850996 ], [ -46.813526679476183, -23.68780291653411 ], [ -46.813539877659316, -23.687821900711842 ], [ -46.813558434549456, -23.687836669354997 ], [ -46.813579611674363, -23.687847976761571 ], [ -46.813603302012567, -23.687853928360763 ], [ -46.813627592912241, -23.687856532659847 ], [ -46.813651814197826, -23.687859950266422 ], [ -46.813671407019406, -23.687873623430836 ], [ -46.813685647379074, -23.687891963443622 ], [ -46.813694025317972, -23.687913170734607 ], [ -46.81369869724012, -23.687935324217268 ], [ -46.81370530425788, -23.687957093919028 ], [ -46.813714405994673, -23.687978021896505 ], [ -46.81372519657782, -23.687998298145509 ], [ -46.81373518253767, -23.688018854652523 ], [ -46.813748061167409, -23.688038113385289 ], [ -46.813764382114805, -23.68805489429818 ], [ -46.813782221507793, -23.688070393536087 ], [ -46.813798384530976, -23.688087447127163 ], [ -46.81381334622921, -23.688105327287555 ], [ -46.813828787964496, -23.688122840712559 ], [ -46.813845669802646, -23.688139253934661 ], [ -46.813860551923611, -23.68815722529947 ], [ -46.813867398998035, -23.688178811624514 ], [ -46.81391578838835, -23.688222751345016 ], [ -46.814022129157692, -23.688329747750831 ], [ -46.814128936489688, -23.688499752153838 ], [ -46.814186382139816, -23.688631515724936 ], [ -46.814363197077817, -23.688672144634662 ], [ -46.814559799201646, -23.68864104179837 ], [ -46.814656547711799, -23.688615532849372 ], [ -46.814742656154067, -23.688604051273014 ], [ -46.814815548852025, -23.688548940109076 ], [ -46.814894081277735, -23.688545040279671 ], [ -46.815078443112512, -23.688435629365124 ], [ -46.815195999981086, -23.68838306376761 ], [ -46.815459533257055, -23.688304321098347 ], [ -46.815618468655536, -23.688233033923108 ], [ -46.815827989632922, -23.688078007913269 ], [ -46.815945284295054, -23.687994840868431 ], [ -46.816046525102998, -23.687920077298056 ], [ -46.816123956469163, -23.6878483013056 ], [ -46.816388322199302, -23.687742193365402 ], [ -46.816533880890326, -23.687668353936868 ], [ -46.816618104261849, -23.687655087928842 ], [ -46.81682454139073, -23.687604547578189 ], [ -46.817087522264174, -23.6874451911969 ], [ -46.817370716017216, -23.687239194635847 ], [ -46.817627307116268, -23.687120627420025 ], [ -46.817716384757055, -23.687101796933884 ], [ -46.817871130896663, -23.687171930811378 ], [ -46.817999673800699, -23.687241469470777 ], [ -46.818160408755276, -23.687335365883857 ], [ -46.818250762283434, -23.687402825067533 ], [ -46.818591134067432, -23.687320827542063 ], [ -46.818689999236923, -23.687354874203216 ], [ -46.818713999250704, -23.687359828325892 ], [ -46.818737758007984, -23.687364875556213 ], [ -46.818761758024898, -23.687369829671255 ], [ -46.818786052629285, -23.687372703947233 ], [ -46.818810342232894, -23.687375217169521 ], [ -46.818834786006974, -23.687377186913793 ], [ -46.818859226030249, -23.687378885866803 ], [ -46.818883295635132, -23.687383026650785 ], [ -46.818907597746019, -23.687386442482026 ], [ -46.818931815270339, -23.687389588471842 ], [ -46.81895603779752, -23.687393095507566 ], [ -46.818980261576243, -23.687396692801837 ], [ -46.819004561190056, -23.68739992809267 ], [ -46.819028930386047, -23.687402350067806 ], [ -46.819053361660387, -23.687403417152648 ], [ -46.819077863766374, -23.68740376118425 ], [ -46.819102355867443, -23.687403383112485 ], [ -46.81912685046931, -23.687403185561699 ], [ -46.819151345070829, -23.687402988007051 ], [ -46.819175902999099, -23.68740152582458 ], [ -46.819199595034739, -23.687395921065644 ], [ -46.819223369154919, -23.687390405615705 ], [ -46.819247407043022, -23.687386421773674 ], [ -46.819271780780994, -23.687383336752436 ], [ -46.819296073681429, -23.687380252677386 ], [ -46.819320109063185, -23.687376088299459 ], [ -46.819343460231487, -23.687369223645138 ], [ -46.819366308869647, -23.687361101013579 ], [ -46.81938957169158, -23.687353695728085 ], [ -46.819412589500772, -23.687346112764502 ], [ -46.819435271454537, -23.687337630973616 ], [ -46.819458034241244, -23.687329148229534 ], [ -46.819480632850961, -23.687320486857569 ], [ -46.81950365064823, -23.687312903881086 ], [ -46.819527082629982, -23.68730603825021 ], [ -46.819550773378893, -23.687300343177 ], [ -46.819574807484337, -23.687296088498446 ], [ -46.819598749493544, -23.687291022404665 ], [ -46.819622526075719, -23.687285687420328 ], [ -46.819646555171531, -23.687281071681298 ], [ -46.819670946389884, -23.687279250272628 ], [ -46.819695509287321, -23.687278149059072 ], [ -46.819719998854097, -23.687277590366264 ], [ -46.819744428851834, -23.687278567080668 ], [ -46.819767651795168, -23.687285787100492 ], [ -46.819788038455755, -23.687298366806562 ], [ -46.819808662624006, -23.687310582609381 ], [ -46.819829445965929, -23.687322615983888 ], [ -46.819861932955028, -23.687362407399551 ], [ -46.819879134986522, -23.687378545336379 ], [ -46.81989848706732, -23.687392310790976 ], [ -46.819919110009039, -23.687404436314985 ], [ -46.819940446716572, -23.687415560396886 ], [ -46.819964444272429, -23.687420333797206 ], [ -46.8199868749304, -23.687411222941176 ], [ -46.820005345374398, -23.687396380905628 ], [ -46.820020215233434, -23.68737842149995 ], [ -46.820034514231011, -23.687360107695977 ], [ -46.820049058235369, -23.687341971564571 ], [ -46.820064745201762, -23.687324634488299 ], [ -46.82008174055585, -23.687308365353243 ], [ -46.820101442284255, -23.687294862987702 ], [ -46.820125390523479, -23.687290248125624 ], [ -46.820149078481009, -23.687296018186213 ], [ -46.820172301445368, -23.68730323814372 ], [ -46.820193480236703, -23.687314634878568 ], [ -46.820210122704026, -23.687331230741535 ], [ -46.820224043028198, -23.687349754427935 ], [ -46.820236681241624, -23.687369105681611 ], [ -46.820249399043604, -23.687388365721141 ], [ -46.820261556002357, -23.687407993462184 ], [ -46.82027611802561, -23.687426148489436 ], [ -46.820295153064485, -23.687440369005166 ], [ -46.820315697713646, -23.687452675948787 ], [ -46.820337664879169, -23.687462618958389 ], [ -46.820361119127206, -23.687469023672076 ], [ -46.820384112138647, -23.687477149070343 ], [ -46.820402827605982, -23.687491644160851 ], [ -46.820413699979611, -23.687511918933172 ], [ -46.820423606077334, -23.687532475898372 ], [ -46.820431825882324, -23.687553865186011 ], [ -46.820438916486616, -23.687575448305807 ], [ -46.820449621810162, -23.687647814915824 ], [ -46.820483130198028, -23.687603817043716 ], [ -46.820511850972046, -23.687564389320563 ], [ -46.82055138448213, -23.68751761226892 ], [ -46.820590799579733, -23.687468128288504 ], [ -46.8206311707034, -23.687429285751147 ], [ -46.820674923149525, -23.687389410389592 ], [ -46.820712310073603, -23.687356922324838 ], [ -46.820756461644052, -23.687316681139905 ], [ -46.820791613185435, -23.687292073454046 ], [ -46.820826725908461, -23.687264667628064 ], [ -46.820858778837511, -23.68723233254472 ], [ -46.820880705257522, -23.687204359586179 ], [ -46.820900439083935, -23.687175690197915 ], [ -46.820904544752047, -23.687139440800628 ], [ -46.820894629697783, -23.687089092538891 ], [ -46.82087944313853, -23.687055056152339 ], [ -46.82086140586155, -23.687031164325806 ], [ -46.820816568846894, -23.686998650274123 ], [ -46.820762333946675, -23.686982225781424 ], [ -46.820700378875181, -23.686968780930773 ], [ -46.820648527037825, -23.686955126959692 ], [ -46.820614172984996, -23.686926461752655 ], [ -46.820595306138721, -23.68690104493686 ], [ -46.820579275761801, -23.686858622669462 ], [ -46.820566375976966, -23.686820406607591 ], [ -46.820535859024766, -23.686782758824641 ], [ -46.820506129459368, -23.686761080820311 ], [ -46.820466577999305, -23.686742407174151 ], [ -46.820433198844313, -23.686725737310802 ], [ -46.820402830639921, -23.68671047646836 ], [ -46.820386318111922, -23.686685754155818 ], [ -46.820378156925841, -23.686651093438279 ], [ -46.82038455065139, -23.686610754672728 ], [ -46.820393185244143, -23.686568764569714 ], [ -46.820408790460796, -23.686528046657397 ], [ -46.820432854614694, -23.686485152903533 ], [ -46.820453859009781, -23.686437329885873 ], [ -46.820467909548597, -23.686395276093613 ], [ -46.820475049020082, -23.686350414701128 ], [ -46.820470663834797, -23.686319862331416 ], [ -46.820467181097605, -23.686284424386301 ], [ -46.820465825853638, -23.686244989231522 ], [ -46.820467668242415, -23.686208766451195 ], [ -46.820472639940554, -23.686176659619726 ], [ -46.820475177817372, -23.686143949467731 ], [ -46.820474036065633, -23.686114081174335 ], [ -46.820470531320225, -23.686082886510611 ], [ -46.820460024687577, -23.686048163097009 ], [ -46.820439440681355, -23.686009676264202 ], [ -46.820425762719772, -23.685973635981419 ], [ -46.820410729339351, -23.685938965791113 ], [ -46.820403226897078, -23.685899332083455 ], [ -46.820400437685727, -23.685873094243362 ], [ -46.820400861858623, -23.685845374185227 ], [ -46.820404398556349, -23.685814728661409 ], [ -46.820418643532783, -23.685792533549478 ], [ -46.820441547869287, -23.685770958831284 ], [ -46.820466725591544, -23.685750079594584 ], [ -46.820498980775213, -23.685744012852172 ], [ -46.820531444441308, -23.685747151915724 ], [ -46.820559449438349, -23.685761086378346 ], [ -46.820588279575283, -23.685782052745864 ], [ -46.820611309619373, -23.68580453174873 ], [ -46.820636910344007, -23.685814161169237 ], [ -46.820664107748975, -23.685822327374716 ], [ -46.82068513894535, -23.685840586848716 ], [ -46.820708632017158, -23.685867303413609 ], [ -46.820728305821063, -23.685892620457569 ], [ -46.820751012567783, -23.685915103239328 ], [ -46.820773510818221, -23.685928380206281 ], [ -46.820802047609178, -23.685922357130639 ], [ -46.820828040431842, -23.68590778764661 ], [ -46.820853266929355, -23.685890428581779 ], [ -46.820885386409223, -23.685868745418176 ], [ -46.820914442183316, -23.685853507955915 ], [ -46.820945114652339, -23.685838251473065 ], [ -46.821080614123382, -23.685808942617761 ], [ -46.821104228157694, -23.685797741322801 ], [ -46.821146735056736, -23.685784692797775 ], [ -46.821195174914394, -23.685768053663221 ], [ -46.821229853481952, -23.685744354232543 ], [ -46.821266217216476, -23.685708086457083 ], [ -46.821298700852033, -23.685671864319954 ], [ -46.821335003357362, -23.685619527931223 ], [ -46.821386342689522, -23.685543813425099 ], [ -46.821428161531742, -23.685475342800679 ], [ -46.821477981578461, -23.685418333496145 ], [ -46.821521988293341, -23.685367711968809 ], [ -46.821540892789749, -23.685331739828172 ], [ -46.821542211758711, -23.68528694688327 ], [ -46.821557060871839, -23.685238383665158 ], [ -46.821591690400282, -23.685211163933364 ], [ -46.821639744170582, -23.68517836961929 ], [ -46.821697659742107, -23.685145459252652 ], [ -46.821747890297289, -23.685118055917954 ], [ -46.821768957636699, -23.685098127620865 ], [ -46.821795645943389, -23.685063779125606 ], [ -46.821830051208195, -23.685020402389341 ], [ -46.82185669064237, -23.684982533654495 ], [ -46.821861989752193, -23.684944916039342 ], [ -46.821824601304577, -23.684913127091555 ], [ -46.8217838356762, -23.684911801244017 ], [ -46.821746770340042, -23.684903299957085 ], [ -46.821719187946329, -23.68487320113756 ], [ -46.821685356534005, -23.684818078815098 ], [ -46.821661300411456, -23.684768258090681 ], [ -46.82164899033657, -23.68472010469878 ], [ -46.821648979888963, -23.684649417874017 ], [ -46.821646269775236, -23.684593929361213 ], [ -46.821641775607588, -23.684543878463401 ], [ -46.821639233849083, -23.68450635310656 ], [ -46.821666022256856, -23.684479225623747 ], [ -46.821716673319457, -23.684482150458017 ], [ -46.821772958986124, -23.684483293710358 ], [ -46.821843160540816, -23.684496821704148 ], [ -46.821903579912799, -23.6845103745014 ], [ -46.821956395185744, -23.684529433383062 ], [ -46.822020844917297, -23.684553771951293 ], [ -46.822094993531039, -23.684577906069819 ], [ -46.822161358280702, -23.684600416498142 ], [ -46.822220092643981, -23.684626537509363 ], [ -46.822268817436175, -23.684642123618133 ], [ -46.822327203600956, -23.684643151665075 ], [ -46.822369643007022, -23.684619450929393 ], [ -46.822394466199896, -23.684590540917966 ], [ -46.822395777962285, -23.684551074407437 ], [ -46.822368103474048, -23.684508518557344 ], [ -46.822332432095365, -23.684460640204588 ], [ -46.822293053563996, -23.684425263708928 ], [ -46.822257506242074, -23.684386321304203 ], [ -46.822216119514557, -23.684340225452924 ], [ -46.822166861176157, -23.684297833314176 ], [ -46.822121737834067, -23.68426794100499 ], [ -46.822082515398534, -23.684237979235888 ], [ -46.822058763019655, -23.684204224314815 ], [ -46.822048387197029, -23.684161464816828 ], [ -46.822045676939965, -23.684105976317472 ], [ -46.822048967758725, -23.684057639360059 ], [ -46.822048446751978, -23.684020090232195 ], [ -46.82207518488066, -23.683989352195191 ], [ -46.822108115016619, -23.683985353570293 ], [ -46.822151224343131, -23.68400994324573 ], [ -46.822196347598357, -23.684039835552291 ], [ -46.822264880735403, -23.684072973122593 ], [ -46.822313690323618, -23.684030600359986 ], [ -46.822318795796612, -23.683973214337126 ], [ -46.82235281947596, -23.68386159253831 ], [ -46.822366174320919, -23.683810248256492 ], [ -46.822386622252665, -23.683792313273184 ], [ -46.822455856260554, -23.683759449987633 ], [ -46.822484240387638, -23.683724991152275 ], [ -46.822518992957207, -23.683665901989304 ], [ -46.822565586390638, -23.68366192299078 ], [ -46.822600565659677, -23.683619171289326 ], [ -46.822642676403348, -23.683583467516087 ], [ -46.822656648802209, -23.683564976790876 ], [ -46.822665229748239, -23.683554132805856 ], [ -46.822671109957341, -23.683546751141957 ], [ -46.822683287722597, -23.683527107939771 ], [ -46.822691319167795, -23.683505798284688 ], [ -46.822698538516413, -23.683484227358395 ], [ -46.822707706638099, -23.683463265429452 ], [ -46.822718664370605, -23.683443094925359 ], [ -46.822731167959809, -23.683423628438351 ], [ -46.822743427792027, -23.683404074543077 ], [ -46.822766097602674, -23.683383134214534 ], [ -46.822781373971949, -23.683359572613558 ], [ -46.82279384181502, -23.683343356516687 ], [ -46.822808014675296, -23.68332766200805 ], [ -46.822821808464894, -23.683302131762989 ], [ -46.82283629592159, -23.683274155869974 ], [ -46.8228507294967, -23.683242298697191 ], [ -46.82286182258462, -23.683208585033913 ], [ -46.822874154479635, -23.683176752603057 ], [ -46.822892501295215, -23.68312977308824 ], [ -46.822911036686243, -23.683090555177387 ], [ -46.822933856841139, -23.68305715482515 ], [ -46.822969503132043, -23.683033353377287 ], [ -46.823011481357668, -23.683005595455583 ], [ -46.823040469884241, -23.682962282263951 ], [ -46.823054721049729, -23.682923114782419 ], [ -46.823056362230801, -23.682884095775851 ], [ -46.823030439303963, -23.68284540131852 ], [ -46.82299177232283, -23.682808842999894 ], [ -46.822944725030958, -23.682774279155662 ], [ -46.822893611010848, -23.682749603373235 ], [ -46.822840394700194, -23.682730730054477 ], [ -46.822791299686827, -23.682700072180978 ], [ -46.8227422059486, -23.682669504552678 ], [ -46.822705558727741, -23.682621186360358 ], [ -46.822687988721952, -23.682578511591881 ], [ -46.822689575490656, -23.682541389041223 ], [ -46.822701834061185, -23.682510099148207 ], [ -46.822722632703275, -23.682482500356247 ], [ -46.822751784744341, -23.682445143578029 ], [ -46.822774523407723, -23.682405876200939 ], [ -46.822803351534233, -23.68235100947841 ], [ -46.82282398851347, -23.682311766837465 ], [ -46.82283616374233, -23.682268651622277 ], [ -46.822863970032486, -23.682157644590685 ], [ -46.822905890157983, -23.682015054975384 ], [ -46.822881233723464, -23.681846256325318 ], [ -46.822828508948056, -23.681851120062674 ], [ -46.822788837754509, -23.681841205227549 ], [ -46.82271465697869, -23.681779697036816 ], [ -46.822645982309901, -23.681712978199432 ], [ -46.822666225842212, -23.68154635926512 ], [ -46.822714401103958, -23.681353502007788 ], [ -46.822809258416854, -23.681279622034488 ], [ -46.822815226386233, -23.681243621504787 ], [ -46.822820797054845, -23.681213945046832 ], [ -46.822867394875928, -23.681152098348033 ], [ -46.822885179898101, -23.681134555774761 ], [ -46.822904531444244, -23.681113383674589 ], [ -46.822925539067256, -23.681100858673783 ], [ -46.822948092518644, -23.681089037687723 ], [ -46.822974526553196, -23.681071393279435 ], [ -46.822993877428587, -23.681055998909152 ], [ -46.823010884816149, -23.681034854395495 ], [ -46.823030913699036, -23.681010063223884 ], [ -46.823050235133195, -23.680986724812268 ], [ -46.823074254196548, -23.680969831038016 ], [ -46.823100020843839, -23.680956527766746 ], [ -46.823124150156794, -23.680947577068569 ], [ -46.823153008457375, -23.680935681820273 ], [ -46.823179502577027, -23.680922369970919 ], [ -46.823200480069232, -23.68090767864069 ], [ -46.823216729206329, -23.680890154117098 ], [ -46.823231291529872, -23.680867593938615 ], [ -46.823241983940783, -23.680845801543214 ], [ -46.823244775506858, -23.680819768880088 ], [ -46.823245172188706, -23.680795931065774 ], [ -46.823244851408212, -23.680772823915888 ], [ -46.823242126357989, -23.680745411776996 ], [ -46.82323392353954, -23.680719418293375 ], [ -46.823219507951102, -23.680694310456058 ], [ -46.823199575117741, -23.680673600879061 ], [ -46.823185229709296, -23.680653547726976 ], [ -46.823159072198514, -23.680638689167999 ], [ -46.823131519863381, -23.680628180326124 ], [ -46.823115547811135, -23.680607424102394 ], [ -46.82309724166624, -23.680587417574479 ], [ -46.823077409102154, -23.680573928964503 ], [ -46.823050514109774, -23.680558356851968 ], [ -46.82302446753328, -23.680545663611905 ], [ -46.823003079133684, -23.68053074887591 ], [ -46.822987147205126, -23.68051288103095 ], [ -46.822971993529883, -23.680492837372025 ], [ -46.822946654413656, -23.680478691355656 ], [ -46.822922911891794, -23.680463082105529 ], [ -46.822902261677363, -23.68044310314766 ], [ -46.822880843241322, -23.680426022096857 ], [ -46.822869529424018, -23.680403044355689 ], [ -46.822852709036496, -23.680379409221239 ], [ -46.822838343670213, -23.680357911833767 ], [ -46.82282785822688, -23.680336368770266 ], [ -46.822818100271725, -23.68031481714188 ], [ -46.822810767268017, -23.68029323696647 ], [ -46.822808011007155, -23.680263568253828 ], [ -46.822804477750211, -23.680236165614627 ], [ -46.822799418717381, -23.680209503152902 ], [ -46.82279504708427, -23.680179943732369 ], [ -46.822789129633243, -23.680149680291763 ], [ -46.822784898966169, -23.680124452511034 ], [ -46.822780557405046, -23.680097059385471 ], [ -46.822776226527296, -23.680064610617244 ], [ -46.82277425980697, -23.680033578452225 ], [ -46.822774596453705, -23.680005408039545 ], [ -46.822781288717593, -23.679974996161338 ], [ -46.822801277412587, -23.679947316628745 ], [ -46.822819900671306, -23.679931930850714 ], [ -46.822846233628006, -23.679912843229275 ], [ -46.822875890028477, -23.679900216429481 ], [ -46.822896897468759, -23.679887691442477 ], [ -46.822916268887958, -23.679867963546336 ], [ -46.822938792069706, -23.679853976276881 ], [ -46.822960617831818, -23.67984216386472 ], [ -46.82298238155073, -23.679831706336255 ], [ -46.82300796693584, -23.679811183057016 ], [ -46.823020195755802, -23.679783594855699 ], [ -46.823025988787897, -23.679752471339576 ], [ -46.82303106435932, -23.679722078486598 ], [ -46.82303389605061, -23.679698934217079 ], [ -46.823038253511477, -23.67967504976782 ], [ -46.82304260094832, -23.67965044321986 ], [ -46.823044634997139, -23.679622252824505 ], [ -46.823046578191629, -23.679593341282096 ], [ -46.823050905579805, -23.679567290536664 ], [ -46.823057597114868, -23.679542656390826 ], [ -46.823065935338391, -23.679520169507814 ], [ -46.823076637706912, -23.679499099223897 ], [ -46.823084147568245, -23.679475177659384 ], [ -46.823086909087728, -23.679446978698724 ], [ -46.823099147237691, -23.679425890332283 ], [ -46.823112163625296, -23.679402626152566 ], [ -46.823125966373247, -23.679383595736304 ], [ -46.823139670784812, -23.679351656854703 ], [ -46.823146262063347, -23.679319801719991 ], [ -46.823146699516727, -23.6792930745546 ], [ -46.823146298591396, -23.679264190610056 ], [ -46.823150605907195, -23.67923669566542 ], [ -46.823161258125971, -23.679212014884126 ], [ -46.823169556221572, -23.679186639602534 ], [ -46.823169892794418, -23.67915846919141 ], [ -46.82316722795678, -23.679135389634478 ], [ -46.823163017310897, -23.679111606060637 ], [ -46.823148948536094, -23.679059049887034 ], [ -46.823146730054297, -23.678974937767435 ], [ -46.823116858569996, -23.678925456508523 ], [ -46.823104607179417, -23.678817448801723 ], [ -46.823104277218121, -23.678752904571045 ], [ -46.823037882844844, -23.67871640179343 ], [ -46.822956517188636, -23.678702102841196 ], [ -46.822915908306818, -23.678694455954208 ], [ -46.822789246731581, -23.678695946956395 ], [ -46.822697471657492, -23.678659742783818 ], [ -46.822639289499783, -23.678632441706004 ], [ -46.822630934826847, -23.678589658417788 ], [ -46.822631137372177, -23.678487733184294 ], [ -46.822667157068651, -23.678403532075507 ], [ -46.822715846385123, -23.678323515133272 ], [ -46.822760926581687, -23.678228103275668 ], [ -46.822788058992096, -23.678173437088777 ], [ -46.822836480024762, -23.678085749718694 ], [ -46.822865289107739, -23.678035397084766 ], [ -46.822890925750478, -23.677983637357141 ], [ -46.823015841830781, -23.677932153343061 ], [ -46.823052226181389, -23.677903378003002 ], [ -46.82309197176702, -23.677825542621626 ], [ -46.823134326419051, -23.677749301502836 ], [ -46.823190853876909, -23.677663233864603 ], [ -46.823262980789679, -23.677582760278721 ], [ -46.823326527052274, -23.677524776411374 ], [ -46.823387573215896, -23.677449759588093 ], [ -46.823455433433821, -23.6773822457839 ], [ -46.823579092440461, -23.677292679223378 ], [ -46.823632283425333, -23.677269122473852 ], [ -46.823691883748729, -23.677235559749125 ], [ -46.823803898624327, -23.677198220021172 ], [ -46.824044111770768, -23.677182842301942 ], [ -46.824112699233979, -23.677208485598022 ], [ -46.824163563110496, -23.677238580659687 ], [ -46.824214118041994, -23.677252248917295 ], [ -46.824257376258991, -23.677235308913122 ], [ -46.824298431956819, -23.677205304670085 ], [ -46.824312276836565, -23.677166051605369 ], [ -46.824335916478312, -23.677121898468265 ], [ -46.824363038697967, -23.677084023695087 ], [ -46.824384305476507, -23.6770494678739 ], [ -46.82441178734134, -23.677014206891084 ], [ -46.824439088070832, -23.676971725873344 ], [ -46.824455725625391, -23.67694146760293 ], [ -46.824497367117779, -23.676924546584669 ], [ -46.82453459063008, -23.676921309442559 ], [ -46.824578703521759, -23.676930991016587 ], [ -46.824675476011983, -23.676960364452732 ], [ -46.824783857985196, -23.67699908011739 ], [ -46.824862916561408, -23.677051050866787 ], [ -46.824907621124076, -23.677144051079519 ], [ -46.824967044295704, -23.677173413064953 ], [ -46.825003567410164, -23.677177947886179 ], [ -46.825058394147057, -23.677161593546515 ], [ -46.825088317152762, -23.677139123021217 ], [ -46.825141190473403, -23.677092729423475 ], [ -46.825195570671141, -23.6770442416774 ], [ -46.825232238712886, -23.677012663925968 ], [ -46.825242320943318, -23.676999364647223 ], [ -46.825252205140998, -23.676983449668146 ], [ -46.825252566379298, -23.676957084517689 ], [ -46.825229570292272, -23.676919529480944 ], [ -46.825181469322779, -23.676867194061245 ], [ -46.825135701966069, -23.676831532372937 ], [ -46.825113962389018, -23.676808767940976 ], [ -46.825110427545781, -23.67678127510445 ], [ -46.825122403722091, -23.676747189794099 ], [ -46.825159100426603, -23.676706042358553 ], [ -46.825260978135056, -23.676614113207215 ], [ -46.8253346580223, -23.67655826606298 ], [ -46.825376229027704, -23.676536290136127 ], [ -46.825425828445482, -23.676516115382874 ], [ -46.825478255612829, -23.676495817004813 ], [ -46.825522438191648, -23.676475615796818 ], [ -46.825561772969422, -23.676461430007407 ], [ -46.825596135767007, -23.676444323678481 ], [ -46.825630605181694, -23.6764348896324 ], [ -46.825671725867352, -23.676432870160582 ], [ -46.825726250552677, -23.676441345343555 ], [ -46.825821743413051, -23.676471726202358 ], [ -46.82588334990357, -23.676489506644117 ], [ -46.825943121368859, -23.676520669694337 ], [ -46.825981012139096, -23.676524736781762 ], [ -46.826015544275513, -23.676519815761171 ], [ -46.826113428371912, -23.676448877437881 ], [ -46.826196461149451, -23.676379648897925 ], [ -46.826276305336613, -23.676319485619718 ], [ -46.826355788548156, -23.676227549056676 ], [ -46.826401376634315, -23.6761921644969 ], [ -46.826445473615017, -23.67616582521034 ], [ -46.826468084919711, -23.676129176905615 ], [ -46.826516872956802, -23.676097185100435 ], [ -46.826540452345114, -23.676153420396357 ], [ -46.826596036498266, -23.676191583910551 ], [ -46.826684304427381, -23.676202369069514 ], [ -46.82676001352668, -23.676228559130667 ], [ -46.826817635841692, -23.676285385853831 ], [ -46.826877032405612, -23.67633027506097 ], [ -46.826960651422986, -23.676402051857718 ], [ -46.827005008293483, -23.676423465868602 ], [ -46.827033252671235, -23.676472153049581 ], [ -46.827069741256821, -23.676555589870656 ], [ -46.82719653216806, -23.676703050936784 ], [ -46.827378593950293, -23.676837040362607 ], [ -46.827462300942976, -23.676874420296169 ], [ -46.827552437817474, -23.676862613639535 ], [ -46.82762396384819, -23.676785666059484 ], [ -46.827708435267986, -23.676738537613542 ], [ -46.827822814310743, -23.676679500681395 ], [ -46.828044200239638, -23.676577763449636 ], [ -46.828133618700583, -23.676525972264486 ], [ -46.828282756793051, -23.676443504063503 ], [ -46.828392236549632, -23.676398427220576 ], [ -46.828544617539649, -23.676368913048286 ], [ -46.828669643963359, -23.676360485432351 ], [ -46.828776826805019, -23.676324643694727 ], [ -46.828851274702323, -23.676277633024039 ], [ -46.828883495612061, -23.676251884698804 ], [ -46.829079517069843, -23.676302652462276 ], [ -46.829150398813276, -23.67635950221155 ], [ -46.829287069770501, -23.676461616037106 ], [ -46.829433234139159, -23.676531388732098 ], [ -46.829526686817346, -23.676600971527176 ], [ -46.829624566034674, -23.67663430093258 ], [ -46.829732879298149, -23.676615778340935 ], [ -46.829819751463674, -23.676595974312608 ], [ -46.829970542862931, -23.67663806708229 ], [ -46.830094043614139, -23.676694204295362 ], [ -46.830164508476372, -23.676721086552465 ], [ -46.830324004458511, -23.676848297446373 ], [ -46.830348398083601, -23.676875814404916 ], [ -46.830679556586958, -23.677208452062512 ], [ -46.83070008532097, -23.67724287568625 ], [ -46.83072617019377, -23.677316323493859 ], [ -46.830759065832616, -23.677420204348042 ], [ -46.830782829361205, -23.677541706860506 ], [ -46.830872090082046, -23.677641039398811 ], [ -46.831079435066712, -23.677674608279396 ], [ -46.83115933624935, -23.67767664261671 ], [ -46.831208986726963, -23.677683367922221 ], [ -46.831290688229558, -23.677698561317243 ], [ -46.831321204458682, -23.677712915559354 ], [ -46.831393143797136, -23.677717932788202 ], [ -46.831455504970265, -23.677720174404456 ], [ -46.83150517686795, -23.677728434065664 ], [ -46.831538782833711, -23.677732460164698 ], [ -46.831585365034151, -23.677751047898148 ], [ -46.831614059556188, -23.677750708507642 ], [ -46.831650857179667, -23.677751717697046 ], [ -46.831702166813315, -23.677767270343345 ], [ -46.831732702251351, -23.677777200710718 ], [ -46.831766227403428, -23.677781227715247 ], [ -46.831831965287797, -23.677793720790074 ], [ -46.831881433036081, -23.677793135616906 ], [ -46.831907262217548, -23.677813413176032 ], [ -46.83196162129321, -23.677815749247834 ], [ -46.83201792258086, -23.677795041742009 ], [ -46.832060333483518, -23.677781179032383 ], [ -46.832071606055365, -23.677795309401979 ], [ -46.832113790828984, -23.67778262295149 ], [ -46.832166892619775, -23.677799147281696 ], [ -46.832231202040212, -23.677784574050598 ], [ -46.832368039255826, -23.677747656738976 ], [ -46.832448144443411, -23.677764312830735 ], [ -46.832489814265621, -23.677772666861635 ], [ -46.832606435374558, -23.67788602855817 ], [ -46.832677662439572, -23.677955872328848 ], [ -46.832735870376503, -23.678008085624146 ], [ -46.832781430905705, -23.678063517993237 ], [ -46.832837430143883, -23.678177596965032 ], [ -46.832912463779728, -23.678288471479764 ], [ -46.832989282717094, -23.678417199614231 ], [ -46.833063506455296, -23.678475813390197 ], [ -46.833108125674748, -23.678515909741215 ], [ -46.833146616317741, -23.678539738537687 ], [ -46.833208779695219, -23.678574120286726 ], [ -46.833376702678876, -23.678615465085084 ], [ -46.833474178438166, -23.67866026184377 ], [ -46.833641797920485, -23.678679853247164 ], [ -46.833791345332408, -23.678667339415654 ], [ -46.833873926353242, -23.678693354189033 ], [ -46.833956433047184, -23.678714043470841 ], [ -46.83402426522931, -23.678737524533844 ], [ -46.834048051472138, -23.678756200922617 ], [ -46.834124695437694, -23.678779667849913 ], [ -46.834195217147304, -23.678781540846359 ], [ -46.834292051670921, -23.678780393823299 ], [ -46.834398111409115, -23.678808838489669 ], [ -46.834460502125204, -23.678859466823543 ], [ -46.834563653329965, -23.678888036104066 ], [ -46.834637688882694, -23.678933109799178 ], [ -46.834725826473864, -23.678940190439874 ], [ -46.834761558924733, -23.678974884694263 ], [ -46.834858814838739, -23.678998107019879 ], [ -46.834932623572023, -23.679026933451016 ], [ -46.835032708607592, -23.679050122139305 ], [ -46.835077024675776, -23.679068464794522 ], [ -46.835245202025739, -23.679203150556525 ], [ -46.835282116899378, -23.679299309071759 ], [ -46.835316904913235, -23.679266397159338 ], [ -46.835352179653064, -23.679274103967568 ], [ -46.835426215676414, -23.679319177253124 ], [ -46.835607037324522, -23.679230548831427 ], [ -46.835905828646389, -23.679183764109499 ], [ -46.836087858528799, -23.679181605841315 ], [ -46.836244400762155, -23.679143187565685 ], [ -46.836284355649056, -23.679080874274668 ], [ -46.836345566516819, -23.67900079523875 ], [ -46.836412475111274, -23.678987092207592 ], [ -46.836559262713976, -23.678985351342561 ], [ -46.836682793780575, -23.679002844275935 ], [ -46.836733043400841, -23.679029240962969 ], [ -46.836789043437818, -23.679044826505933 ], [ -46.836959201175731, -23.679031974853412 ], [ -46.837029945116747, -23.679055510296799 ], [ -46.837077436426021, -23.679092772782113 ], [ -46.837133927631612, -23.679143469966736 ], [ -46.837189738375564, -23.679145516115749 ], [ -46.837328320393837, -23.679187114353812 ], [ -46.837413963724906, -23.679223924039071 ], [ -46.837449546660366, -23.679247876492013 ], [ -46.837497038152911, -23.679285138835997 ], [ -46.837540750986477, -23.679260335714698 ], [ -46.837567220377736, -23.679262729906213 ], [ -46.837605674093254, -23.679283849679987 ], [ -46.837656492277084, -23.679350863764807 ], [ -46.837721303048035, -23.679366344395856 ], [ -46.837733293717591, -23.67937974357794 ], [ -46.837794962230682, -23.67938442828024 ], [ -46.837809673356702, -23.679384253682503 ], [ -46.837821960837573, -23.679424642029645 ], [ -46.837842681205153, -23.679437937593161 ], [ -46.837869112743739, -23.679437623883032 ], [ -46.837904467205014, -23.679445238876294 ], [ -46.837936756424376, -23.6794475639261 ], [ -46.838089861879475, -23.679475537860501 ], [ -46.838210596061558, -23.679501097352581 ], [ -46.838320732609482, -23.679514595226699 ], [ -46.838363998533126, -23.679556060172626 ], [ -46.83841406545173, -23.679563590654155 ], [ -46.838464051544477, -23.679571122078798 ], [ -46.838595788602738, -23.67954527354965 ], [ -46.838652323260227, -23.679558595133344 ], [ -46.838686112985215, -23.679569929861692 ], [ -46.838717071122879, -23.679581117652734 ], [ -46.838739435965508, -23.679590601948238 ], [ -46.838762326230338, -23.679602968850332 ], [ -46.838785437552048, -23.679619576121031 ], [ -46.838808076533404, -23.679637091762366 ], [ -46.838828722559789, -23.679656617150474 ], [ -46.838846453639725, -23.679675816045144 ], [ -46.838871609805466, -23.679699891970809 ], [ -46.838890850139066, -23.679717177129426 ], [ -46.838911464596698, -23.679734445966677 ], [ -46.838934082130436, -23.679750427141165 ], [ -46.838957727718565, -23.679764771125317 ], [ -46.838982393777691, -23.679776936349583 ], [ -46.839007755720722, -23.679786836391891 ], [ -46.839042027986594, -23.679797984753812 ], [ -46.839071828035522, -23.679807290416413 ], [ -46.839094445600267, -23.679823271565336 ], [ -46.839113387994665, -23.679848143460223 ], [ -46.839187087274667, -23.679915246331657 ], [ -46.83922335646502, -23.679936211072704 ], [ -46.839249519242443, -23.679951337598609 ], [ -46.839302022706363, -23.679965429026559 ], [ -46.839358635833349, -23.6799727911567 ], [ -46.839401420458955, -23.679968310758699 ], [ -46.83945637890465, -23.679961428819979 ], [ -46.839474713479817, -23.679954440278308 ], [ -46.839500505885852, -23.679943120142731 ], [ -46.839523754689502, -23.679934899621742 ], [ -46.839553120068672, -23.679924710626338 ], [ -46.839579410166586, -23.679920065027162 ], [ -46.839608459961823, -23.679921976822516 ], [ -46.839638382540876, -23.679928482345034 ], [ -46.83966687292844, -23.679936629854076 ], [ -46.839693789692944, -23.679947865454753 ], [ -46.839718165397052, -23.67996238119493 ], [ -46.839740742602999, -23.679975473875235 ], [ -46.839767565906932, -23.679985807807729 ], [ -46.839794370338353, -23.680000565508003 ], [ -46.839824625206049, -23.680013476676251 ], [ -46.839853792520913, -23.68001800504636 ], [ -46.839882628928144, -23.680021995683752 ], [ -46.839912137271121, -23.680027783861433 ], [ -46.839941987906087, -23.68003492211346 ], [ -46.839966046554586, -23.680044115266615 ], [ -46.839989788206076, -23.680053763565134 ], [ -46.840023411436277, -23.680064738860889 ], [ -46.840051563375376, -23.680071807000182 ], [ -46.840085161322968, -23.680080977052697 ], [ -46.84011910536033, -23.680091767961606 ], [ -46.840144328539765, -23.680103294435554 ], [ -46.840170443496483, -23.68012076855522 ], [ -46.840193459070349, -23.680136293421025 ], [ -46.840222188337499, -23.680149944850079 ], [ -46.84025378198757, -23.680160312278279 ], [ -46.84028038299639, -23.680166315488503 ], [ -46.840305627478934, -23.680167820992267 ], [ -46.840337637712771, -23.68016753082733 ], [ -46.840367824138049, -23.680164012379109 ], [ -46.840396148925088, -23.680160335498584 ], [ -46.840428628962044, -23.680158956413386 ], [ -46.840457951540486, -23.680157253744678 ], [ -46.840487360007913, -23.680155911155449 ], [ -46.840516874602585, -23.680156372828638 ], [ -46.840541096111494, -23.680159876535598 ], [ -46.840565990830285, -23.680165268042398 ], [ -46.840592205405905, -23.680172539662156 ], [ -46.840617312513949, -23.68018731738853 ], [ -46.840638894699154, -23.680204393923194 ], [ -46.840725056557297, -23.680318472179248 ], [ -46.840747380964409, -23.680371199075839 ], [ -46.84077471084651, -23.680434970467481 ], [ -46.840786890144479, -23.680450262953798 ], [ -46.841025591102117, -23.680540229258412 ], [ -46.841126894808092, -23.680581003303779 ], [ -46.841192166788751, -23.680617782183649 ], [ -46.841264539121404, -23.680647796145298 ], [ -46.841452555212349, -23.680714982858792 ], [ -46.84152238501882, -23.680736631222683 ], [ -46.841607422063333, -23.680787709355155 ], [ -46.841647927054346, -23.680822435408274 ], [ -46.841683088179551, -23.680850815383774 ], [ -46.841732354790665, -23.680893471802591 ], [ -46.841802274603381, -23.680921528587756 ], [ -46.841861630515311, -23.6809399611472 ], [ -46.841959400599009, -23.680970846244524 ], [ -46.842046294082294, -23.680969812545353 ], [ -46.842093549425087, -23.68099010421798 ], [ -46.842149295460111, -23.680999010309943 ], [ -46.842281292680852, -23.681032015728583 ], [ -46.842349469525452, -23.681160570625664 ], [ -46.842420719811727, -23.681231582849929 ], [ -46.842545352147354, -23.681212134802259 ], [ -46.842691914432386, -23.681211473993091 ], [ -46.842834039521321, -23.681395842157162 ], [ -46.843008025355367, -23.68139638934726 ], [ -46.843041755154474, -23.681374592363639 ], [ -46.843137791788003, -23.681316484817891 ], [ -46.843245135067185, -23.681269075782975 ], [ -46.843391586658498, -23.681191409889138 ], [ -46.843473619444104, -23.681172377976921 ], [ -46.843528365212762, -23.681150330681312 ], [ -46.843687066656436, -23.68111025418899 ], [ -46.843725611447617, -23.681103205053791 ], [ -46.843762491528544, -23.681121543386126 ], [ -46.843809448904317, -23.681137865906663 ], [ -46.843895740559418, -23.68112275522007 ], [ -46.843931042672715, -23.681103557342848 ], [ -46.843996085320647, -23.681026047866528 ], [ -46.84404464368923, -23.681006692095096 ], [ -46.844085144565092, -23.680995015483589 ], [ -46.844125697396706, -23.680987039572926 ], [ -46.84442124745793, -23.680887916689866 ], [ -46.844590844802532, -23.680886889433214 ], [ -46.844701563913254, -23.680878438583285 ], [ -46.84513673941354, -23.680883454700098 ], [ -46.845297127172287, -23.680928938431574 ], [ -46.845460058743384, -23.680954079506613 ], [ -46.845564191872512, -23.68095446333394 ], [ -46.845681883387371, -23.680958928461997 ], [ -46.845720665344857, -23.680991778127208 ], [ -46.845755271911919, -23.681107190075146 ], [ -46.845946447532015, -23.681226422918471 ], [ -46.846096576141733, -23.681243681342526 ], [ -46.84618053931743, -23.681298741810011 ], [ -46.846303789179693, -23.681393777538332 ], [ -46.846492804814439, -23.681514570108344 ], [ -46.846564609060387, -23.681544317446228 ], [ -46.846773758978507, -23.681763090074927 ], [ -46.84692085526067, -23.681915346796536 ], [ -46.847032656383242, -23.682087253237761 ], [ -46.847176451086703, -23.68224613922612 ], [ -46.847375775968565, -23.682467465586747 ], [ -46.847479345194195, -23.682646060022137 ], [ -46.847614774312795, -23.68292854319348 ], [ -46.847780692086801, -23.683361062476948 ], [ -46.847824657811145, -23.68346345261623 ], [ -46.847957943344632, -23.683673920574183 ], [ -46.848027854634999, -23.683798840830473 ], [ -46.848167170241844, -23.684052839978168 ], [ -46.848512083893716, -23.684726425362481 ], [ -46.848647857778282, -23.684998611744376 ], [ -46.848701357011095, -23.685117679077717 ], [ -46.848726266855955, -23.685152769871426 ], [ -46.848800512772002, -23.685229430464947 ], [ -46.848840644515313, -23.685277610051831 ], [ -46.848897861141381, -23.685310419203606 ], [ -46.849035373465831, -23.685372963240582 ], [ -46.849098362647965, -23.68539658548157 ], [ -46.849252830608563, -23.685451794987483 ], [ -46.849406203038271, -23.685486615018561 ], [ -46.849571691679238, -23.685520658210798 ], [ -46.849759349500857, -23.685452604908104 ], [ -46.849865189325541, -23.684982807361305 ], [ -46.85006064165804, -23.68456141024782 ], [ -46.850186729331483, -23.684438572429833 ], [ -46.850265235475973, -23.684370017439935 ], [ -46.850306958936336, -23.684341804043505 ], [ -46.850349017156603, -23.684314399120577 ], [ -46.850553808917475, -23.684228897444992 ], [ -46.850585069571203, -23.684226989099983 ], [ -46.850659541401136, -23.684222126781979 ], [ -46.850834399078906, -23.684232675197094 ], [ -46.851230135331022, -23.684197791662221 ], [ -46.851415968627585, -23.684149619024595 ], [ -46.851774382668225, -23.684059480101542 ], [ -46.851936334275521, -23.683974669593447 ], [ -46.852088690813254, -23.683914619063149 ], [ -46.852257480976569, -23.683838934585253 ], [ -46.852418951292961, -23.683714317631051 ], [ -46.852461763683486, -23.683683111547619 ], [ -46.852535808960617, -23.683607928429314 ], [ -46.852588556193986, -23.683478653960382 ], [ -46.852598732529991, -23.683426352655729 ], [ -46.852628776460143, -23.68338979247623 ], [ -46.85263461458257, -23.683339438876125 ], [ -46.85267180184384, -23.683345042390087 ], [ -46.852700088597459, -23.683338655414328 ], [ -46.852760522128271, -23.683295773343495 ], [ -46.852799466495973, -23.683271203611973 ], [ -46.852842889123906, -23.683254614844738 ], [ -46.852884355968648, -23.68325411860139 ], [ -46.852908419126187, -23.683257802771351 ], [ -46.852938694129726, -23.683243357394154 ], [ -46.852971516440491, -23.683249013075226 ], [ -46.852997649983664, -23.683244728164361 ], [ -46.85304583361534, -23.683256158199342 ], [ -46.853051678996358, -23.683257893759418 ], [ -46.853055943896699, -23.683245023522378 ], [ -46.853091952269637, -23.683235835780621 ], [ -46.853122907018424, -23.683223729409015 ], [ -46.85313165843101, -23.683213694303692 ], [ -46.853137782458475, -23.683200801813008 ], [ -46.853131901315429, -23.683185073903633 ], [ -46.853140547692028, -23.683173324811058 ], [ -46.853149306742544, -23.683163831269521 ], [ -46.853158140942654, -23.683159663112232 ], [ -46.853229838910998, -23.683158804935534 ], [ -46.853250282450723, -23.683163796241921 ], [ -46.853276476639024, -23.683180996246907 ], [ -46.853302487980244, -23.683179511304331 ], [ -46.853396434643123, -23.683133970941327 ], [ -46.853447049334562, -23.683122893028159 ], [ -46.85352820263082, -23.68311605358528 ], [ -46.853603487610393, -23.683054306278944 ], [ -46.853634679377819, -23.683018905766851 ], [ -46.853733170933047, -23.682980352324815 ], [ -46.853884121329266, -23.682964010527645 ], [ -46.853968820171502, -23.682950628535792 ], [ -46.854112064704275, -23.682932482995586 ], [ -46.854238773082962, -23.682916972813452 ], [ -46.854300702037719, -23.682899891190729 ], [ -46.854339901420062, -23.682887685843543 ], [ -46.854430558334144, -23.68284967718423 ], [ -46.854553574949392, -23.68279602423674 ], [ -46.854626452222256, -23.682804269168649 ], [ -46.854688362406982, -23.682808763573309 ], [ -46.854773371541178, -23.682851709625467 ], [ -46.854906620951006, -23.682932986634491 ], [ -46.855005944355973, -23.682999142528647 ], [ -46.855331640411734, -23.683168660085272 ], [ -46.855447346667113, -23.683198418709875 ], [ -46.855853615896891, -23.683297095949357 ], [ -46.856016910340387, -23.683313283978563 ], [ -46.856106692583303, -23.683299207946362 ], [ -46.856444703229052, -23.683150172359216 ], [ -46.856626439252658, -23.683075501642673 ], [ -46.856850031851579, -23.682982183295213 ], [ -46.856903242083476, -23.682966017691097 ], [ -46.85725924249401, -23.682894401893499 ], [ -46.857393609592805, -23.682848825691167 ], [ -46.857612721846706, -23.682833197265218 ], [ -46.857828486102235, -23.682786644090104 ], [ -46.857929613121321, -23.682780194620911 ], [ -46.858142778301008, -23.682744234477831 ], [ -46.858165826236522, -23.682733305325979 ], [ -46.858191633563635, -23.682728842914045 ], [ -46.858219549261463, -23.682719119195788 ], [ -46.858241690158351, -23.682706937057464 ], [ -46.858264886968918, -23.682695103346468 ], [ -46.858289619572766, -23.682683251199474 ], [ -46.858314963973321, -23.682674641635636 ], [ -46.858339688904699, -23.682662247918152 ], [ -46.858357729453267, -23.682645962290074 ], [ -46.858376679579713, -23.682631110156006 ], [ -46.858400068682023, -23.68262144073773 ], [ -46.858426489417241, -23.682614623753999 ], [ -46.858453020718294, -23.682604194405812 ], [ -46.858477459697689, -23.682588734721847 ], [ -46.858502430922499, -23.682576608850969 ], [ -46.858526933760402, -23.682565662184274 ], [ -46.858548607496253, -23.682554749473624 ], [ -46.85857214801409, -23.68254435600646 ], [ -46.858580146839294, -23.682538301785382 ], [ -46.858605361332636, -23.682554790413359 ], [ -46.858966029252016, -23.682230523043931 ], [ -46.85907637575005, -23.682024452622649 ], [ -46.859775057770577, -23.681666333636638 ], [ -46.859973507808803, -23.681584778007974 ], [ -46.860237420036952, -23.681478873696364 ], [ -46.860544980068717, -23.681458025905787 ], [ -46.860859705989419, -23.681457945086056 ], [ -46.861408984327163, -23.681607790606801 ], [ -46.861670333555956, -23.681686167467213 ], [ -46.862024188878088, -23.681634788545875 ], [ -46.862178075247812, -23.681626167182429 ], [ -46.86235057617553, -23.681641786487781 ], [ -46.86249730242406, -23.681618535990548 ], [ -46.862617419816502, -23.681640111368445 ], [ -46.862794690198541, -23.681684199915317 ], [ -46.862953911006741, -23.681686888336912 ], [ -46.863191053807419, -23.681688729224668 ], [ -46.8633697930482, -23.681699577979934 ], [ -46.863555848666159, -23.681844307540576 ], [ -46.864269362866025, -23.682104920106799 ], [ -46.86442566583154, -23.682072886003386 ], [ -46.864529788515988, -23.682083909658424 ], [ -46.864755942973616, -23.682154489894426 ], [ -46.864914524329727, -23.682225973976426 ], [ -46.865295111678961, -23.682360504120592 ], [ -46.8653729037174, -23.682424475067325 ], [ -46.865478170353384, -23.682521697461866 ], [ -46.86581869438664, -23.682755380131926 ], [ -46.866306449314528, -23.68297844032708 ], [ -46.866339192360414, -23.682989871734915 ], [ -46.866366515881765, -23.682995410278881 ], [ -46.866405325118244, -23.683012726733526 ], [ -46.866456289847264, -23.683032063256825 ], [ -46.866626017575086, -23.683062877390249 ], [ -46.866972807380556, -23.683265065906038 ], [ -46.867153740280841, -23.683299265065486 ], [ -46.867415382566719, -23.683289790254669 ], [ -46.867669673445405, -23.683172705016577 ], [ -46.867755213153451, -23.683127618695426 ], [ -46.867943735892105, -23.683104310160655 ], [ -46.868107506516523, -23.683108472972712 ], [ -46.868261958156872, -23.683088373681876 ], [ -46.868727892453556, -23.683163908332617 ], [ -46.869267691120733, -23.683214717069575 ], [ -46.869305297652659, -23.683187270676111 ], [ -46.869505354698155, -23.683111009859672 ], [ -46.869744050899072, -23.683125279811932 ], [ -46.870159936418318, -23.683364993531804 ], [ -46.870400081309533, -23.683458235917897 ], [ -46.870674882625032, -23.683549614775092 ], [ -46.870768612309533, -23.683585765994152 ], [ -46.870969432725758, -23.683676593796296 ], [ -46.871135115660124, -23.683718465354737 ], [ -46.87132033060368, -23.683729677856274 ], [ -46.871462974376797, -23.683743300507462 ], [ -46.871591369956498, -23.683653459159732 ], [ -46.871693747049179, -23.683507871261494 ], [ -46.871839040838381, -23.683248017512014 ], [ -46.871997348888932, -23.682885995153438 ], [ -46.872063158111779, -23.682664927611363 ], [ -46.872147634707702, -23.682556749339096 ], [ -46.872202043312157, -23.682414991079163 ], [ -46.872273205631785, -23.682030731186934 ], [ -46.872223284538379, -23.681846450919956 ], [ -46.872173043079677, -23.681730422666732 ], [ -46.872138502298732, -23.681621246029955 ], [ -46.872139991448471, -23.681515876683878 ], [ -46.872177149593284, -23.681343633391947 ], [ -46.872175724911187, -23.681141614366645 ], [ -46.872212675066699, -23.681000157478977 ], [ -46.872096261517896, -23.680501168686117 ], [ -46.872136953547397, -23.680344319757385 ], [ -46.872172552669561, -23.680300918260741 ], [ -46.872204214061881, -23.6802535019768 ], [ -46.872264819930358, -23.680172243548579 ], [ -46.872290333091691, -23.680124540488823 ], [ -46.872334637682506, -23.68009069316043 ], [ -46.872379772756837, -23.680035711343031 ], [ -46.872417216872435, -23.679996981805871 ], [ -46.872461282520277, -23.679957720812265 ], [ -46.872511599490075, -23.679931654688488 ], [ -46.872556350326043, -23.679895093644891 ], [ -46.872618171565563, -23.679831062989926 ], [ -46.872676165674946, -23.679799126349298 ], [ -46.872767003606292, -23.679774375590949 ], [ -46.872884661275108, -23.679748217086882 ], [ -46.873202000135791, -23.679727677522806 ], [ -46.873429908911973, -23.679660553959252 ], [ -46.873789580260073, -23.679128001060192 ], [ -46.874099199691457, -23.678600566977252 ], [ -46.874163274001397, -23.678564223018554 ], [ -46.874213558856923, -23.67853030281762 ], [ -46.874256512483079, -23.678492499222589 ], [ -46.874284505783613, -23.678465709732126 ], [ -46.874332196997685, -23.678419994822853 ], [ -46.874449484360042, -23.678362333601662 ], [ -46.874619070520396, -23.67827027621653 ], [ -46.874694256888603, -23.678219534032603 ], [ -46.8747327313258, -23.678224755585621 ], [ -46.874774254992019, -23.678222718188337 ], [ -46.874847188793652, -23.678201071851102 ], [ -46.874911322292732, -23.678174566891752 ], [ -46.87501722144583, -23.678117675074617 ], [ -46.875046515355727, -23.677983803214062 ], [ -46.87506904332335, -23.677879984672398 ], [ -46.875077949694528, -23.677773351983621 ], [ -46.875140910802045, -23.677545818062999 ], [ -46.875179310810751, -23.677449570988042 ], [ -46.875230478802926, -23.677392619594094 ], [ -46.875364526035497, -23.677280228511215 ], [ -46.875521391143813, -23.677214594391902 ], [ -46.875723796825454, -23.677173505038912 ], [ -46.87578947678827, -23.677164765244097 ], [ -46.875914736116165, -23.677127679465226 ], [ -46.876034539850174, -23.677104832897474 ], [ -46.876145239833235, -23.677067201115829 ], [ -46.876274752738375, -23.67702229984922 ], [ -46.876402865157395, -23.676913320017533 ], [ -46.876519175810003, -23.676793108417293 ], [ -46.876566867394345, -23.676736198745331 ], [ -46.876936546879563, -23.676509460925519 ], [ -46.877005024830019, -23.676470263967531 ], [ -46.877037122529828, -23.676442250697267 ], [ -46.877071048704664, -23.676417735992153 ], [ -46.877157476525788, -23.676327857543189 ], [ -46.877311062139405, -23.676253504760552 ], [ -46.877512089242686, -23.676150049699405 ], [ -46.877699533443, -23.676080431740843 ], [ -46.877987918757306, -23.675986208225481 ], [ -46.878202897669659, -23.675874819453238 ], [ -46.878345320812265, -23.675805746762524 ], [ -46.878512027637427, -23.675721935355721 ], [ -46.878684766318869, -23.675619002541399 ], [ -46.878813490432385, -23.675502159505992 ], [ -46.87890354878234, -23.675372334487779 ], [ -46.878972092834616, -23.675224805694786 ], [ -46.879034129563657, -23.675119694891379 ], [ -46.879103326368124, -23.675029121768418 ], [ -46.879251469650676, -23.674857065202101 ], [ -46.879400895430109, -23.674684270745356 ], [ -46.879480522739769, -23.674503476274865 ], [ -46.879557205627343, -23.674365507935917 ], [ -46.879656168032348, -23.674242254840379 ], [ -46.879758172983536, -23.674128263102443 ], [ -46.879840295348416, -23.674087996623747 ], [ -46.879885097729201, -23.674015774326428 ], [ -46.879912210451245, -23.673938891885093 ], [ -46.879946947073279, -23.673869409734863 ], [ -46.879990509083605, -23.67380090374996 ], [ -46.8800506501426, -23.673715946969633 ], [ -46.880088224385403, -23.673618806147534 ], [ -46.880080259853436, -23.673565008562097 ], [ -46.880076865822069, -23.673491656058129 ], [ -46.880086161638829, -23.673435121237507 ], [ -46.880115161172156, -23.673343230186308 ], [ -46.880132360461978, -23.673240197986161 ], [ -46.880168071140972, -23.673137121611617 ], [ -46.88028461034763, -23.67306159090381 ], [ -46.880485549536971, -23.672986389499801 ], [ -46.880629369028064, -23.672902222001117 ], [ -46.880941653094276, -23.672727538891102 ], [ -46.881199792071605, -23.672531485724974 ], [ -46.88153722630733, -23.67234629492102 ], [ -46.881627396589884, -23.672275416811537 ], [ -46.881717908106531, -23.672217082749224 ], [ -46.881979600852922, -23.672099975924841 ], [ -46.882214756356127, -23.672009551506889 ], [ -46.882417085440622, -23.671941282015066 ], [ -46.882590564764193, -23.671868036708219 ], [ -46.882827613933763, -23.671796997524101 ], [ -46.883140132127764, -23.671751852118991 ], [ -46.883352692346676, -23.67175450352654 ], [ -46.88355095293231, -23.671797230116042 ], [ -46.883698586399966, -23.671844002635829 ], [ -46.883899113686006, -23.671903853456037 ], [ -46.884000217717002, -23.671913456658768 ], [ -46.884051099653689, -23.671904622691216 ], [ -46.884101437678432, -23.671886045619988 ], [ -46.884188410910298, -23.671829107347051 ], [ -46.884259103429478, -23.671758645290705 ], [ -46.884329521608507, -23.671680332615491 ], [ -46.884388219577694, -23.671596475178774 ], [ -46.88444421867154, -23.671516081010466 ], [ -46.884517078878361, -23.671444599450403 ], [ -46.884555801221964, -23.671416504145164 ], [ -46.88465670125575, -23.671389367484839 ], [ -46.884711142488186, -23.671386357878664 ], [ -46.884757204345398, -23.671368374292239 ], [ -46.884792638556, -23.671330840066872 ], [ -46.884817949675316, -23.671286387572245 ], [ -46.88482331722021, -23.671226650468199 ], [ -46.884818304092263, -23.671181483689889 ], [ -46.884828011683297, -23.67113126292282 ], [ -46.884850433640935, -23.671077005606005 ], [ -46.884881531791109, -23.671041510181148 ], [ -46.884931184678337, -23.671025920274275 ], [ -46.885078381990695, -23.67098034547341 ], [ -46.885175068712414, -23.670935656148643 ], [ -46.885215200248766, -23.67090438391476 ], [ -46.885236488132158, -23.670861244179868 ], [ -46.88525038226669, -23.670815486187113 ], [ -46.885295677457655, -23.670727187556192 ], [ -46.885362698097097, -23.67065442259133 ], [ -46.88545668551528, -23.670545580437324 ], [ -46.885481395019752, -23.67050429479789 ], [ -46.885505376331054, -23.670457330694539 ], [ -46.885529323430809, -23.670413616904572 ], [ -46.885548904798817, -23.670369865982632 ], [ -46.885561020686261, -23.670324129615029 ], [ -46.885575259971823, -23.670279902072302 ], [ -46.885603176390454, -23.670236771877001 ], [ -46.885633279401269, -23.670188288833039 ], [ -46.88566722767704, -23.670143008871278 ], [ -46.885686162136764, -23.670116147235145 ], [ -46.885720727163864, -23.67006878342977 ], [ -46.885737801391883, -23.670041854160473 ], [ -46.885780387629438, -23.669905652367525 ], [ -46.885807006354788, -23.669867864164992 ], [ -46.885873330434777, -23.669763511241278 ], [ -46.885966836569295, -23.669660632829981 ], [ -46.886089076560346, -23.669537814816792 ], [ -46.886163228556434, -23.66948888558478 ], [ -46.886237890905214, -23.669402305436062 ], [ -46.886279499576645, -23.669316308329094 ], [ -46.886391137222539, -23.669130697553079 ], [ -46.886463921523976, -23.668975260370523 ], [ -46.886533399119102, -23.668842883553094 ], [ -46.886603522388057, -23.66874985873666 ], [ -46.88669493708322, -23.668653414936074 ], [ -46.886772361636318, -23.668573481267572 ], [ -46.886788649636621, -23.668559380521959 ], [ -46.88687389136318, -23.668466532542357 ], [ -46.88695868479801, -23.668370620633006 ], [ -46.887054393703494, -23.668280533854468 ], [ -46.887066316454913, -23.668260798938576 ], [ -46.887081991975506, -23.668243455727836 ], [ -46.887099793470739, -23.668227801840075 ], [ -46.887116532620453, -23.668211348418058 ], [ -46.887133107531241, -23.668194716445377 ], [ -46.887150665254005, -23.668178975247208 ], [ -46.887168305089922, -23.668163323321821 ], [ -46.887186517150859, -23.668148115797898 ], [ -46.887205224504257, -23.668133624437449 ], [ -46.88722557679359, -23.668121099083212 ], [ -46.887246672024148, -23.668109647974386 ], [ -46.887269760104751, -23.668101873856056 ], [ -46.887293276917248, -23.668095809735075 ], [ -46.887317301987302, -23.668091364367339 ], [ -46.887341411765512, -23.668087188788714 ], [ -46.887365435535493, -23.668082653154514 ], [ -46.887389461896227, -23.668078298035034 ], [ -46.887413574261629, -23.668074302963785 ], [ -46.887437170585748, -23.668068147577749 ], [ -46.887460514073013, -23.668061273069359 ], [ -46.887483521309179, -23.668053499905238 ], [ -46.887506695370249, -23.66804608580486 ], [ -46.887513223729357, -23.668044742405993 ], [ -46.887565744062613, -23.668031915305377 ], [ -46.887646037014839, -23.66801667342639 ], [ -46.887743680112287, -23.667988130199053 ], [ -46.887766380887513, -23.667981534303372 ], [ -46.887813325374431, -23.667957580979962 ], [ -46.887821549670072, -23.667956126624858 ], [ -46.887875599487309, -23.667954113775266 ], [ -46.887918345922074, -23.667851762660977 ], [ -46.88794427644207, -23.667816781045691 ], [ -46.888444023480986, -23.667666610572923 ], [ -46.888916916421593, -23.667509724562862 ], [ -46.889856046002954, -23.667289825179104 ], [ -46.890525094884794, -23.667170442658556 ], [ -46.891005736514956, -23.667114202628635 ], [ -46.891069506430973, -23.667063050788148 ], [ -46.892036318819059, -23.667205614999009 ], [ -46.892091201344201, -23.667227784171189 ], [ -46.892185767258788, -23.667266349977638 ], [ -46.892262136617383, -23.667371670529491 ], [ -46.892284982578886, -23.667768149151971 ], [ -46.892337519371864, -23.668087712016344 ], [ -46.892386840789179, -23.668464638603528 ], [ -46.892441113927227, -23.668579166157357 ], [ -46.892477435746351, -23.668693281084856 ], [ -46.892489989135854, -23.668852101583084 ], [ -46.89263579341128, -23.669147956012804 ], [ -46.892901235664638, -23.669539213064169 ], [ -46.893038761928963, -23.66967556242512 ], [ -46.893113726209315, -23.669801030858434 ], [ -46.893207722102673, -23.669912093495238 ], [ -46.893335499736374, -23.67000577148454 ], [ -46.893963593516702, -23.670274694319048 ], [ -46.89424378534914, -23.670382125260019 ], [ -46.894558913922324, -23.670479378670453 ], [ -46.894788374947268, -23.670471426141631 ], [ -46.895009203999138, -23.670380616466982 ], [ -46.89530249565486, -23.669972687702796 ], [ -46.895405579766091, -23.669845041780981 ], [ -46.895460454546587, -23.669659216955178 ], [ -46.895714151647219, -23.669224509103707 ], [ -46.895768214076817, -23.669178529566977 ], [ -46.895866274885023, -23.669111789974298 ], [ -46.896075969436296, -23.669039440952478 ], [ -46.896173236752361, -23.669024167433815 ], [ -46.896295910644056, -23.669004971835381 ], [ -46.896656612930641, -23.668759522329033 ], [ -46.897037605207188, -23.668704573806743 ], [ -46.897424384687056, -23.66872014820574 ], [ -46.897870499859174, -23.668668733096204 ], [ -46.898095595461967, -23.668677800939616 ], [ -46.898204102977751, -23.668724407061205 ], [ -46.898255168921139, -23.668756460653867 ], [ -46.898288851880764, -23.668799469933475 ], [ -46.89842361078648, -23.668850267901991 ], [ -46.898572732876595, -23.668972026045278 ], [ -46.898696809608332, -23.669066737846936 ], [ -46.899038192044323, -23.669369757075021 ], [ -46.899489193908401, -23.669600385163882 ], [ -46.89989971407072, -23.669787364173466 ], [ -46.900274261644356, -23.669963047678213 ], [ -46.90051233315301, -23.670248734212809 ], [ -46.900795238948461, -23.670498753352806 ], [ -46.90108442472448, -23.67062962283952 ], [ -46.90130903072685, -23.670587867319341 ], [ -46.901494937932007, -23.670391224275136 ], [ -46.901648688475703, -23.670212489075233 ], [ -46.901783168061776, -23.669998061132944 ], [ -46.901872691838278, -23.669771727225829 ], [ -46.901955742915042, -23.669539424369873 ], [ -46.902032434573115, -23.669336899855097 ], [ -46.902095892116463, -23.668890255227311 ], [ -46.902166045957394, -23.668610265211498 ], [ -46.902262116442003, -23.668473312688512 ], [ -46.902409358951729, -23.668252859728888 ], [ -46.902531112061268, -23.668092030012872 ], [ -46.902627315602992, -23.668014566501306 ], [ -46.902755609923581, -23.667937069843369 ], [ -46.902877297820638, -23.667794115020627 ], [ -46.902934704580389, -23.667543891333164 ], [ -46.903017613236834, -23.667246140819984 ], [ -46.903011091912497, -23.667186549548706 ], [ -46.903036289979511, -23.666894743908809 ], [ -46.903036116636692, -23.666793458144948 ], [ -46.903010223750393, -23.666674433458738 ], [ -46.902984156329424, -23.666454032734375 ], [ -46.902964729125515, -23.666334928602058 ], [ -46.902880921353322, -23.666174186334967 ], [ -46.902810031184288, -23.665995591550388 ], [ -46.902713430126099, -23.665810993306948 ], [ -46.902674382358228, -23.665537038611642 ], [ -46.902699790777717, -23.665388134808044 ], [ -46.902725447557863, -23.665334557761042 ], [ -46.902937185713803, -23.665286819734874 ], [ -46.90315872623853, -23.665307569566966 ], [ -46.903325655994692, -23.665274735126975 ], [ -46.903502090811081, -23.665206125324598 ], [ -46.90363361052858, -23.665122720614335 ], [ -46.903700775990806, -23.664938096556114 ], [ -46.903735834067348, -23.664780227165799 ], [ -46.903680866895776, -23.664556931812712 ], [ -46.903613106771289, -23.664354466464562 ], [ -46.903558053763305, -23.664125213979563 ], [ -46.903529008420257, -23.664050823642796 ], [ -46.903528932553087, -23.664012096846093 ], [ -46.903586338253156, -23.663761963246053 ], [ -46.903679417713711, -23.663720196023089 ], [ -46.903746842351509, -23.663732096189229 ], [ -46.904080811186013, -23.663791454789401 ], [ -46.904295947613384, -23.663839003050882 ], [ -46.904551901867585, -23.663903111068748 ], [ -46.904758484719501, -23.663946069554957 ], [ -46.904886958176839, -23.663981682959282 ], [ -46.905105345728131, -23.664047154686742 ], [ -46.905285425712812, -23.664207885305164 ], [ -46.905688852623719, -23.664424817557741 ], [ -46.90575545384074, -23.664457941418693 ], [ -46.905960299782727, -23.664514821845721 ], [ -46.906139564608438, -23.664619230222488 ], [ -46.906313974990368, -23.664884928044692 ], [ -46.906498765973488, -23.665169636027603 ], [ -46.906652386317639, -23.665250256094339 ], [ -46.90670863676921, -23.665221759280939 ], [ -46.906718639211576, -23.66506988506957 ], [ -46.906733634315778, -23.664860986320491 ], [ -46.906789552327908, -23.664675867663266 ], [ -46.906901875912091, -23.664528692099225 ], [ -46.907044653857255, -23.664196350086719 ], [ -46.907152001197638, -23.66416307151319 ], [ -46.907500092576221, -23.66421511706508 ], [ -46.907904178449904, -23.664115262830375 ], [ -46.908057636151355, -23.664067784353932 ], [ -46.908180467274939, -23.664048758261583 ], [ -46.908277673917823, -23.664029686615994 ], [ -46.908374769605771, -23.663958437759014 ], [ -46.908578915517836, -23.663649802897208 ], [ -46.908767938704678, -23.663440926621206 ], [ -46.908885539887827, -23.663379084175553 ], [ -46.909123988318129, -23.663295260242347 ], [ -46.909350064482602, -23.663361353378573 ], [ -46.909474002770068, -23.663374089182167 ], [ -46.909591750449493, -23.663383561045006 ], [ -46.909673541574747, -23.663355019227698 ], [ -46.909765588745131, -23.663298004839419 ], [ -46.909801231242582, -23.663203138642025 ], [ -46.909932399755817, -23.663140496266742 ], [ -46.910110718741244, -23.663096320318889 ], [ -46.910666142963834, -23.663259728446427 ], [ -46.910907851115908, -23.663283468442291 ], [ -46.911490560088374, -23.663299751200423 ], [ -46.911948009239985, -23.663067969688019 ], [ -46.912108160239995, -23.662836245498394 ], [ -46.912452378265684, -23.662444449947902 ], [ -46.912588763718148, -23.662212747869329 ], [ -46.912630241147745, -23.662107969219239 ], [ -46.912796443899332, -23.661953444349727 ], [ -46.912927075620857, -23.661859661624568 ], [ -46.913081704459429, -23.661848544389212 ], [ -46.913153074777533, -23.661876099436633 ], [ -46.913276265920715, -23.661920888781282 ], [ -46.913581613880609, -23.662096492270113 ], [ -46.913668124001298, -23.662120158832028 ], [ -46.913777298181941, -23.662312538459602 ], [ -46.913886594752917, -23.662346756303243 ], [ -46.914000102946382, -23.662337139112488 ], [ -46.914194521625902, -23.66239404718085 ], [ -46.914349227958709, -23.662427071707597 ], [ -46.914552085374147, -23.662386288792572 ], [ -46.914709229594756, -23.66226482394045 ], [ -46.914958865374537, -23.66207270474581 ], [ -46.915041925102258, -23.661981584603119 ], [ -46.915165142778442, -23.661800686998046 ], [ -46.915385258247035, -23.661446619392649 ], [ -46.915441354514392, -23.661091600321516 ], [ -46.915387948629061, -23.660810244485077 ], [ -46.91542630417883, -23.660624527993093 ], [ -46.915455036458305, -23.660471790212746 ], [ -46.915470950590816, -23.660371299015676 ], [ -46.915479348712871, -23.66019877178066 ], [ -46.91553878199327, -23.660100541048063 ], [ -46.915688701782138, -23.659971671931455 ], [ -46.915832559968699, -23.659920513298886 ], [ -46.915943867471199, -23.659915345435007 ], [ -46.916091308157384, -23.659938076691251 ], [ -46.91655306747402, -23.66010867070792 ], [ -46.916776665229555, -23.660143548962409 ], [ -46.916865338339377, -23.660149312770457 ], [ -46.916972375367173, -23.660178320557911 ], [ -46.917094390040418, -23.66020344171428 ], [ -46.917266105818378, -23.660172519540801 ], [ -46.917453112745356, -23.660098256989023 ], [ -46.917568326785378, -23.660039507145832 ], [ -46.917704330943053, -23.659882191559166 ], [ -46.917738599326199, -23.659688039494103 ], [ -46.917760363719566, -23.659379213706483 ], [ -46.91779719768514, -23.65927783150919 ], [ -46.917917910160071, -23.659041986152012 ], [ -46.918031304925762, -23.658675785427562 ], [ -46.918063745001874, -23.658445004708504 ], [ -46.918106263038986, -23.658256798812623 ], [ -46.918158055584463, -23.658177980412948 ], [ -46.918207328092706, -23.658131420999652 ], [ -46.918241245995624, -23.658085051660038 ], [ -46.918395461112475, -23.657879755207745 ], [ -46.91843278029846, -23.657734132643306 ], [ -46.918439594557796, -23.657663815137894 ], [ -46.918419626101866, -23.657552754573423 ], [ -46.918346193678779, -23.657322833180704 ], [ -46.91827833430316, -23.657070454796937 ], [ -46.918222512086075, -23.657000461326174 ], [ -46.918138151486914, -23.656941112335012 ], [ -46.918077488369256, -23.656888330783797 ], [ -46.917896964354327, -23.656586612741762 ], [ -46.917857532215358, -23.656509826252517 ], [ -46.917797332833281, -23.656344737984995 ], [ -46.917753059986495, -23.656268553013692 ], [ -46.917737587406677, -23.656171970775098 ], [ -46.917666014215776, -23.656058298826032 ], [ -46.917645751604212, -23.655915916655115 ], [ -46.917603948124928, -23.655687589364621 ], [ -46.917586279111816, -23.655606651678969 ], [ -46.917515598181076, -23.655448824596128 ], [ -46.917528474523188, -23.655300886702125 ], [ -46.917565174002583, -23.655157077440549 ], [ -46.91754994783949, -23.655021945102533 ], [ -46.917551342377934, -23.654956840280057 ], [ -46.917458107051488, -23.654721114922502 ], [ -46.917438991071272, -23.654618529337473 ], [ -46.917426172351732, -23.654537621871 ], [ -46.91737477783051, -23.654288920904726 ], [ -46.917292226343577, -23.654148392581941 ], [ -46.917121996487865, -23.654047857006137 ], [ -46.916980543947275, -23.653969714315121 ], [ -46.916734460243063, -23.653849804916074 ], [ -46.916503176460907, -23.653724927547163 ], [ -46.916422473182088, -23.653633484922576 ], [ -46.91622123889023, -23.65329103605179 ], [ -46.916018686477564, -23.653118769811591 ], [ -46.915821666750468, -23.652971169982766 ], [ -46.915612158983215, -23.652787434047355 ], [ -46.915436473178339, -23.652411988916672 ], [ -46.915089863550577, -23.652037843259727 ], [ -46.914975781375631, -23.651774298331816 ], [ -46.914925442205799, -23.651558804019967 ], [ -46.915115800160194, -23.651204743820884 ], [ -46.915345070417196, -23.65097532250072 ], [ -46.915426910139765, -23.650800894465945 ], [ -46.915565380090769, -23.650291661906429 ], [ -46.91555736272452, -23.649857722933238 ], [ -46.915517773097974, -23.649753223395333 ], [ -46.915454807623959, -23.649542037868414 ], [ -46.91538344326095, -23.649403446237777 ], [ -46.915349107203284, -23.649315582432589 ], [ -46.915206884998852, -23.649234107123192 ], [ -46.915028613245923, -23.649119134000639 ], [ -46.914783320992754, -23.648997315326802 ], [ -46.914705952199782, -23.648918107637911 ], [ -46.914576473376449, -23.648912485144333 ], [ -46.914524013999795, -23.648828817047111 ], [ -46.914390974693475, -23.648745151194202 ], [ -46.914174915035993, -23.648504891763331 ], [ -46.914141934657231, -23.64830461949526 ], [ -46.914125720854969, -23.648129055838595 ], [ -46.914120557790376, -23.647996416506921 ], [ -46.914075172943768, -23.647765694426191 ], [ -46.914049801578663, -23.647632853258131 ], [ -46.914066195519773, -23.647437568226984 ], [ -46.914005205467475, -23.647295236713795 ], [ -46.913851572900704, -23.647118119919224 ], [ -46.913399309463216, -23.646819027812725 ], [ -46.913181233275601, -23.646689828913569 ], [ -46.912769180346402, -23.646543524213619 ], [ -46.912599200774181, -23.646348101517482 ], [ -46.912450045736193, -23.646173004217438 ], [ -46.912354607157702, -23.645923580232346 ], [ -46.912166174853859, -23.645765216537779 ], [ -46.912095286424012, -23.645692336868716 ], [ -46.911967534648852, -23.645543967023332 ], [ -46.911900043186691, -23.645487926649356 ], [ -46.911803689375652, -23.645386743952209 ], [ -46.911663201447872, -23.645301813198664 ], [ -46.911546428499953, -23.64526931007941 ], [ -46.910939661677695, -23.645126935800398 ], [ -46.910814066761588, -23.645093547845121 ], [ -46.910659936563476, -23.645070893056243 ], [ -46.910423422672082, -23.645118674437033 ], [ -46.910340886422837, -23.645061735455705 ], [ -46.910291404230044, -23.645010256930057 ], [ -46.910211155906545, -23.644910499619176 ], [ -46.910138363304995, -23.644851093314379 ], [ -46.909937169548066, -23.644715271965538 ], [ -46.909807435377104, -23.64465837253826 ], [ -46.90975537386165, -23.644618480721046 ], [ -46.909587792029669, -23.644481973962268 ], [ -46.909488266165333, -23.644368100062696 ], [ -46.909419662211576, -23.644279844248455 ], [ -46.909395820918114, -23.644123963159242 ], [ -46.909354284320401, -23.643946092502862 ], [ -46.909185168646253, -23.643575703063519 ], [ -46.908869032543393, -23.643098704147331 ], [ -46.908692996865248, -23.642774800286592 ], [ -46.908550886407362, -23.642560974468051 ], [ -46.908328852690254, -23.642280697294499 ], [ -46.908130395534826, -23.642171560816497 ], [ -46.908028685578095, -23.64199045817583 ], [ -46.90800192684938, -23.641850591215114 ], [ -46.907970116117241, -23.64170230061676 ], [ -46.908236271104734, -23.641263450400626 ], [ -46.908298499158889, -23.641018130851418 ], [ -46.908615325579689, -23.640534782971855 ], [ -46.908783204338, -23.640352347760992 ], [ -46.908816213879916, -23.640237834407461 ], [ -46.908781299176695, -23.640003731154692 ], [ -46.908861737054607, -23.639671162631725 ], [ -46.908930145415027, -23.639551158055571 ], [ -46.909109350689413, -23.639408664973249 ], [ -46.909170538174394, -23.639320164738635 ], [ -46.909180194703694, -23.639272742002234 ], [ -46.909184056163994, -23.639176822954308 ], [ -46.909169547233731, -23.639068040314001 ], [ -46.909040223560595, -23.638710340244383 ], [ -46.908985867039533, -23.638456345162446 ], [ -46.908899406651976, -23.638206536825535 ], [ -46.90894226864426, -23.63805813948758 ], [ -46.909020448280877, -23.6377482575942 ], [ -46.909035802019183, -23.637614462292159 ], [ -46.909003916893965, -23.637500025697005 ], [ -46.908926455852111, -23.637324582988168 ], [ -46.908828533077141, -23.637153635028682 ], [ -46.908694809044704, -23.636960378521707 ], [ -46.908494786187966, -23.636776152904989 ], [ -46.908189930179233, -23.636551781134063 ], [ -46.90811609990233, -23.636258755770633 ], [ -46.907964029767321, -23.635775401290601 ], [ -46.907910545327205, -23.635642633582723 ], [ -46.90783235166333, -23.635254783109001 ], [ -46.907750198178753, -23.634939381482258 ], [ -46.907490246662853, -23.634500775587306 ], [ -46.907415289113025, -23.634224554620637 ], [ -46.907455316711989, -23.633891671195094 ], [ -46.907478664663373, -23.63366253789367 ], [ -46.9074272120356, -23.633279503721852 ], [ -46.907401524817573, -23.633135290030964 ], [ -46.907392469543581, -23.632973268212673 ], [ -46.907351917313868, -23.63271224144005 ], [ -46.907282818804497, -23.632555832915141 ], [ -46.907242913601173, -23.63242867538904 ], [ -46.907166517593396, -23.632248253216314 ], [ -46.907100004504336, -23.632052723867222 ], [ -46.907043891193112, -23.631939126229469 ], [ -46.90700762821637, -23.631879268700779 ], [ -46.907100636692554, -23.631683583124818 ], [ -46.907177040236746, -23.631552196697566 ], [ -46.907398252156462, -23.631358996648277 ], [ -46.90754583626159, -23.631170854591101 ], [ -46.907584991041418, -23.631056626955385 ], [ -46.90759447046181, -23.630957930467499 ], [ -46.90759577378855, -23.630835953419478 ], [ -46.907560295199154, -23.630746566558862 ], [ -46.907397072977112, -23.630747761636531 ], [ -46.9072856819392, -23.630795713302579 ], [ -46.907205557175658, -23.630798504169761 ], [ -46.906935956431404, -23.630780875697692 ], [ -46.906635149412807, -23.630756769532915 ], [ -46.906396390381339, -23.63072043518288 ], [ -46.906292873035497, -23.630620148627493 ], [ -46.906207069364299, -23.630599085988148 ], [ -46.90590856215141, -23.630622163776795 ], [ -46.905729259909265, -23.630690448248291 ], [ -46.90548560137308, -23.630767828529091 ], [ -46.90514335219622, -23.63106298863611 ], [ -46.904909640921552, -23.631297323870125 ], [ -46.904769049498555, -23.631315570982331 ], [ -46.904593606524593, -23.631148009224876 ], [ -46.904385942385396, -23.631015508408439 ], [ -46.904159381607478, -23.630850379298089 ], [ -46.903998396115611, -23.630782753976767 ], [ -46.903731293538584, -23.630647280663926 ], [ -46.903447204552009, -23.630577735378033 ], [ -46.902881922975432, -23.630353839621144 ], [ -46.902212939183457, -23.630167504143721 ], [ -46.901995093948123, -23.630118719268747 ], [ -46.901782698809335, -23.630077991982755 ], [ -46.901495252978776, -23.630145160280527 ], [ -46.901416694829621, -23.630178080731422 ], [ -46.901235890437356, -23.6302320248078 ], [ -46.9011689773615, -23.630254330497465 ], [ -46.901139047296972, -23.630291439263072 ], [ -46.901049478334414, -23.630306168713599 ], [ -46.900969204195313, -23.629783738984653 ], [ -46.900978698773883, -23.629484271127431 ], [ -46.901032584762341, -23.629315338269802 ], [ -46.901105419512547, -23.628863703043955 ], [ -46.901072062125614, -23.628724998333947 ], [ -46.900928043940603, -23.628539352885042 ], [ -46.900873958737662, -23.628375444638895 ], [ -46.900739549495206, -23.628155647570381 ], [ -46.900490852975445, -23.627766360389469 ], [ -46.900329815951466, -23.627633191977299 ], [ -46.900156751216883, -23.627696879789653 ], [ -46.900117453195278, -23.627700791673263 ], [ -46.900028860296715, -23.627755048912569 ], [ -46.899934538461984, -23.627832306114328 ], [ -46.899861272047985, -23.627862272113465 ], [ -46.899797504199626, -23.627906475448341 ], [ -46.899692621557811, -23.627957501589808 ], [ -46.899196352924605, -23.628102241494553 ], [ -46.899094308614359, -23.628120372410354 ], [ -46.898705230540003, -23.628172440013881 ], [ -46.898551380354228, -23.628251779278173 ], [ -46.898356991214101, -23.628327461938319 ], [ -46.898153361015687, -23.628406778185855 ], [ -46.898070879022313, -23.628442182381832 ], [ -46.897978958184424, -23.628534755837379 ], [ -46.897605630465797, -23.628709763125087 ], [ -46.897482701596253, -23.628747918761071 ], [ -46.89734277996557, -23.628762088478336 ], [ -46.897206033290693, -23.628805919713955 ], [ -46.896820562493957, -23.629007614595299 ], [ -46.896653825248166, -23.629017146534373 ], [ -46.896345645457167, -23.628991395004743 ], [ -46.896142994427073, -23.628953700278824 ], [ -46.895949609534036, -23.628902892400408 ], [ -46.895832276709555, -23.62881341968459 ], [ -46.895816230002914, -23.628697973471169 ], [ -46.895743135853607, -23.62851551824545 ], [ -46.895584692349054, -23.628365792668824 ], [ -46.895175577849535, -23.628120820506467 ], [ -46.894790165631321, -23.627843780781092 ], [ -46.894558125404501, -23.627560623731021 ], [ -46.894296657066803, -23.627276471555309 ], [ -46.894158696234385, -23.627117918040778 ], [ -46.894088122607421, -23.62704303903017 ], [ -46.893872283184535, -23.626885977881095 ], [ -46.893374457145377, -23.626675395203968 ], [ -46.892822693421728, -23.626473323004522 ], [ -46.892706998904927, -23.626385091533482 ], [ -46.892662328372516, -23.626301951502903 ], [ -46.892154367278778, -23.625734449821511 ], [ -46.891960065287954, -23.625484410356584 ], [ -46.891831827897022, -23.625400483795957 ], [ -46.891726751677162, -23.625421264767546 ], [ -46.891636353577283, -23.625501899708979 ], [ -46.891454696633865, -23.625614521582431 ], [ -46.891277237613572, -23.625698745640758 ], [ -46.890985303144774, -23.625925826478024 ], [ -46.89064449731459, -23.625968528468444 ], [ -46.890477295658243, -23.625922991320873 ], [ -46.890254834128392, -23.625720777577353 ], [ -46.890213299507671, -23.625636424947931 ], [ -46.890094476876797, -23.625583436875743 ], [ -46.889916251488671, -23.625535505703311 ], [ -46.889791012278664, -23.62551401137647 ], [ -46.889478813900993, -23.625331486393844 ], [ -46.889352486588145, -23.625239770743573 ], [ -46.889228269401734, -23.625131779718924 ], [ -46.888938092798, -23.624980220607775 ], [ -46.888877811793769, -23.624929678272707 ], [ -46.888794846884323, -23.624784984102813 ], [ -46.88867619800164, -23.624631335722601 ], [ -46.888579593108936, -23.624532847924851 ], [ -46.888469371787799, -23.624408977899442 ], [ -46.88841038481749, -23.624228874437037 ], [ -46.888337617232168, -23.624090826473875 ], [ -46.888143898159754, -23.623762415537797 ], [ -46.887955800863203, -23.623623153116057 ], [ -46.887747506674273, -23.623523676855619 ], [ -46.887544489539806, -23.623420254243729 ], [ -46.887384152559939, -23.62332904090291 ], [ -46.887262426477761, -23.623281863430652 ], [ -46.887034301211521, -23.623157440570356 ], [ -46.886910071410263, -23.623104696184825 ], [ -46.886253662901133, -23.622748688513944 ], [ -46.885869117500469, -23.622479016680771 ], [ -46.885649532545891, -23.622160756593413 ], [ -46.885597999930745, -23.622072010233751 ], [ -46.885520271778098, -23.621976631031053 ], [ -46.885330383293372, -23.62139575907581 ], [ -46.885583709040809, -23.620577131257217 ], [ -46.885667257597703, -23.620334087114973 ], [ -46.885690422263366, -23.620196767323083 ], [ -46.885674869785888, -23.620143332702312 ], [ -46.885545429119539, -23.620138406115725 ], [ -46.885298859042138, -23.620226532508664 ], [ -46.885034585769709, -23.620285985458324 ], [ -46.884757522292254, -23.620366447006646 ], [ -46.884701278776362, -23.620422740026161 ], [ -46.884675095152495, -23.620467744511629 ], [ -46.884637030057739, -23.620501247785114 ], [ -46.884574526275934, -23.620537936743464 ], [ -46.884504002395182, -23.620550619527812 ], [ -46.884430541007397, -23.620555664539747 ], [ -46.884279202279671, -23.620533850546408 ], [ -46.88419869979694, -23.620532481127221 ], [ -46.884107183940706, -23.620557696161814 ], [ -46.883844425101351, -23.620576233912409 ], [ -46.883721568806116, -23.62054017106632 ], [ -46.883561997123472, -23.620394688499811 ], [ -46.88347492337406, -23.620334990173877 ], [ -46.883321149096162, -23.620250192423836 ], [ -46.883181497865969, -23.62014716795623 ], [ -46.88289160259324, -23.619844471704774 ], [ -46.882815016709458, -23.619840074914297 ], [ -46.882366338761578, -23.619763458900831 ], [ -46.881939931596555, -23.61973550081305 ], [ -46.881535681046323, -23.619578539730359 ], [ -46.881396948898839, -23.619375657493777 ], [ -46.88130422050385, -23.619287679864005 ], [ -46.88120142679967, -23.619219143214359 ], [ -46.88108156581081, -23.619239915530869 ], [ -46.880925630248683, -23.619343095446315 ], [ -46.880801078132869, -23.619437138017453 ], [ -46.880652827132188, -23.619552231187622 ], [ -46.880581068383449, -23.619602933219664 ], [ -46.880379745333286, -23.619787188718359 ], [ -46.880340071142854, -23.619877855011122 ], [ -46.880198405029724, -23.620097678077826 ], [ -46.880137691730397, -23.620174967672817 ], [ -46.880056148171569, -23.620253502711524 ], [ -46.879734817408327, -23.62035787328875 ], [ -46.879431127056833, -23.620379066120705 ], [ -46.879239230853088, -23.620414341366335 ], [ -46.879154989687834, -23.620428451759381 ], [ -46.879075663618472, -23.620435912445497 ], [ -46.878970796249945, -23.620454244700195 ], [ -46.878877615402544, -23.620470449284642 ], [ -46.878761343379111, -23.620488016763304 ], [ -46.878612415079779, -23.620538839979503 ], [ -46.878502526582587, -23.620669716330269 ], [ -46.878429691412961, -23.620786692879925 ], [ -46.878278213844816, -23.621044097625738 ], [ -46.878173474656712, -23.621196126236043 ], [ -46.877735943600293, -23.621521811420802 ], [ -46.877424704311764, -23.621546522323481 ], [ -46.877098325992563, -23.621518243338535 ], [ -46.87684581580956, -23.621462348362435 ], [ -46.87663448882487, -23.621415794847852 ], [ -46.876447127112769, -23.62141219328716 ], [ -46.876276927802891, -23.621433480611671 ], [ -46.875822753781392, -23.621459104479811 ], [ -46.875292765498287, -23.621466505017061 ], [ -46.874992796552576, -23.621482588879317 ], [ -46.874704514819641, -23.621519294386591 ], [ -46.874450313744852, -23.621565969308215 ], [ -46.874159042097162, -23.621653806107705 ], [ -46.873832587972061, -23.62181898242952 ], [ -46.873486384406796, -23.622038742720875 ], [ -46.873385610905615, -23.622140527091904 ], [ -46.873347554016647, -23.622186214909302 ], [ -46.873258593175599, -23.622226559198918 ], [ -46.873180218911308, -23.622187423060804 ], [ -46.873045331620311, -23.622157635716931 ], [ -46.872869150592301, -23.622082306055511 ], [ -46.872656993595704, -23.621892128069089 ], [ -46.872500612210999, -23.621771420965054 ], [ -46.872455739749284, -23.621764018297323 ], [ -46.872410966300308, -23.621786315214802 ], [ -46.872172993279193, -23.621894629640234 ], [ -46.872039349942007, -23.621997802897919 ], [ -46.871835077379274, -23.622100744975473 ], [ -46.87170978077404, -23.622154436291606 ], [ -46.871519746544735, -23.622224435999524 ], [ -46.871290965702094, -23.622263216000686 ], [ -46.87123961679395, -23.62228342529065 ], [ -46.870886602868822, -23.622416687496191 ], [ -46.870576159754982, -23.622639982463337 ], [ -46.870505917185554, -23.62274094556005 ], [ -46.870442503334132, -23.62287892973934 ], [ -46.870378447929859, -23.623051407074708 ], [ -46.870266066153384, -23.623559391099914 ], [ -46.87026615998623, -23.623725317301087 ], [ -46.870282734829999, -23.623868204958185 ], [ -46.870139779787607, -23.624169464322836 ], [ -46.870159136777517, -23.624235132450014 ], [ -46.870173020390013, -23.624279561420959 ], [ -46.870091449646168, -23.624430764139174 ], [ -46.869927901659601, -23.624664745140922 ], [ -46.869780288664934, -23.62480311215219 ], [ -46.869545146383196, -23.624877986638378 ], [ -46.869344273494619, -23.624885011593864 ], [ -46.86927325415607, -23.624800466301593 ], [ -46.869165410282605, -23.624529764107489 ], [ -46.869106040871308, -23.624377822677015 ], [ -46.869085936206119, -23.624259442183952 ], [ -46.869013137099444, -23.624026684889092 ], [ -46.869017031856892, -23.623868384020582 ], [ -46.8690620364344, -23.623583291611343 ], [ -46.86904813853576, -23.623497967627497 ], [ -46.869045674014011, -23.623233217608529 ], [ -46.869060553329746, -23.623051763981174 ], [ -46.86904423781835, -23.62290426890225 ], [ -46.869033444140392, -23.622547988996679 ], [ -46.869044944279352, -23.622441595494898 ], [ -46.869004739761031, -23.622131078779685 ], [ -46.868989795142149, -23.622000448782181 ], [ -46.868994693299911, -23.621969786177225 ], [ -46.868996708696535, -23.621929589037755 ], [ -46.868996225798035, -23.621895560770852 ], [ -46.868985370675972, -23.621853803445497 ], [ -46.868976773644448, -23.621828810266774 ], [ -46.868965818232624, -23.621802762186871 ], [ -46.868954865387181, -23.621776894627146 ], [ -46.86894651587145, -23.621752259568403 ], [ -46.868939816912579, -23.62172435468494 ], [ -46.868930078544018, -23.621698653043662 ], [ -46.868917959923145, -23.621676049463879 ], [ -46.868907636694644, -23.621654688118976 ], [ -46.86889381117286, -23.621631382891181 ], [ -46.868880985916803, -23.621610232238027 ], [ -46.868862419207687, -23.621588789645141 ], [ -46.868843601054252, -23.621572405540071 ], [ -46.868821412635405, -23.621557687002053 ], [ -46.868794005948622, -23.621545378500016 ], [ -46.868764754997862, -23.621539772640372 ], [ -46.868737257061518, -23.621538117806764 ], [ -46.868712470242549, -23.621533902579994 ], [ -46.868685549498984, -23.621527365874911 ], [ -46.868653664502027, -23.621518361230518 ], [ -46.868622142496264, -23.621506463371727 ], [ -46.868592376180345, -23.621493009665173 ], [ -46.868568678338207, -23.621480114791769 ], [ -46.868544936961442, -23.62146415105121 ], [ -46.868523280851363, -23.621447078877381 ], [ -46.868500692481909, -23.621426948540954 ], [ -46.868480629201287, -23.621408232205884 ], [ -46.868459174512694, -23.621388268760558 ], [ -46.868439612772995, -23.621365032573298 ], [ -46.868425324496968, -23.62133758016931 ], [ -46.86841790365682, -23.621310045053871 ], [ -46.868420056905371, -23.621308033046112 ], [ -46.868414195717875, -23.621270819601964 ], [ -46.868392161775098, -23.621175843669953 ], [ -46.868401100066045, -23.62107110600251 ], [ -46.868383750247894, -23.620947456121939 ], [ -46.868340845299706, -23.620833773545876 ], [ -46.868204407484527, -23.620683120794215 ], [ -46.868074003429072, -23.620598928759986 ], [ -46.867948313430382, -23.620476763869256 ], [ -46.867847869332259, -23.620311413742911 ], [ -46.867753122122721, -23.620188785844835 ], [ -46.867669978024757, -23.620080913759896 ], [ -46.867643902029535, -23.620054144826963 ], [ -46.867627018152064, -23.620037376162216 ], [ -46.867606199924673, -23.62001668270646 ], [ -46.867587106502761, -23.61999795455991 ], [ -46.867564414702592, -23.61997620033781 ], [ -46.867544177399701, -23.619956583193456 ], [ -46.867524904493642, -23.619936593332554 ], [ -46.867503247659556, -23.619913743327952 ], [ -46.86748595985587, -23.619896979507921 ], [ -46.867459066882375, -23.619875275838734 ], [ -46.867431873782529, -23.619855200747889 ], [ -46.867404969136658, -23.619838372121684 ], [ -46.867372203934544, -23.619818544641234 ], [ -46.867340574954319, -23.619799064582143 ], [ -46.867313281724314, -23.619783323929816 ], [ -46.867284190594404, -23.619766160492915 ], [ -46.867258755602407, -23.619750397464738 ], [ -46.867225397845075, -23.619734368681815 ], [ -46.867195992342026, -23.619723528342845 ], [ -46.867171227834788, -23.619715159876034 ], [ -46.867139884602608, -23.619704433122898 ], [ -46.867108381069883, -23.619693798568488 ], [ -46.867075915710274, -23.619683717239564 ], [ -46.867051651324168, -23.619676426048269 ], [ -46.867028267979848, -23.619668582593324 ], [ -46.86699042939653, -23.61965567707027 ], [ -46.866964043948798, -23.619646966970492 ], [ -46.866938628012257, -23.61963824519934 ], [ -46.866912247688198, -23.619629896133453 ], [ -46.866884486221799, -23.619621022025392 ], [ -46.866856151536837, -23.619611613152614 ], [ -46.866829743078419, -23.619601278334539 ], [ -46.866801089268883, -23.619586456719947 ], [ -46.866775568455921, -23.619570333535272 ], [ -46.866749675869706, -23.619550784324108 ], [ -46.866730401659119, -23.619536391493764 ], [ -46.866710410555726, -23.619522729496023 ], [ -46.866681940310897, -23.619503752944155 ], [ -46.866659161347854, -23.61948723564419 ], [ -46.866638980533565, -23.61947158984265 ], [ -46.866615214166849, -23.61945382054888 ], [ -46.866592458244362, -23.619438927932475 ], [ -46.866563640352389, -23.619423927692239 ], [ -46.86654132677355, -23.619411738031797 ], [ -46.866519568511748, -23.619398819477418 ], [ -46.866496575348549, -23.619384290804778 ], [ -46.866475205708163, -23.6193702842539 ], [ -46.866450750621325, -23.61935523150434 ], [ -46.866422603617082, -23.61933625101198 ], [ -46.866396064790244, -23.619316709510528 ], [ -46.866374302939505, -23.619297832747638 ], [ -46.866356345999094, -23.619279451866728 ], [ -46.86633804415365, -23.619259540436968 ], [ -46.866320497799997, -23.619235918592011 ], [ -46.866301417903969, -23.619206718067154 ], [ -46.866286358214644, -23.619181802437698 ], [ -46.866271574157935, -23.619159230672278 ], [ -46.866256704199003, -23.619136298833606 ], [ -46.866239674825735, -23.619109240262734 ], [ -46.86622877391838, -23.61908698288714 ], [ -46.866219084895135, -23.61906471093312 ], [ -46.866206726129789, -23.619036512861474 ], [ -46.866197342379202, -23.619012973366555 ], [ -46.866187615003632, -23.618987993584668 ], [ -46.866176202738529, -23.618958159152768 ], [ -46.866168611767854, -23.618935681405649 ], [ -46.866158508577755, -23.618912692218363 ], [ -46.866145433993431, -23.618891002637714 ], [ -46.866131642516521, -23.6188700438883 ], [ -46.866109060536694, -23.618838899380123 ], [ -46.866094644474728, -23.618819482834922 ], [ -46.866077502186499, -23.618795856095996 ], [ -46.866063987865289, -23.618771644061709 ], [ -46.866050751728018, -23.618749956414309 ], [ -46.866038441622038, -23.618725188236116 ], [ -46.866026926652282, -23.61869950773103 ], [ -46.866013032923199, -23.618671328100405 ], [ -46.865999948159683, -23.618648916417055 ], [ -46.865986305530349, -23.618627053099146 ], [ -46.865974015907348, -23.618603729087575 ], [ -46.865958429171421, -23.618581528043407 ], [ -46.86594301681037, -23.618560227662478 ], [ -46.865924854979298, -23.618538779794115 ], [ -46.865901418679933, -23.618515770384413 ], [ -46.865881371561002, -23.618498136785231 ], [ -46.865860728220731, -23.618478343723851 ], [ -46.865841784068586, -23.618458710777272 ], [ -46.865824337641278, -23.618442129208479 ], [ -46.865799290658053, -23.618419500256206 ], [ -46.865773508887933, -23.618396338478199 ], [ -46.865751066430605, -23.61837503233971 ], [ -46.865728031592049, -23.618351837520073 ], [ -46.865704358099528, -23.618329192033887 ], [ -46.865678596818292, -23.618307474411555 ], [ -46.865650416912189, -23.618286146972817 ], [ -46.86563106732897, -23.618272115999289 ], [ -46.865612426976739, -23.61825681262756 ], [ -46.865594190586492, -23.618241504395932 ], [ -46.865568949882579, -23.618222308228617 ], [ -46.865549188689712, -23.618207740535638 ], [ -46.865531113896516, -23.618192430352739 ], [ -46.865505082173541, -23.618168729872707 ], [ -46.865481959970602, -23.618150772084785 ], [ -46.865462373163297, -23.61813710504531 ], [ -46.865436438608874, -23.618120264379193 ], [ -46.865427983888743, -23.618116664706399 ], [ -46.86540643993748, -23.618107444726853 ], [ -46.865373558342782, -23.618096465254567 ], [ -46.865346993824495, -23.618086493141746 ], [ -46.865324481663919, -23.618077375066978 ], [ -46.865291582188696, -23.61806513192391 ], [ -46.865266398805183, -23.61805568484964 ], [ -46.865235576911722, -23.618041791744343 ], [ -46.865213508615838, -23.618029779476171 ], [ -46.865192566291476, -23.618017392563509 ], [ -46.865166399642995, -23.618001276849235 ], [ -46.86514170002615, -23.617986046257101 ], [ -46.865116007914132, -23.617969202618962 ], [ -46.865090444163776, -23.617950010250222 ], [ -46.865065153465999, -23.617932981224929 ], [ -46.86504448193979, -23.617916889708457 ], [ -46.86502467995448, -23.617899433592513 ], [ -46.865005026777901, -23.617881072922334 ], [ -46.86498694953513, -23.617865582146749 ], [ -46.86496650123452, -23.617848133791398 ], [ -46.864949049885254, -23.617831191067186 ], [ -46.86492871717455, -23.617810491371056 ], [ -46.864913015130952, -23.617791541537688 ], [ -46.864898999486186, -23.617771849222251 ], [ -46.864886331740749, -23.617750335178556 ], [ -46.864875612223109, -23.617723742245374 ], [ -46.864867632934164, -23.617702352399025 ], [ -46.864859594868939, -23.617676810549845 ], [ -46.864854512859104, -23.617648885986913 ], [ -46.864850521039045, -23.617618059479405 ], [ -46.864846269946305, -23.617591749901703 ], [ -46.864842602863817, -23.617555322361255 ], [ -46.864839505851613, -23.617530623884825 ], [ -46.864839117405594, -23.617503184565013 ], [ -46.864840096020004, -23.617475277432728 ], [ -46.86484017286373, -23.617452165781735 ], [ -46.864839850863468, -23.617429420029566 ], [ -46.864838286331079, -23.617404522580856 ], [ -46.864831234689035, -23.617374455058123 ], [ -46.864817026856748, -23.617352598410594 ], [ -46.864802921835036, -23.617326587816869 ], [ -46.864786558210668, -23.617306562601829 ], [ -46.864772211810688, -23.617286332587788 ], [ -46.864753848865085, -23.61726777581849 ], [ -46.864731456597767, -23.617249989683149 ], [ -46.864709100111376, -23.617234730850203 ], [ -46.864687958049693, -23.617219637971203 ], [ -46.864666156888745, -23.617203650247216 ], [ -46.864637447619479, -23.617184856699016 ], [ -46.864616891551947, -23.617171201187688 ], [ -46.864596494515226, -23.61715736320966 ], [ -46.864572168415847, -23.617139961394027 ], [ -46.864544701698129, -23.617123319525941 ], [ -46.86451545758753, -23.617106699011529 ], [ -46.864486945712059, -23.617090430797234 ], [ -46.864456621643079, -23.617077434300377 ], [ -46.864428218675975, -23.617063150844366 ], [ -46.864400478959837, -23.617044345598124 ], [ -46.864378704687603, -23.617030253309281 ], [ -46.864354355645631, -23.617011226758809 ], [ -46.864332858874739, -23.616988193774656 ], [ -46.864313980629632, -23.616967476507739 ], [ -46.864296688510898, -23.616950351232195 ], [ -46.864275355896531, -23.616927496819059 ], [ -46.864255439203312, -23.616901917100797 ], [ -46.864240040095375, -23.616881519126014 ], [ -46.864221956057193, -23.61685411185691 ], [ -46.864204559226486, -23.616829585170368 ], [ -46.864177248778155, -23.616795427749377 ], [ -46.864145947668575, -23.616759061360632 ], [ -46.864128183952076, -23.616737157084849 ], [ -46.864108385472996, -23.616708506529299 ], [ -46.864094548581349, -23.616684298163346 ], [ -46.864083799620261, -23.616661316565782 ], [ -46.864071588768709, -23.616637810872415 ], [ -46.864054356131938, -23.616613462745519 ], [ -46.864038411991388, -23.616594515715679 ], [ -46.864019704372332, -23.616574428291081 ], [ -46.863996294302652, -23.616553223764331 ], [ -46.863972268567096, -23.616534193261401 ], [ -46.863949653646571, -23.61651207641123 ], [ -46.863935213903524, -23.616490944664964 ], [ -46.863918645515547, -23.616467852409173 ], [ -46.863905415086208, -23.616446525579548 ], [ -46.863892932208955, -23.616426634189569 ], [ -46.863877960155044, -23.616407856015719 ], [ -46.863852401058253, -23.616383246779161 ], [ -46.863830697865914, -23.616362743930679 ], [ -46.863809661436086, -23.616343677490764 ], [ -46.863790625278696, -23.616328920284083 ], [ -46.863767206946122, -23.616318548976675 ], [ -46.863741191488288, -23.616313083783155 ], [ -46.863714691289672, -23.616307624407618 ], [ -46.863690294198143, -23.61630232031899 ], [ -46.863667472056001, -23.616294108466747 ], [ -46.863642612279328, -23.616284657216422 ], [ -46.863619880218785, -23.616271388800179 ], [ -46.863584073582153, -23.61624780536005 ], [ -46.86355368594819, -23.616230295617335 ], [ -46.863529747156775, -23.616217402785544 ], [ -46.863507663995151, -23.616204307110767 ], [ -46.863482494559037, -23.616184387496851 ], [ -46.863462134249509, -23.616161701831523 ], [ -46.863441861121146, -23.616139466497771 ], [ -46.863421341798528, -23.616116963288633 ], [ -46.863400090263262, -23.616094107764408 ], [ -46.863365693613488, -23.616061660253948 ], [ -46.863342872251188, -23.61604207352153 ], [ -46.863318160441594, -23.616025939988631 ], [ -46.863291053015502, -23.616011821299281 ], [ -46.863268195200369, -23.616001082074714 ], [ -46.863244938543843, -23.615990708741396 ], [ -46.863222373258836, -23.61597779936443 ], [ -46.863197671687736, -23.615962387898705 ], [ -46.863173013524836, -23.615950045303485 ], [ -46.863142956831304, -23.615933073157546 ], [ -46.863121938438546, -23.615915270267106 ], [ -46.863097792209871, -23.615899129904992 ], [ -46.863071954498494, -23.615883370954201 ], [ -46.863041976972418, -23.615871994970767 ], [ -46.863013792152685, -23.615861680772877 ], [ -46.862982689578892, -23.615856457078177 ], [ -46.86294996444353, -23.615856488887228 ], [ -46.862913484667587, -23.615853857477354 ], [ -46.862879617362729, -23.615847403086352 ], [ -46.862855334356304, -23.615844444675655 ], [ -46.86282935220401, -23.615841326107692 ], [ -46.862798163744323, -23.615835742300973 ], [ -46.862767329077876, -23.615832320873306 ], [ -46.862735512167902, -23.615828008467577 ], [ -46.862676221383147, -23.615806512254949 ], [ -46.862653108515985, -23.615794873233089 ], [ -46.862630644526398, -23.615783406970955 ], [ -46.862606966135836, -23.615771774730476 ], [ -46.862580303618024, -23.615760539413078 ], [ -46.862551389189157, -23.615750053333326 ], [ -46.862522646553543, -23.615740287396822 ], [ -46.862490937655821, -23.615732182034812 ], [ -46.86245909780633, -23.61572624487108 ], [ -46.862432592660412, -23.615720424221003 ], [ -46.862404857800392, -23.615713354456968 ], [ -46.862376684540727, -23.61570385248741 ], [ -46.862353229011333, -23.615696550797701 ], [ -46.862328253783389, -23.615690350660849 ], [ -46.862303485201707, -23.615681620300819 ], [ -46.862271613472387, -23.6156734265704 ], [ -46.862243490856152, -23.615673222435859 ], [ -46.862221539319521, -23.615669423454136 ], [ -46.86205519533118, -23.615597302843113 ], [ -46.861872314643279, -23.615618635997485 ], [ -46.861682700648146, -23.615649528749191 ], [ -46.861508142850433, -23.615682317001866 ], [ -46.861356952063311, -23.61570471379267 ], [ -46.861189293778793, -23.61577975856963 ], [ -46.861143690559366, -23.615800527493576 ], [ -46.861104630616133, -23.615798287709236 ], [ -46.861083837278009, -23.615807835585098 ], [ -46.860880577570136, -23.615799440246864 ], [ -46.860804735247235, -23.615778864015493 ], [ -46.860746034499861, -23.615759075223224 ], [ -46.860673513861975, -23.61575055613444 ], [ -46.860641134184576, -23.615683507913914 ], [ -46.86058052515228, -23.615620138414457 ], [ -46.860477867557996, -23.615548877360105 ], [ -46.860418849844478, -23.615443690710372 ], [ -46.860388229720762, -23.615392509983636 ], [ -46.860281861870618, -23.61529881442911 ], [ -46.860229430041386, -23.615230832912154 ], [ -46.860183203572575, -23.615178846193562 ], [ -46.860164743550932, -23.615078950894809 ], [ -46.860129003665236, -23.614934124505996 ], [ -46.860103379915849, -23.61479612812273 ], [ -46.860083087816975, -23.61463513759292 ], [ -46.860091867494965, -23.614455743266426 ], [ -46.860044768698998, -23.614238922090582 ], [ -46.859949609901655, -23.61407485676682 ], [ -46.859832291290381, -23.613834953885942 ], [ -46.859752061501098, -23.613652293067936 ], [ -46.859478822511463, -23.613345648324461 ], [ -46.859389872313244, -23.613283610910567 ], [ -46.859300598870867, -23.613250194969773 ], [ -46.859090874736182, -23.61305825207787 ], [ -46.858802657982615, -23.612932609323558 ], [ -46.858564127891668, -23.612921022131236 ], [ -46.858405621233317, -23.612917233058777 ], [ -46.858125149387817, -23.612939640078526 ], [ -46.857930296514269, -23.61290252229492 ], [ -46.857740903133369, -23.612742562758381 ], [ -46.85764224908047, -23.612611127477308 ], [ -46.85758532738253, -23.612545455582818 ], [ -46.857527886574701, -23.612442957030396 ], [ -46.857442931463282, -23.612377620635627 ], [ -46.857366571159687, -23.612308660531127 ], [ -46.8572812561451, -23.612183384684801 ], [ -46.857224233667438, -23.612162129929587 ], [ -46.85708164563961, -23.612192724878096 ], [ -46.857011268802196, -23.612261635633505 ], [ -46.856940410354277, -23.612325045250113 ], [ -46.856850864223659, -23.612409803177183 ], [ -46.856794805234685, -23.61245118870643 ], [ -46.85667210381537, -23.612545551466422 ], [ -46.856638303366672, -23.612624045146131 ], [ -46.856555103574578, -23.612826628251458 ], [ -46.85643661459261, -23.613059424783916 ], [ -46.856326710224145, -23.613230549890819 ], [ -46.856228749912461, -23.61345226751699 ], [ -46.856199168593442, -23.613514821962585 ], [ -46.856170869488274, -23.613869135105269 ], [ -46.856140234416465, -23.614046172901066 ], [ -46.856132661250207, -23.614214087722658 ], [ -46.856003746395118, -23.614400967625244 ], [ -46.85592244110007, -23.614520202474719 ], [ -46.855797770437093, -23.614727343706861 ], [ -46.855689782698079, -23.614948639323256 ], [ -46.855551555656817, -23.61527763540402 ], [ -46.855540337513055, -23.615485134964892 ], [ -46.85541747340109, -23.615849335670692 ], [ -46.855017985077566, -23.616377806932274 ], [ -46.8547568921772, -23.616669542616112 ], [ -46.854787939532279, -23.616745455236249 ], [ -46.854731095410884, -23.616800120176684 ], [ -46.854625895836207, -23.616835141135425 ], [ -46.854174178479944, -23.616954378761765 ], [ -46.854087348209923, -23.616985568783022 ], [ -46.853806472072307, -23.617060333752711 ], [ -46.853944876284054, -23.617329148933532 ], [ -46.853977033863714, -23.617386361191809 ], [ -46.854039003174428, -23.617580979385096 ], [ -46.854088429204808, -23.617642228263779 ], [ -46.854295417233793, -23.617886570978225 ], [ -46.854266606716415, -23.618032712079657 ], [ -46.854245942974281, -23.618103194263764 ], [ -46.854258539702194, -23.618291992728235 ], [ -46.854473731437871, -23.618665513205837 ], [ -46.854546069859886, -23.618775779067601 ], [ -46.854509547998738, -23.619183453473262 ], [ -46.854456547141112, -23.619310293715902 ], [ -46.854388879086663, -23.619457170112248 ], [ -46.854339688729297, -23.619579180115849 ], [ -46.854209877849961, -23.619628307383302 ], [ -46.85398913009611, -23.61968682672644 ], [ -46.853816743082838, -23.619730865307446 ], [ -46.853663163153534, -23.61981936593557 ], [ -46.853488377109898, -23.619905411471077 ], [ -46.853297573653855, -23.619932787780829 ], [ -46.853076386937659, -23.619931457683382 ], [ -46.853018038886056, -23.619913828435006 ], [ -46.852715088922928, -23.619890453818169 ], [ -46.852125276976906, -23.619758018697443 ], [ -46.851808122211104, -23.619672611203949 ], [ -46.851621281530583, -23.61952778044882 ], [ -46.851356578959461, -23.619483182991704 ], [ -46.851055052689247, -23.619515037437793 ], [ -46.850233033479263, -23.619407573323155 ], [ -46.849696587339395, -23.619352040039939 ], [ -46.848921194026197, -23.619624439458232 ], [ -46.848577172624353, -23.619881584840673 ], [ -46.848530219034075, -23.61988124152899 ], [ -46.848467471751874, -23.619884065513688 ], [ -46.848412042458534, -23.619884364811064 ], [ -46.848355348064764, -23.619880887533991 ], [ -46.84830415015248, -23.619877525307519 ], [ -46.848250983070677, -23.619877797596317 ], [ -46.848195599368651, -23.619881346239058 ], [ -46.848144868747596, -23.619882492234836 ], [ -46.848095132973732, -23.619885431900059 ], [ -46.847863923881945, -23.619947317256862 ], [ -46.847464235041357, -23.62010735350157 ], [ -46.847194554393347, -23.620289764245637 ], [ -46.84676790861301, -23.620838400588351 ], [ -46.846453428157858, -23.6210359682978 ], [ -46.846378200392721, -23.621088140910757 ], [ -46.84632344930079, -23.621154152988698 ], [ -46.846288961247993, -23.621224528021656 ], [ -46.846264457122651, -23.621280791313627 ], [ -46.846255077781365, -23.621332270484466 ], [ -46.846226136458021, -23.621435169451555 ], [ -46.846222158582648, -23.621514570174281 ], [ -46.846233091175755, -23.621596953141818 ], [ -46.846229349547833, -23.621681677387905 ], [ -46.846236516060586, -23.621714452886248 ], [ -46.846251884244566, -23.621778908239083 ], [ -46.84625338990039, -23.621805612277438 ], [ -46.846264113214666, -23.621855768881929 ], [ -46.846272545185066, -23.621903876386373 ], [ -46.846268877124217, -23.621959259768108 ], [ -46.846257426195187, -23.622012839959954 ], [ -46.846248045554717, -23.622064228867398 ], [ -46.846260714816445, -23.622091793091084 ], [ -46.846327030310881, -23.622187780657214 ], [ -46.846349632117686, -23.622209087830559 ], [ -46.846348097276199, -23.622255237580685 ], [ -46.84631682358031, -23.622301289888892 ], [ -46.846271660349764, -23.622336493717224 ], [ -46.846223570947458, -23.622376246201803 ], [ -46.846186243514076, -23.622411266476306 ], [ -46.846148496002655, -23.622456673582938 ], [ -46.846114631688835, -23.622502395577548 ], [ -46.846078426825422, -23.622548325972378 ], [ -46.846046193192237, -23.622583556430367 ], [ -46.845997734904799, -23.622620063273661 ], [ -46.845959191620302, -23.622654827136589 ], [ -46.845916625523721, -23.622708145620287 ], [ -46.845883028411201, -23.622744114487222 ], [ -46.84583794840767, -23.622785275485043 ], [ -46.845790224735161, -23.622822315189616 ], [ -46.845747315695228, -23.622851172675627 ], [ -46.845694287969565, -23.622913372436603 ], [ -46.845685896032329, -23.622937305381079 ], [ -46.84566286209887, -23.62294859321246 ], [ -46.845618751960011, -23.622960944284923 ], [ -46.845560242529494, -23.622972202777362 ], [ -46.845542232753814, -23.622972958699467 ], [ -46.845493000552061, -23.622971558308326 ], [ -46.845438120263736, -23.62297076675366 ], [ -46.845382363722706, -23.622965110650657 ], [ -46.845320163643947, -23.622955197884725 ], [ -46.845264116666804, -23.622946114671041 ], [ -46.845215581134418, -23.622936761536398 ], [ -46.845163460261368, -23.622925284385904 ], [ -46.84510631490982, -23.622912783655799 ], [ -46.84504869744115, -23.622901191288371 ], [ -46.844998710282596, -23.622897813625588 ], [ -46.844946753821183, -23.62289807044408 ], [ -46.844888211337746, -23.62290120415474 ], [ -46.844834018016861, -23.622909070798855 ], [ -46.844770253028514, -23.622920120664862 ], [ -46.844717721112943, -23.622931217481057 ], [ -46.84465995783507, -23.622949598640933 ], [ -46.844599508179932, -23.622972345015679 ], [ -46.844536977821406, -23.622985005092129 ], [ -46.844469541461578, -23.622987793013618 ], [ -46.844399976605288, -23.6229886201201 ], [ -46.844341594380332, -23.622991661444512 ], [ -46.844286885969225, -23.623003145102164 ], [ -46.844226022025616, -23.623019396321258 ], [ -46.844157245165967, -23.62303610269344 ], [ -46.84410998759396, -23.623048761592127 ], [ -46.8440625002643, -23.623062325977504 ], [ -46.844001396400884, -23.623078760516915 ], [ -46.843941294925578, -23.623097530318688 ], [ -46.84388081472926, -23.623118110138527 ], [ -46.843818834781501, -23.623141235516087 ], [ -46.84375748735448, -23.623169138030701 ], [ -46.843697729352783, -23.623200903540987 ], [ -46.843641580662847, -23.623236508043231 ], [ -46.843589869456721, -23.623277386130429 ], [ -46.843548578402931, -23.623323737539273 ], [ -46.84351397068977, -23.623374162254343 ], [ -46.843476901242475, -23.623427685633974 ], [ -46.843433534750012, -23.623481644944498 ], [ -46.843399229790677, -23.623519066156888 ], [ -46.843360203342449, -23.623559793438748 ], [ -46.843327971239191, -23.623595203912078 ], [ -46.843285767176731, -23.623634073119796 ], [ -46.843230318879449, -23.623673551073292 ], [ -46.843223345223812, -23.623677606122158 ], [ -46.843168911807084, -23.623708766515175 ], [ -46.84311443035925, -23.623736496936051 ], [ -46.843058999547807, -23.623765683049921 ], [ -46.843006204661215, -23.623792671180816 ], [ -46.842949690563138, -23.623813745200298 ], [ -46.842891951874272, -23.623833930978517 ], [ -46.842832407865863, -23.623852152089199 ], [ -46.842775439208225, -23.623869620368449 ], [ -46.842723131444622, -23.62388522772105 ], [ -46.842672709727616, -23.623897021019474 ], [ -46.842624449287051, -23.623907344197676 ], [ -46.842565079392685, -23.623920688183453 ], [ -46.84251388251829, -23.623934837840583 ], [ -46.84246417532114, -23.623951497543636 ], [ -46.842406446588086, -23.623972405245077 ], [ -46.842355158795975, -23.623991611443071 ], [ -46.842307217723693, -23.624013215356772 ], [ -46.842260484789129, -23.62403453407746 ], [ -46.842211946543912, -23.624053888130273 ], [ -46.84215771595931, -23.62408224719076 ], [ -46.842116456925027, -23.624107834161197 ], [ -46.842065812903698, -23.624144185253556 ], [ -46.842025265854126, -23.624174458150861 ], [ -46.841973940055134, -23.624202511826844 ], [ -46.841778237512109, -23.624313619334554 ], [ -46.841753914026526, -23.624307859567718 ], [ -46.841719594523624, -23.624298065734418 ], [ -46.841524452188132, -23.624385694262159 ], [ -46.841407043019068, -23.624576940615672 ], [ -46.841364826698261, -23.624614996992481 ], [ -46.841314750389088, -23.624645743942956 ], [ -46.841264542776699, -23.624672881355874 ], [ -46.84122000352631, -23.624700854242455 ], [ -46.8411789334357, -23.624734202562017 ], [ -46.841142559626341, -23.62476821734699 ], [ -46.841106402948988, -23.624800424006516 ], [ -46.841072559039297, -23.624836214289989 ], [ -46.841040790554217, -23.624875952123954 ], [ -46.841013588311711, -23.624918614900334 ], [ -46.840994782608568, -23.624960726635244 ], [ -46.840969792170561, -23.624999752073528 ], [ -46.840943722299087, -23.625042491677377 ], [ -46.84091748324655, -23.625084691623101 ], [ -46.840880013449635, -23.625121247117281 ], [ -46.840836860130125, -23.625150106226684 ], [ -46.840780357500904, -23.625195193054001 ], [ -46.840779839869334, -23.625198629724114 ], [ -46.840765402317686, -23.625217939785436 ], [ -46.840744485863638, -23.625236243404942 ], [ -46.840723372481413, -23.625252021601693 ], [ -46.840701228920636, -23.625269256453009 ], [ -46.840675649030658, -23.625277684928321 ], [ -46.840650705370251, -23.625291161364167 ], [ -46.840622456596925, -23.625305218677024 ], [ -46.840594647128441, -23.625321798529445 ], [ -46.840564928802841, -23.625340567676066 ], [ -46.840541280340283, -23.625359987011826 ], [ -46.840518202551507, -23.625373982950414 ], [ -46.840502121246004, -23.625391326398507 ], [ -46.840488080048601, -23.625410090071558 ], [ -46.840468860206727, -23.625434151257146 ], [ -46.84044820997935, -23.625459944675942 ], [ -46.840434170028857, -23.62547879860697 ], [ -46.840437897992544, -23.625485344599465 ], [ -46.840384905821736, -23.625544563139933 ], [ -46.840308713514474, -23.625597466690213 ], [ -46.840248533609099, -23.625697485413916 ], [ -46.840280374467007, -23.625772759825058 ], [ -46.840246600684083, -23.625929249528983 ], [ -46.840162110269738, -23.626492858443545 ], [ -46.840182762486236, -23.626866179832952 ], [ -46.840219502870632, -23.627095408731805 ], [ -46.840183140596743, -23.627263304035463 ], [ -46.84011773717949, -23.627353905614921 ], [ -46.840014470083972, -23.627400901152786 ], [ -46.8399213918184, -23.627390540117389 ], [ -46.839790829849605, -23.627352186370274 ], [ -46.839339418406581, -23.627144125115674 ], [ -46.839239877335885, -23.627087618437475 ], [ -46.839150152115913, -23.627028016159311 ], [ -46.839067193618007, -23.626978444627042 ], [ -46.83898051767833, -23.626905715911356 ], [ -46.838787600239549, -23.626765365226568 ], [ -46.838632110801882, -23.626712681068774 ], [ -46.838390614009427, -23.626785598544689 ], [ -46.838049729798023, -23.626737729049086 ], [ -46.837667031821489, -23.626681597302099 ], [ -46.837389275051073, -23.626599936980629 ], [ -46.837142496339631, -23.626537589659591 ], [ -46.83685941926143, -23.626375734974019 ], [ -46.836630778343924, -23.626101562326532 ], [ -46.836342145165695, -23.625854099349354 ], [ -46.836091296515356, -23.625534508433386 ], [ -46.83570468522737, -23.625394460128735 ], [ -46.835452819321745, -23.625303191169046 ], [ -46.83512474647334, -23.625020352306887 ], [ -46.834324003355484, -23.62431311217324 ], [ -46.833850532049944, -23.623802053331843 ], [ -46.833754279755524, -23.623534525942731 ], [ -46.833733492496592, -23.62349252189296 ], [ -46.833577914827288, -23.623247362175373 ], [ -46.833364856796067, -23.623017777354097 ], [ -46.833190746632305, -23.622962147737518 ], [ -46.832887106154622, -23.623028929745409 ], [ -46.83258978005361, -23.623148809933053 ], [ -46.83232095597328, -23.623313491595567 ], [ -46.832144603616364, -23.623462636324771 ], [ -46.832038598253881, -23.623556783676374 ], [ -46.831815947493425, -23.623741231622201 ], [ -46.8317777654038, -23.623767411542861 ], [ -46.831704357093905, -23.623747604841203 ], [ -46.831511616192628, -23.62366556151866 ], [ -46.831213242023466, -23.623628910584159 ], [ -46.830813223206057, -23.623732756740406 ], [ -46.830650741445133, -23.623734674286386 ], [ -46.830448278194076, -23.623691473348853 ], [ -46.830188075748367, -23.62362205069082 ], [ -46.829951786371545, -23.623528873361504 ], [ -46.829763923276403, -23.623326701261576 ], [ -46.829698820442253, -23.623259038850978 ], [ -46.829412868912939, -23.622900759850754 ], [ -46.829236561686272, -23.622617020464844 ], [ -46.829116939590712, -23.622527972926093 ], [ -46.828670783756067, -23.622195594999585 ], [ -46.828442809470502, -23.622031720154329 ], [ -46.827903494221083, -23.621659271237068 ], [ -46.827591367022023, -23.621440595030748 ], [ -46.827368146389745, -23.621339585901797 ], [ -46.827209654746184, -23.621267786217331 ], [ -46.826743467894204, -23.621046137895704 ], [ -46.826497008018109, -23.620918317805128 ], [ -46.825521987605704, -23.620411871227237 ], [ -46.824291333262693, -23.619703674484448 ], [ -46.823561863598101, -23.619527090726528 ], [ -46.823355779483435, -23.619472728182689 ], [ -46.822904453270489, -23.619500691403911 ], [ -46.822713150954662, -23.61935244603778 ], [ -46.822323704707998, -23.61899356269015 ], [ -46.82220099588195, -23.618873580365086 ], [ -46.821951756447291, -23.618526681126145 ], [ -46.821842904259121, -23.618391910756813 ], [ -46.821750736894664, -23.618300819385304 ], [ -46.821546155303366, -23.618068589440586 ], [ -46.821302444168175, -23.617788158786944 ], [ -46.821085428164096, -23.61727594210144 ], [ -46.820971371172178, -23.616904794524991 ], [ -46.820628960465136, -23.616563048656989 ], [ -46.82029598290368, -23.616243038501917 ], [ -46.820223303959004, -23.6161235507569 ], [ -46.820228123132111, -23.616074653912658 ], [ -46.820224920731285, -23.615632330057334 ], [ -46.820137518528952, -23.615382924577581 ], [ -46.820048367316751, -23.615065379759006 ], [ -46.819947965840576, -23.614957050333498 ], [ -46.819840633418956, -23.614867579915479 ], [ -46.819743463909695, -23.614788462464098 ], [ -46.819545150726704, -23.614640836471661 ], [ -46.819361116162391, -23.614409535743754 ], [ -46.819293771413129, -23.614225616767175 ], [ -46.819155914458463, -23.613997024337849 ], [ -46.819100124284866, -23.613906678247499 ], [ -46.819072563026701, -23.613794966465903 ], [ -46.819091231072193, -23.613736608657092 ], [ -46.819102780355834, -23.613665966225749 ], [ -46.81919044750903, -23.613507584116956 ], [ -46.819213665954983, -23.613351582538833 ], [ -46.8192186176814, -23.613247885455721 ], [ -46.819188662963427, -23.613179354582304 ], [ -46.819060458489091, -23.613082093457738 ], [ -46.818966286491282, -23.613009259729861 ], [ -46.818823478419766, -23.612890141755553 ], [ -46.81876211851624, -23.6128469858538 ], [ -46.818687728698528, -23.612831607679162 ], [ -46.818513568850783, -23.612811981996103 ], [ -46.81827514919636, -23.61282010217208 ], [ -46.818058441915056, -23.61286164128191 ], [ -46.81794785667541, -23.612887582712155 ], [ -46.817726776651547, -23.61293431843902 ], [ -46.817534078787673, -23.612929804665516 ], [ -46.816420276113746, -23.613023103109473 ], [ -46.816001479798516, -23.613006157379626 ], [ -46.815734572431587, -23.61299935006198 ], [ -46.815602921014978, -23.612997730704357 ], [ -46.815470741021443, -23.612957749254218 ], [ -46.815254373083746, -23.612842196734661 ], [ -46.814866893314992, -23.612599728093883 ], [ -46.814556955080626, -23.612472359055261 ], [ -46.81440093652013, -23.612350050950884 ], [ -46.814175938337108, -23.612229632430342 ], [ -46.814076843740722, -23.612162901738404 ], [ -46.814022218567096, -23.612109915100145 ], [ -46.813999491874917, -23.612049694438142 ], [ -46.814001849867452, -23.611997937527043 ], [ -46.814012884849241, -23.611901481809056 ], [ -46.814078375014297, -23.611698944721393 ], [ -46.814108886549754, -23.611579240408481 ], [ -46.814135087556274, -23.611475114312892 ], [ -46.814147915908862, -23.611397415466058 ], [ -46.814181150460868, -23.611322908635284 ], [ -46.814189153797059, -23.611235155044071 ], [ -46.814166187369409, -23.611157513526472 ], [ -46.814112550739075, -23.611100001433833 ], [ -46.814034523191459, -23.611043316098787 ], [ -46.813926628492482, -23.610982917308046 ], [ -46.813810494581126, -23.610928573089303 ], [ -46.813678833085525, -23.610867368553251 ], [ -46.813630464045197, -23.610840308718636 ], [ -46.813521590142102, -23.610796803079438 ], [ -46.813392776399397, -23.610737009458251 ], [ -46.813194584409253, -23.610702943089933 ], [ -46.813052162931015, -23.610693593083436 ], [ -46.812817573920618, -23.610733257290647 ], [ -46.812433434327552, -23.61073286898867 ], [ -46.811779212322804, -23.610782397134727 ], [ -46.811575583736079, -23.61081718412866 ], [ -46.811443151518951, -23.610911445681598 ], [ -46.811318089463242, -23.610959940341093 ], [ -46.810937550003317, -23.611039312281669 ], [ -46.810395609969994, -23.611110093967639 ], [ -46.810304233618368, -23.611134451691207 ], [ -46.810385389381445, -23.611513034636086 ], [ -46.810431988584448, -23.611893555376259 ], [ -46.810435410984915, -23.612160287576657 ], [ -46.810452431032672, -23.612387499831154 ], [ -46.81055226352035, -23.612802066237556 ], [ -46.810736863280823, -23.613281546510692 ], [ -46.810937153148032, -23.613703155607716 ], [ -46.811203161264089, -23.614291011918919 ], [ -46.811254116988174, -23.614406244034711 ], [ -46.811341278669083, -23.614521866001112 ], [ -46.8113978553151, -23.614575733574657 ], [ -46.811520597667887, -23.614705023462946 ], [ -46.81163364760269, -23.614840475035741 ], [ -46.81167154114366, -23.614922456566607 ], [ -46.811680509052316, -23.614986991012984 ], [ -46.811688375795036, -23.615112476059664 ], [ -46.811648015066233, -23.615215412977442 ], [ -46.811600529211233, -23.615340822051863 ], [ -46.811529608307765, -23.615477879757631 ], [ -46.811504770254047, -23.615540281093004 ], [ -46.811461753330711, -23.615691006117963 ], [ -46.811382680646105, -23.615893430031328 ], [ -46.811357207409486, -23.615950783186406 ], [ -46.81133821791817, -23.615986032782565 ], [ -46.811315828920947, -23.616020870670059 ], [ -46.81127390632011, -23.616074894986117 ], [ -46.811259739915677, -23.616090678471963 ], [ -46.811230842788753, -23.616122342305609 ], [ -46.811195609917888, -23.616169246818593 ], [ -46.811148552604138, -23.616220081027475 ], [ -46.811114563968381, -23.616263450153188 ], [ -46.811080331691343, -23.616306731837977 ], [ -46.810989478616726, -23.616398792629447 ], [ -46.810963134330983, -23.616433947470991 ], [ -46.810949622880763, -23.616450355234463 ], [ -46.810929365484348, -23.616481557068699 ], [ -46.810918248992422, -23.616507596640144 ], [ -46.810915364836298, -23.616527040104057 ], [ -46.810907158268762, -23.616547267911191 ], [ -46.810899371794022, -23.616568664431068 ], [ -46.810890075207887, -23.616586016058161 ], [ -46.81087759667242, -23.616601147867076 ], [ -46.810852746297684, -23.616639174158173 ], [ -46.810808361064403, -23.616690428481519 ], [ -46.810773766799358, -23.616736783788792 ], [ -46.810729255103801, -23.616772963115888 ], [ -46.810708082040051, -23.616784585250954 ], [ -46.810651755745909, -23.616825416339228 ], [ -46.810578702587932, -23.616872130119713 ], [ -46.810560199391652, -23.616883991915596 ], [ -46.810528893016468, -23.616916767083652 ], [ -46.810500762532044, -23.61694544267074 ], [ -46.810488333539354, -23.616964184999986 ], [ -46.810465068000028, -23.616994067709026 ], [ -46.810428481318041, -23.617030696154099 ], [ -46.810396504797353, -23.617067631913113 ], [ -46.810374616755887, -23.617086033210686 ], [ -46.81035114120624, -23.617112397506467 ], [ -46.810302541960731, -23.617162798085701 ], [ -46.810268853995495, -23.617192802370319 ], [ -46.810232053522292, -23.617225641584906 ], [ -46.810213289088132, -23.617242020299155 ], [ -46.810170617606431, -23.617288650277988 ], [ -46.810155757462589, -23.617301011196847 ], [ -46.810108096413487, -23.617355011902546 ], [ -46.810027812968926, -23.617463650342707 ], [ -46.809813369898301, -23.617800181080671 ], [ -46.809748625409355, -23.61803412480711 ], [ -46.809710538480154, -23.618285090990952 ], [ -46.809688394887353, -23.618355495413333 ], [ -46.809671969254808, -23.618648007725003 ], [ -46.809669493357525, -23.618797176142824 ], [ -46.809693887395703, -23.618902336513472 ], [ -46.809682211821432, -23.619022994052919 ], [ -46.809715847514383, -23.619130303573129 ], [ -46.809730040768301, -23.619263478866944 ], [ -46.80978725857382, -23.61953445842688 ], [ -46.809813623355481, -23.61958894972334 ], [ -46.809805233832151, -23.619807611005182 ], [ -46.809830709730662, -23.61995031441899 ], [ -46.809869167321118, -23.620020373029003 ], [ -46.809905878481743, -23.620133875790195 ], [ -46.809977809631292, -23.620652226234622 ], [ -46.810070153133914, -23.620944733373992 ], [ -46.810174986196721, -23.621216962677014 ], [ -46.810347193157526, -23.621364182996306 ], [ -46.81055322135785, -23.621526265392902 ], [ -46.810734360666501, -23.622093896388812 ], [ -46.810947361400615, -23.622375063862631 ], [ -46.811147647297695, -23.622701157361419 ], [ -46.811302822325736, -23.623019923068981 ], [ -46.811369882075155, -23.623118897329746 ], [ -46.811479309761665, -23.623196071198564 ], [ -46.811697561864094, -23.623318286741245 ], [ -46.811875793910474, -23.62342146933025 ], [ -46.811958827091431, -23.62353605538874 ], [ -46.811999661785933, -23.623761092962006 ], [ -46.812061398788124, -23.623837288700869 ], [ -46.812179870329885, -23.62393737727303 ], [ -46.812165070425465, -23.624083349185334 ], [ -46.812163854180952, -23.624135905207051 ], [ -46.811927446398926, -23.6245678485197 ], [ -46.811850291508406, -23.624698479254157 ], [ -46.811806147451783, -23.624779161753708 ], [ -46.811745574872369, -23.624887480644389 ], [ -46.811706228828811, -23.624970364032034 ], [ -46.811574371033728, -23.625160223980245 ], [ -46.811535604143153, -23.625238225553488 ], [ -46.811504723248966, -23.625307919723141 ], [ -46.811433742017385, -23.625423311472904 ], [ -46.811332156367108, -23.62548164373403 ], [ -46.811227587739275, -23.625587497015946 ], [ -46.811080848709111, -23.625670821701011 ], [ -46.810926301938807, -23.625815175094985 ], [ -46.810812829301994, -23.625890618089866 ], [ -46.81061726795069, -23.626178811559548 ], [ -46.810581683878091, -23.626364928892595 ], [ -46.810592597328458, -23.62651213529659 ], [ -46.810666531790275, -23.6265937864043 ], [ -46.810802218697532, -23.626770321030502 ], [ -46.811039054052635, -23.626962375999316 ], [ -46.811260469533615, -23.627173117626441 ], [ -46.811326370866254, -23.627252334394491 ], [ -46.811495337442203, -23.627351291979149 ], [ -46.81162526358532, -23.627414413591666 ], [ -46.811753460072232, -23.627533888769367 ], [ -46.812000812822042, -23.62765025657831 ], [ -46.812188204687033, -23.627813727420978 ], [ -46.812290882026481, -23.627893326552389 ], [ -46.81235336805306, -23.628017902280924 ], [ -46.812515263838684, -23.628231233194221 ], [ -46.812595340421574, -23.628488853524715 ], [ -46.812677427419416, -23.628745728071102 ], [ -46.812896635243177, -23.629241771169301 ], [ -46.812864773016244, -23.629527783029083 ], [ -46.812945607039978, -23.62978747060588 ], [ -46.813129791078438, -23.629987630398418 ], [ -46.813208589697275, -23.630152278917816 ], [ -46.813513070561243, -23.63038497625465 ], [ -46.813789024557998, -23.630611777379134 ], [ -46.814651620831015, -23.630985729085239 ], [ -46.814735954247034, -23.631088561860736 ], [ -46.814745846186035, -23.631131960045803 ], [ -46.814723229344978, -23.631244169247346 ], [ -46.814779676231673, -23.631334869943 ], [ -46.814873485963908, -23.631421612553549 ], [ -46.815194782122759, -23.631589831651443 ], [ -46.81542148680645, -23.631673212839321 ], [ -46.815605364932225, -23.631733532544459 ], [ -46.815655724732082, -23.631804713847657 ], [ -46.815785613479704, -23.631975984892222 ], [ -46.81583484984143, -23.632053589004631 ], [ -46.815922568881192, -23.632167395293806 ], [ -46.816018016620838, -23.632232180447136 ], [ -46.816091426998021, -23.632369084741111 ], [ -46.816108565319489, -23.632451488238345 ], [ -46.816156009462453, -23.632528029880319 ], [ -46.816210570526039, -23.632903668791361 ], [ -46.816235191234817, -23.633469783341418 ], [ -46.816340289453365, -23.633777031623186 ], [ -46.816395663134671, -23.633906924721849 ], [ -46.816468363265258, -23.634021538452117 ], [ -46.816527355172923, -23.634079798829468 ], [ -46.816544537663397, -23.634165361442218 ], [ -46.816548613637664, -23.634244035915977 ], [ -46.816599583241974, -23.634371001338071 ], [ -46.816677063707068, -23.634486461721007 ], [ -46.816793133839319, -23.634727768542259 ], [ -46.816986218313495, -23.63497458259792 ], [ -46.81706644491365, -23.635031330029836 ], [ -46.817304649141832, -23.635104191384606 ], [ -46.817538212662008, -23.635168710923161 ], [ -46.817652865469668, -23.635213589253429 ], [ -46.81783161814564, -23.635282723010629 ], [ -46.818039927331029, -23.635490627983764 ], [ -46.818220091060113, -23.635696966826675 ], [ -46.818236078302981, -23.635824612593751 ], [ -46.818498692711557, -23.636043796744332 ], [ -46.818566672224904, -23.636108992499675 ], [ -46.818641246342217, -23.636165985886482 ], [ -46.818801426348969, -23.636277044538147 ], [ -46.819135827102762, -23.636216878879189 ], [ -46.81924537249013, -23.636172802095466 ], [ -46.819424635885696, -23.636003956004476 ], [ -46.819560995628748, -23.635935279698487 ], [ -46.820005940788981, -23.635856662285754 ], [ -46.820159204550677, -23.635835724495848 ], [ -46.820252894874145, -23.635825687247468 ], [ -46.820401403820895, -23.635852471622929 ], [ -46.820489245487899, -23.635869495901652 ], [ -46.820546364915288, -23.635879839172173 ], [ -46.820619832167196, -23.635897664080311 ], [ -46.820690267932783, -23.635924191197674 ], [ -46.820750532903205, -23.63598080987315 ], [ -46.820820307678829, -23.636012129402182 ], [ -46.82089917233376, -23.636022849140534 ], [ -46.820966895600712, -23.636028553851194 ], [ -46.821203738412208, -23.636043647328066 ], [ -46.821333032210191, -23.636048448176734 ], [ -46.821518925169862, -23.636107743671335 ], [ -46.80125822232209, -23.643880485270184 ], [ -46.800709324331272, -23.644090980982178 ], [ -46.800149249856034, -23.644305847687956 ], [ -46.799637011298096, -23.644502282051256 ], [ -46.799430619746708, -23.644581414377615 ], [ -46.797693610578627, -23.645247598464891 ], [ -46.797365647760323, -23.645373367337683 ], [ -46.793419993169216, -23.64688654071302 ], [ -46.793045226233545, -23.647030266045853 ], [ -46.792689675456899, -23.647166636279625 ], [ -46.792739984026085, -23.647442035662952 ], [ -46.792729631607621, -23.647619462253711 ], [ -46.792724607932762, -23.647719368310533 ], [ -46.792696111149183, -23.647965074685093 ], [ -46.792647057458453, -23.648196935358833 ], [ -46.792613050318778, -23.648322996235873 ], [ -46.79258671826647, -23.648395433232736 ], [ -46.792560306604372, -23.648467961425006 ], [ -46.792483383438579, -23.648629817448438 ], [ -46.79234516440264, -23.649056446674937 ], [ -46.792324545625988, -23.649132970378531 ], [ -46.792326638121047, -23.649191627167934 ], [ -46.792347787936066, -23.64924898024767 ], [ -46.792377125544789, -23.649343704193186 ], [ -46.792429590271155, -23.649451070503687 ], [ -46.792457589455601, -23.649542469602395 ], [ -46.792497477602375, -23.649664064754511 ], [ -46.792511226903912, -23.649759600881588 ], [ -46.792521470570762, -23.64983513573705 ], [ -46.792352003047029, -23.650074347221015 ], [ -46.792266809092929, -23.650180958129614 ], [ -46.792230152049285, -23.650296487001857 ], [ -46.792239264379717, -23.650775398972659 ], [ -46.792239620769671, -23.650896458219059 ], [ -46.79223737263905, -23.651016193404597 ], [ -46.792222629295594, -23.651144288412418 ], [ -46.792154002061871, -23.651256666091847 ], [ -46.792053053867484, -23.651334208869478 ], [ -46.791938219214948, -23.651418863576342 ], [ -46.791831843330506, -23.651465864585379 ], [ -46.791745036574859, -23.651549111785695 ], [ -46.791740154858076, -23.651659488466056 ], [ -46.791764426647916, -23.651726465302719 ], [ -46.791783762412386, -23.651769304579012 ], [ -46.791809474353485, -23.651817396564756 ], [ -46.791857597507104, -23.651920479841024 ], [ -46.791904392733343, -23.652032877128054 ], [ -46.791948463162392, -23.652158847662712 ], [ -46.791978865063605, -23.652248594015525 ], [ -46.792021516633149, -23.652377198998472 ], [ -46.79206575212794, -23.652515264882293 ], [ -46.792096507947328, -23.652642833762076 ], [ -46.792122080303443, -23.652745906842039 ], [ -46.792149025716242, -23.652854832133645 ], [ -46.792182704014955, -23.652953658656475 ], [ -46.792228460173753, -23.653102450011758 ], [ -46.792310149961587, -23.653361326544438 ], [ -46.792365842703845, -23.653521558557056 ], [ -46.792403004244136, -23.653626844767516 ], [ -46.792452831296792, -23.653777755620318 ], [ -46.792492816971482, -23.653906391236916 ], [ -46.792509172824673, -23.653985556760336 ], [ -46.792537510256174, -23.65413725779208 ], [ -46.792579210137156, -23.654261179068438 ], [ -46.792609386936263, -23.654375844665797 ], [ -46.792652497693929, -23.654538027621914 ], [ -46.792710128198856, -23.654692098099751 ], [ -46.792761472782125, -23.654817893857256 ], [ -46.79281572812657, -23.654943746195954 ], [ -46.792867439665656, -23.655096440610613 ], [ -46.792910997796334, -23.655184680304682 ], [ -46.792937270058452, -23.655279710292948 ], [ -46.792941694519328, -23.655319652414832 ], [ -46.792940597556701, -23.655428901913819 ], [ -46.792894597534186, -23.65558841428988 ], [ -46.792863301769081, -23.655646644783612 ], [ -46.79283323917435, -23.65568861090178 ], [ -46.792849956139271, -23.655740869225113 ], [ -46.792865024765163, -23.655773014543335 ], [ -46.792858227442828, -23.655808030905245 ], [ -46.792858759111475, -23.65584702500206 ], [ -46.792879565826489, -23.655879103932282 ], [ -46.792906114314363, -23.655893602429657 ], [ -46.792926689251942, -23.655902753333557 ], [ -46.792955975299442, -23.655910539551396 ], [ -46.7929405522246, -23.655959107188131 ], [ -46.792951531194916, -23.656011431882582 ], [ -46.792971120781417, -23.656060948600185 ], [ -46.793009435121469, -23.656084699893078 ], [ -46.793010801643319, -23.656084142411949 ] ] ] } }
]
}
