{
"type": "FeatureCollection",
"name": "unidades-administrativas",
"crs": { "type": "name", "properties": { "name": "urn:ogc:def:crs:OGC:1.3:CRS84" } },
"features": [
{ "type": "Feature", "properties": { "nome": "ANGELA-BATISTA", "codigo": 20, "regiao": "LESTE", "populacao_2010": 15770, "mulheres_2010": 8075, "homens_2010": 7695, "domicilios": 4458, "populacao_2015": 16628, "area_km2": 3.61, "densidade_2015": 4610.93, "fonte_cartografica": "Base oficial de Limites Administrativos de Embu das Artes", "crs_origem": "SIRGAS 2000 / UTM zone 23S (EPSG:31983)", "status_geometria": "oficial", "nota_demografica": "Atributos populacionais da base referem-se principalmente a 2010 e 2015; não devem ser apresentados como dados atuais." }, "geometry": { "type": "Polygon", "coordinates": [ [ [ -46.798892957367443, -23.676813722332636 ], [ -46.79889385319867, -23.676814705185897 ], [ -46.798919126348338, -23.676841771387853 ], [ -46.79894877817015, -23.676873572424299 ], [ -46.798966390845543, -23.676892510641551 ], [ -46.799005815599941, -23.676922031029552 ], [ -46.799031255709785, -23.676961285267794 ], [ -46.799046354548835, -23.677004271485099 ], [ -46.799061083550967, -23.677048887329441 ], [ -46.799075231827118, -23.677094051695597 ], [ -46.799088826579151, -23.67714175078563 ], [ -46.799099833098389, -23.677186590461396 ], [ -46.799130613685747, -23.677229213894357 ], [ -46.799174064172185, -23.677252005539092 ], [ -46.799216936409131, -23.677275526259034 ], [ -46.79925248233647, -23.677308161711693 ], [ -46.799472193910667, -23.677544352170401 ], [ -46.799492018022342, -23.67758872816399 ], [ -46.799521570573837, -23.677627573333588 ], [ -46.799557002250793, -23.677666169586349 ], [ -46.7995955114243, -23.67770039584757 ], [ -46.799626999823147, -23.67773741257308 ], [ -46.799661237927616, -23.677774758521483 ], [ -46.79969323381254, -23.67781303348119 ], [ -46.79972554606092, -23.677852930088836 ], [ -46.799757866988095, -23.677893458661398 ], [ -46.799779249783683, -23.677937094124427 ], [ -46.799796135741872, -23.677981684808504 ], [ -46.799811259707575, -23.678026476560589 ], [ -46.799836141815405, -23.678067904233853 ], [ -46.799856603780526, -23.678115884603951 ], [ -46.799879329333649, -23.678157337332866 ], [ -46.799911234775983, -23.678196155066615 ], [ -46.799936280838764, -23.678235233112289 ], [ -46.799955551702965, -23.678282143754817 ], [ -46.79997090398323, -23.678329280533468 ], [ -46.799985224046516, -23.678372636866285 ], [ -46.799992351988536, -23.678420591605992 ], [ -46.799996511911452, -23.678466594326849 ], [ -46.800002056587616, -23.678513483913626 ], [ -46.80000765570491, -23.678564345900686 ], [ -46.800008760430458, -23.678616343683075 ], [ -46.800009482947559, -23.678669068277532 ], [ -46.800006785941527, -23.678715511883805 ], [ -46.800002917557762, -23.678762330290478 ], [ -46.800007524049086, -23.67881230085133 ], [ -46.800017188370191, -23.67885932314141 ], [ -46.800023904458506, -23.678905837922894 ], [ -46.800025704341785, -23.678951326294612 ], [ -46.800026933384594, -23.678998085448423 ], [ -46.800028740695801, -23.679044115510436 ], [ -46.800029996961932, -23.679092860863907 ], [ -46.800002272328662, -23.679130204580662 ], [ -46.79997696219862, -23.679172035038444 ], [ -46.799979573514229, -23.679219500494806 ], [ -46.799975881378565, -23.679264872111169 ], [ -46.799973799747249, -23.679313295078604 ], [ -46.799970727942082, -23.679361007185566 ], [ -46.79995746126226, -23.679408837794156 ], [ -46.799943978723576, -23.679455226171456 ], [ -46.799937765072656, -23.679502613612307 ], [ -46.799927806569457, -23.679548599841763 ], [ -46.799929824769201, -23.679595711006588 ], [ -46.799944790065354, -23.679643213456529 ], [ -46.799964411221183, -23.679687049937115 ], [ -46.799965831374699, -23.679733445681883 ], [ -46.799962925334157, -23.679886260648061 ], [ -46.799963881713261, -23.679956048500486 ], [ -46.799959893961528, -23.680008466654268 ], [ -46.799962814526793, -23.680049878665201 ], [ -46.799946696889684, -23.680082843537662 ], [ -46.799928344104806, -23.680124412529175 ], [ -46.799895828892978, -23.680177071977969 ], [ -46.799853606022737, -23.680208173165681 ], [ -46.79983091338346, -23.680262163171314 ], [ -46.799830173176353, -23.680308313137775 ], [ -46.799854296290853, -23.680351555521629 ], [ -46.799858439245362, -23.680389160885198 ], [ -46.799856774439831, -23.68043938492692 ], [ -46.799845787980971, -23.68049621864407 ], [ -46.799843743720949, -23.680540216657644 ], [ -46.799813810820325, -23.680588150675494 ], [ -46.799772299335423, -23.680606782701766 ], [ -46.799754098894724, -23.680652322938837 ], [ -46.799719887763715, -23.68078157325311 ], [ -46.799664425185703, -23.681005610682885 ], [ -46.799658360317537, -23.681171194117439 ], [ -46.799667696069328, -23.681244315836015 ], [ -46.799702831982046, -23.681289868234217 ], [ -46.79972958354864, -23.681360349528891 ], [ -46.799755332430834, -23.681493598329837 ], [ -46.799776461109602, -23.681547259577798 ], [ -46.799816808290196, -23.681636815914086 ], [ -46.799839149253039, -23.681693081648781 ], [ -46.799878919670142, -23.681747700040876 ], [ -46.799933624281721, -23.68179744941898 ], [ -46.799982134116775, -23.681824425852447 ], [ -46.800129908403427, -23.681940363876652 ], [ -46.800182312455313, -23.681993932342216 ], [ -46.800211856651529, -23.682024921630912 ], [ -46.800234962293764, -23.682079733665116 ], [ -46.800227995839819, -23.682150877750864 ], [ -46.800310667143705, -23.682388298453318 ], [ -46.800393863606594, -23.682592483994938 ], [ -46.800545503738377, -23.68287587597489 ], [ -46.800611152612014, -23.682958636491737 ], [ -46.800686035048557, -23.68307840131072 ], [ -46.800764744988193, -23.683184125667406 ], [ -46.800809268091463, -23.683263519934393 ], [ -46.800841926961951, -23.683543058130638 ], [ -46.800862457257459, -23.683631670745079 ], [ -46.800906528509309, -23.683763893464988 ], [ -46.800889556614415, -23.683848969239083 ], [ -46.800829552599915, -23.683941949805529 ], [ -46.800847952633106, -23.68406110728592 ], [ -46.801019048137775, -23.684340209004763 ], [ -46.801231509238981, -23.684511286580221 ], [ -46.801307239446814, -23.684542641246839 ], [ -46.801367291047988, -23.68456749637841 ], [ -46.801459863207583, -23.684632967536551 ], [ -46.801556996234368, -23.684680687527791 ], [ -46.801706456897833, -23.68468337284968 ], [ -46.801822294002406, -23.684686539625858 ], [ -46.801866208798266, -23.684721514919389 ], [ -46.80204092026456, -23.684799483870922 ], [ -46.802124154522083, -23.684891790930529 ], [ -46.802259485031726, -23.684965071116359 ], [ -46.802283924652095, -23.684966953728843 ], [ -46.802308447434889, -23.684967751816419 ], [ -46.802332887055904, -23.684969634421108 ], [ -46.802357233602379, -23.68497187928968 ], [ -46.802381402673952, -23.684975480661546 ], [ -46.802405669778238, -23.684979080888308 ], [ -46.802429835134255, -23.68498241140751 ], [ -46.802452409546589, -23.684991268504731 ], [ -46.802475742190765, -23.684998220553688 ], [ -46.802499356539492, -23.68500426635865 ], [ -46.802523435023453, -23.685008410538867 ], [ -46.802547960291342, -23.685009389151215 ], [ -46.802572459533572, -23.685008471845251 ], [ -46.802596895444992, -23.68501008356262 ], [ -46.802621248197347, -23.685012779797098 ], [ -46.802644767000906, -23.685019007283945 ], [ -46.802668005344721, -23.685026231289264 ], [ -46.802688951661317, -23.685037906485 ], [ -46.802709802428637, -23.685049763382352 ], [ -46.802731133442634, -23.685060892316372 ], [ -46.802751021252377, -23.685074024564983 ], [ -46.802769946101321, -23.685088432168286 ], [ -46.802791084781326, -23.685099834221127 ], [ -46.802813277024057, -23.685109418081815 ], [ -46.802835659135773, -23.685118548247967 ], [ -46.802857946937252, -23.685127950397074 ], [ -46.802880901131317, -23.685135900046003 ], [ -46.802904704145654, -23.685141401813574 ], [ -46.802929128926081, -23.685142200942114 ], [ -46.802953635623595, -23.685141825264196 ], [ -46.802978144799901, -23.685141630145608 ], [ -46.803002522474223, -23.685138998561182 ], [ -46.803027027930462, -23.685138532590063 ], [ -46.803051533386231, -23.685138066615082 ], [ -46.803076063635068, -23.685139406268448 ], [ -46.803100322103383, -23.685142374411924 ], [ -46.803124494937876, -23.68514624650933 ], [ -46.803148202409346, -23.685151929943597 ], [ -46.803171440799503, -23.685159153870096 ], [ -46.80319477102497, -23.685165925243151 ], [ -46.803217819555087, -23.685173602853865 ], [ -46.803307235166031, -23.685216174404747 ], [ -46.803381037736528, -23.685257031544687 ], [ -46.803398026838629, -23.685273267534306 ], [ -46.803412494395445, -23.685291519405979 ], [ -46.803427445915965, -23.685309314158541 ], [ -46.803442691536183, -23.685327105483655 ], [ -46.803459001871737, -23.685343891148332 ], [ -46.803476476194433, -23.685359760291924 ], [ -46.803494433240964, -23.685375082034007 ], [ -46.803511906332098, -23.685390860891427 ], [ -46.803528799915952, -23.685407278569514 ], [ -46.80354578905596, -23.685423514540322 ], [ -46.803565581445383, -23.685436828380496 ], [ -46.803586241245696, -23.685449048560841 ], [ -46.803608051391883, -23.685459359120689 ], [ -46.803630717787321, -23.68546776348574 ], [ -46.803654241671239, -23.685474351937273 ], [ -46.803677852428258, -23.685480126708811 ], [ -46.80370128200471, -23.685486987139669 ], [ -46.803724329376635, -23.685494574387842 ], [ -46.803748313665174, -23.685498990356194 ], [ -46.803772398467409, -23.68550358574176 ], [ -46.803796102304887, -23.685508998226187 ], [ -46.803820091558556, -23.685513775309389 ], [ -46.803844357546495, -23.685517285020282 ], [ -46.80386852674372, -23.685520886151039 ], [ -46.803892604111333, -23.685524939827975 ], [ -46.803916870102476, -23.685528449527258 ], [ -46.803941389260928, -23.685528976504333 ], [ -46.803965897256489, -23.685528690943453 ], [ -46.803990317142301, -23.685529128773457 ], [ -46.804014754392838, -23.685530830541435 ], [ -46.80403874241572, -23.685535517308431 ], [ -46.804062075225595, -23.68554246910675 ], [ -46.804085313726915, -23.68554969288839 ], [ -46.804109396065783, -23.685554107657069 ], [ -46.804133287303735, -23.685558885832847 ], [ -46.804157724560064, -23.685560587577783 ], [ -46.804182166778595, -23.685562650445043 ], [ -46.804206518408492, -23.685565256140091 ], [ -46.804230686380031, -23.685568766931578 ], [ -46.80425448827534, -23.685574178201449 ], [ -46.804278105273127, -23.685580404286355 ], [ -46.804301812861645, -23.685586087535789 ], [ -46.804325611040618, -23.685591227949693 ], [ -46.804349229284703, -23.685597544304898 ], [ -46.804372653947979, -23.685604043504451 ], [ -46.804396641993222, -23.685608730214351 ], [ -46.80442016221113, -23.685615047700818 ], [ -46.804443682431064, -23.685621365183582 ], [ -46.804467110824305, -23.68562813521288 ], [ -46.804489302023612, -23.685637628538178 ], [ -46.804511782359285, -23.685646757306134 ], [ -46.80453445131775, -23.685655342096208 ], [ -46.804556930418499, -23.685664380575677 ], [ -46.804579312730837, -23.685673510475869 ], [ -46.804600930641705, -23.685684094018374 ], [ -46.804622070803262, -23.685695586086272 ], [ -46.804643784271413, -23.685705987916599 ], [ -46.80466376914859, -23.685719028476527 ], [ -46.804684716979139, -23.685730793665137 ], [ -46.804706143806349, -23.68574174060327 ], [ -46.804727282744885, -23.685753142374086 ], [ -46.804748614028611, -23.685764271011674 ], [ -46.80476888805736, -23.685776947002431 ], [ -46.804788777406756, -23.685790169250495 ], [ -46.804791740706797, -23.685791760034263 ], [ -46.804809722777307, -23.685801753857653 ], [ -46.804829998058366, -23.685814520121124 ], [ -46.804850849126844, -23.685826376709588 ], [ -46.804872181673119, -23.685837595610188 ], [ -46.804892935957625, -23.685849543616847 ], [ -46.804914649470852, -23.685859945406101 ], [ -46.804937415280449, -23.685868438708699 ], [ -46.804960274160912, -23.68587656973882 ], [ -46.804982753325525, -23.685885608152102 ], [ -46.805005325561062, -23.685894284292964 ], [ -46.80502856540889, -23.685901598207188 ], [ -46.805051611676816, -23.685909094966682 ], [ -46.805075321832916, -23.685914958654728 ], [ -46.805099214403079, -23.685919826956518 ], [ -46.805122737186231, -23.685926324893515 ], [ -46.805146350556818, -23.685932279994777 ], [ -46.805169494867947, -23.685939775592928 ], [ -46.805192922107587, -23.685946455224826 ], [ -46.805215876564951, -23.685954404509278 ], [ -46.805239583011286, -23.685959997326712 ], [ -46.805262914707633, -23.685966858653629 ], [ -46.805286154580159, -23.685974172527441 ], [ -46.805309295181559, -23.685981397259237 ], [ -46.805332536300085, -23.685988801407245 ], [ -46.805355676906174, -23.685996026131761 ], [ -46.805378061806628, -23.686005336472206 ], [ -46.805400348677793, -23.686014647952387 ], [ -46.805422827892471, -23.686023686298288 ], [ -46.805445876683358, -23.686031363559238 ], [ -46.805465539000217, -23.686035197582505 ], [ -46.805490047069604, -23.686034911774694 ], [ -46.805514539000342, -23.686033452303786 ], [ -46.80553881996866, -23.686030911737827 ], [ -46.805563092245706, -23.686027739197776 ], [ -46.805587257798877, -23.68602393582697 ], [ -46.805611316627818, -23.686019501625456 ], [ -46.805621654663696, -23.686015498330317 ], [ -46.805823602781885, -23.686070300270849 ], [ -46.805848098436599, -23.686069111591351 ], [ -46.805869217477237, -23.686057668556323 ], [ -46.805887541944223, -23.686042646277979 ], [ -46.805911814211051, -23.686039473683604 ], [ -46.805935242740262, -23.686046243481133 ], [ -46.805959408344748, -23.686049573431287 ], [ -46.805983928827395, -23.686050190359722 ], [ -46.806008428200336, -23.686049272499517 ], [ -46.806032487014939, -23.686044838233123 ], [ -46.80613652100741, -23.685988182898342 ], [ -46.806161030300778, -23.68598798726633 ], [ -46.806185544561238, -23.685988152756224 ], [ -46.806209970724325, -23.68598904163748 ], [ -46.806234405580732, -23.685990562484985 ], [ -46.80625866672748, -23.685993710682013 ], [ -46.806280382843738, -23.686004292834276 ], [ -46.806300849383391, -23.68601669548087 ], [ -46.806321797394219, -23.686028460435573 ], [ -46.806341396554878, -23.686041956747442 ], [ -46.806363877071355, -23.686051085233821 ], [ -46.806385493930605, -23.686061578232536 ], [ -46.806407113277203, -23.686072251790872 ], [ -46.806428158095976, -23.686083925304739 ], [ -46.806447852823474, -23.686097239895158 ], [ -46.806467357700647, -23.686111008177669 ], [ -46.806484831229447, -23.686126786670275 ], [ -46.806501530440734, -23.686143296563095 ], [ -46.806519005220039, -23.686159165332672 ], [ -46.806538413323494, -23.686173025030438 ], [ -46.806557336237844, -23.6861872515708 ], [ -46.806575101400284, -23.686202846057142 ], [ -46.80659257619633, -23.686218714817294 ], [ -46.806611500365186, -23.686233031631605 ], [ -46.806631485503637, -23.686246071919765 ], [ -46.806652529126957, -23.686257655118531 ], [ -46.806674626265824, -23.686267420101842 ], [ -46.806697105599504, -23.686276458254365 ], [ -46.806720247560165, -23.686283773048334 ], [ -46.806743487555586, -23.686291086694638 ], [ -46.806766629520972, -23.686298401481338 ], [ -46.806790245500899, -23.686304536885675 ], [ -46.806813577324057, -23.686311397969824 ], [ -46.806836245284472, -23.686319892124423 ], [ -46.806858630331462, -23.686329202240547 ], [ -46.806875523194606, -23.686345529237112 ], [ -46.806888921680283, -23.686364425299999 ], [ -46.806905137021261, -23.686381392271574 ], [ -46.806922126687112, -23.686397627836641 ], [ -46.806936696487782, -23.686409015663873 ], [ -46.807101469089631, -23.686469757810571 ], [ -46.80713071534111, -23.686486030877738 ], [ -46.807159130121924, -23.686498882400549 ], [ -46.807185628858775, -23.686507873560384 ], [ -46.807212537258415, -23.686525257451535 ], [ -46.807246688890892, -23.686541744121545 ], [ -46.807271877317746, -23.686555265356169 ], [ -46.807311193763148, -23.686576567697262 ], [ -46.807331950853268, -23.686588695917813 ], [ -46.807352417577405, -23.686601098412819 ], [ -46.80737269196824, -23.686613774037905 ], [ -46.807392292561886, -23.686627360485154 ], [ -46.807410250216996, -23.686642681732021 ], [ -46.807427241220246, -23.686659007516617 ], [ -46.807442678618557, -23.686676434987628 ], [ -46.807457633314385, -23.686694409867631 ], [ -46.807471517111694, -23.686712939023906 ], [ -46.807486470572989, -23.686730823619172 ], [ -46.807503461597314, -23.686747149393934 ], [ -46.807520549415756, -23.686763383740626 ], [ -46.807540823847447, -23.686776059340897 ], [ -46.807562345365561, -23.68678673386859 ], [ -46.807584539444548, -23.686796407285804 ], [ -46.807723579410812, -23.686839660885575 ], [ -46.807747748917116, -23.686843261388532 ], [ -46.807772100816948, -23.68684586650328 ], [ -46.807796457689562, -23.686848832739546 ], [ -46.807820071321174, -23.686854787414614 ], [ -46.807842834979169, -23.686863099704027 ], [ -46.807864933542632, -23.686872954786363 ], [ -46.807886456343397, -23.686883719547605 ], [ -46.807902962243915, -23.686900412123347 ], [ -46.807916166111028, -23.686919400654482 ], [ -46.807927910677833, -23.68693921888871 ], [ -46.807939753281168, -23.686959035976937 ], [ -46.807951594645104, -23.686978762782672 ], [ -46.807964215303045, -23.686998119303041 ], [ -46.807978392059297, -23.687016554690931 ], [ -46.807994217974368, -23.687033706675656 ], [ -46.808013529566587, -23.687047657595755 ], [ -46.808034477885492, -23.687059422297743 ], [ -46.808055712847491, -23.687070641873877 ], [ -46.808077235695592, -23.687081406605397 ], [ -46.808099046429625, -23.687091716492183 ], [ -46.808119706880191, -23.687103936023174 ], [ -46.80813930637796, -23.68711743208446 ], [ -46.808160448297834, -23.687129013915332 ], [ -46.808182256559128, -23.68713914322678 ], [ -46.808204258402931, -23.68714908968224 ], [ -46.808227211982853, -23.687156948213563 ], [ -46.808251108594462, -23.687162086851028 ], [ -46.808275192570044, -23.687166591225267 ], [ -46.808299272816868, -23.687170824751703 ], [ -46.808323164459445, -23.687175602252399 ], [ -46.808346874958588, -23.687181465415389 ], [ -46.808579222044919, -23.687271936558233 ], [ -46.808603236829747, -23.687285651863654 ], [ -46.808619236537936, -23.687301176422817 ], [ -46.808643294645385, -23.687310918198524 ], [ -46.808680865151459, -23.687319328260116 ], [ -46.808700631980379, -23.687323612115389 ], [ -46.808720039231929, -23.687337381231682 ], [ -46.808738481081029, -23.687352245174473 ], [ -46.808757985130043, -23.687365922858813 ], [ -46.808777778307459, -23.687379235979069 ], [ -46.808797282364431, -23.687392913657927 ], [ -46.808818614229487, -23.687404041694936 ], [ -46.808840328280347, -23.687414442896703 ], [ -46.808863757179324, -23.687421212225516 ], [ -46.808887741940332, -23.687425627364242 ], [ -46.808911727946523, -23.687430132780449 ], [ -46.808935532813912, -23.687435723859295 ], [ -46.808959240893785, -23.687441406361152 ], [ -46.808982005960203, -23.687449808753055 ], [ -46.809004007910197, -23.687459755087581 ], [ -46.809025050678159, -23.687471247656038 ], [ -46.809046767242641, -23.687481829389657 ], [ -46.809068959049121, -23.687491322016726 ], [ -46.809092103823481, -23.687498816996314 ], [ -46.809115530260136, -23.687505405722654 ], [ -46.809138957942906, -23.687512084726574 ], [ -46.809162384383818, -23.68751867344551 ], [ -46.809185812070879, -23.687525352442041 ], [ -46.8092088625557, -23.687533119392839 ], [ -46.809232194702147, -23.687539980090236 ], [ -46.809254861767506, -23.687548383585476 ], [ -46.809277816714761, -23.687556332233722 ], [ -46.809301803998324, -23.687560927868383 ], [ -46.809326161022071, -23.687563893853405 ], [ -46.809350328200878, -23.687567313532366 ], [ -46.80937484521251, -23.687567659061273 ], [ -46.80939936097981, -23.687567914305021 ], [ -46.809423885456219, -23.687568801513741 ], [ -46.809448313143648, -23.687569780145619 ], [ -46.809472840108604, -23.687570847909072 ], [ -46.809497271528926, -23.687572097376968 ], [ -46.809521800982644, -23.687573345695142 ], [ -46.809546229914815, -23.687574414592735 ], [ -46.809570748170323, -23.687574850371742 ], [ -46.809595256471319, -23.687574563896799 ], [ -46.809619743618541, -23.687572742636629 ], [ -46.80964424320814, -23.68757182418517 ], [ -46.809668639786523, -23.687570545750791 ], [ -46.809693131908617, -23.687569085604117 ], [ -46.809717300065095, -23.687565462141546 ], [ -46.809741357742801, -23.687560937008733 ], [ -46.809765110119301, -23.687555602779103 ], [ -46.809788752016139, -23.68754936687948 ], [ -46.809812194110805, -23.687542862424731 ], [ -46.809835842224949, -23.687537077924414 ], [ -46.809860228837017, -23.687535077210381 ], [ -46.809884750816124, -23.687535783783737 ], [ -46.809908925465081, -23.687539745062359 ], [ -46.80993263359548, -23.687545427411287 ], [ -46.809956342972256, -23.687551200037685 ], [ -46.809980605702094, -23.687554437908737 ], [ -46.810005033384691, -23.687555416452646 ], [ -46.810029536697769, -23.687554768784242 ], [ -46.810054043744167, -23.687554391955693 ], [ -46.81007855452404, -23.687554285966964 ], [ -46.810103064058964, -23.68755408969313 ], [ -46.810127574838177, -23.687553983696638 ], [ -46.810152096819216, -23.687554690227344 ], [ -46.810176623779043, -23.68755575787905 ], [ -46.810201050216385, -23.687556646110686 ], [ -46.810225574686946, -23.687557533192152 ], [ -46.810250008592888, -23.68755896310336 ], [ -46.810274534308434, -23.687559940458225 ], [ -46.810299055044908, -23.687560556684296 ], [ -46.810323568312548, -23.687560631219153 ], [ -46.810348077845482, -23.687560434906441 ], [ -46.810372587378062, -23.687560238589867 ], [ -46.810397096910293, -23.687560042269425 ], [ -46.810421509653885, -23.687559937372725 ], [ -46.810446024164975, -23.687560102169392 ], [ -46.810470547390139, -23.68756089893067 ], [ -46.810494983786441, -23.68756250936541 ], [ -46.810519426407744, -23.687564571202337 ], [ -46.810543775976193, -23.687566995306696 ], [ -46.810568297957161, -23.68756770177114 ], [ -46.810592812468201, -23.687567866544462 ], [ -46.810617325734022, -23.687567941032668 ], [ -46.810641840244607, -23.687568105798221 ], [ -46.810666264192044, -23.687568813393657 ], [ -46.810690788662733, -23.68756970040106 ], [ -46.810715298192619, -23.687569504030115 ], [ -46.810739808967242, -23.6875693979365 ], [ -46.810764319741551, -23.687569291839001 ], [ -46.810788808103375, -23.687567560676065 ], [ -46.810813193450592, -23.687565469531179 ], [ -46.810837691771738, -23.687564460610162 ], [ -46.810862198808415, -23.68756408365363 ], [ -46.810886717051346, -23.687564519223979 ], [ -46.811097012394306, -23.687499123050937 ], [ -46.81111583404504, -23.687484636133139 ], [ -46.811135753980679, -23.687471581096521 ], [ -46.811157171805824, -23.687460495040199 ], [ -46.811179395062865, -23.687450934585915 ], [ -46.811200312752405, -23.687439132009096 ], [ -46.811217544682748, -23.687423128650671 ], [ -46.811238062759728, -23.687410788969849 ], [ -46.811259582334941, -23.687399972596978 ], [ -46.811281707540566, -23.687390413275967 ], [ -46.811305658363935, -23.687385257083861 ], [ -46.81132920584399, -23.68737929294559 ], [ -46.811352440540354, -23.687371978027322 ], [ -46.811376290832868, -23.687366642409312 ], [ -46.811400463869184, -23.687363379813515 ], [ -46.811424977088052, -23.687363454176083 ], [ -46.811449242293627, -23.687366872379187 ], [ -46.811473765477238, -23.687367668983306 ], [ -46.811498267485739, -23.687366930803723 ], [ -46.811522651530936, -23.687364749268788 ], [ -46.811546923840197, -23.687361575784404 ], [ -46.811571090641202, -23.687357861756468 ], [ -46.811595047672427, -23.687353156926395 ], [ -46.811619110208689, -23.687348992632508 ], [ -46.811643064744679, -23.687344107232892 ], [ -46.811667442553066, -23.687341474269747 ], [ -46.811691726064467, -23.687339113293532 ], [ -46.81171621436075, -23.687337381987142 ], [ -46.811740486658124, -23.687334208472983 ], [ -46.811764549184701, -23.687330044156955 ], [ -46.811788609217906, -23.687325699274975 ], [ -46.811812671740881, -23.687321534951643 ], [ -46.811868110626548, -23.687310321528578 ], [ -46.811892636289073, -23.687311298629108 ], [ -46.811915969752299, -23.687318249196998 ], [ -46.811937684002672, -23.687328649950107 ], [ -46.811958248025682, -23.687340960372651 ], [ -46.81197833060935, -23.687353908497194 ], [ -46.811999376082909, -23.687365581208741 ], [ -46.812023545756347, -23.687369181030508 ], [ -46.812048063953426, -23.687369616418842 ], [ -46.812072452967705, -23.687367795922327 ], [ -46.812096617257048, -23.68736390125088 ], [ -46.812120679773706, -23.687359736879845 ], [ -46.812144635533414, -23.687354941684756 ], [ -46.812169120083318, -23.687352939463466 ], [ -46.812193516567902, -23.68735166063496 ], [ -46.812217041132563, -23.687358247736395 ], [ -46.812236737841012, -23.687371651821536 ], [ -46.812256337766598, -23.68738514733263 ], [ -46.812271674927395, -23.687395261504765 ], [ -46.812415583106379, -23.687407482358122 ], [ -46.812439575422175, -23.687412438625859 ], [ -46.81246337541247, -23.687417668028537 ], [ -46.812487458286697, -23.687422081454198 ], [ -46.81251153742339, -23.687426224032691 ], [ -46.8125348671946, -23.687432903660575 ], [ -46.812557442616331, -23.687441759213652 ], [ -46.812579826960373, -23.687450978183271 ], [ -46.812602114520786, -23.687460288578347 ], [ -46.812624021169718, -23.687470416091255 ], [ -46.8126456412013, -23.687481088730998 ], [ -46.812666300849017, -23.687493217343626 ], [ -46.812686961746849, -23.687505436234375 ], [ -46.812707429075303, -23.687517837980028 ], [ -46.812727993194059, -23.687530148293764 ], [ -46.812749419670169, -23.68754100377577 ], [ -46.812771327589381, -23.687551221547306 ], [ -46.812793711965448, -23.687560440483789 ], [ -46.812816286177949, -23.687569205715466 ], [ -46.812838669313344, -23.687578334363941 ], [ -46.812861625691305, -23.687586372748026 ], [ -46.812886137689418, -23.687586356595411 ], [ -46.812910411237468, -23.68758327317785 ], [ -46.812934575531727, -23.687579378374735 ], [ -46.81295896082257, -23.687577286893639 ], [ -46.812983467831351, -23.687576909601368 ], [ -46.813007988552798, -23.687577525397185 ], [ -46.813031789836522, -23.68758284499021 ], [ -46.813054459606057, -23.687591428475649 ], [ -46.813075023766082, -23.687603738740425 ], [ -46.813095971335052, -23.687615412442174 ], [ -46.813118260202209, -23.687624813039871 ], [ -46.813141965958323, -23.687630314325403 ], [ -46.813166499156303, -23.68763183290622 ], [ -46.813190893177932, -23.687630373355759 ], [ -46.813215332083246, -23.687632163920213 ], [ -46.813239412520602, -23.687636396662626 ], [ -46.813262747346386, -23.687643437300338 ], [ -46.813285606971249, -23.687651567048441 ], [ -46.81330798890199, -23.687660605345044 ], [ -46.813331229442667, -23.687667917963367 ], [ -46.813355667108453, -23.687669618224028 ], [ -46.813379933646587, -23.687673126398739 ], [ -46.813404011601158, -23.687677178552615 ], [ -46.813427624330401, -23.687683042065618 ], [ -46.813450673802166, -23.687690718086284 ], [ -46.813471525876196, -23.687702573444636 ], [ -46.813485897025245, -23.687720825415575 ], [ -46.813497254091708, -23.687740918606078 ], [ -46.813508219029266, -23.687761016389047 ], [ -46.813516455253428, -23.687782319979945 ], [ -46.813526642167567, -23.687802878353626 ], [ -46.81353984691404, -23.687821866347516 ], [ -46.813558386125877, -23.687836638247973 ], [ -46.813579622883147, -23.687847947309503 ], [ -46.813603236896654, -23.687853901074284 ], [ -46.813627589035363, -23.6878565052486 ], [ -46.813651756332312, -23.687859924245494 ], [ -46.813671358961287, -23.687873600125254 ], [ -46.813685633371151, -23.68789194350396 ], [ -46.813693966419272, -23.687913155653252 ], [ -46.813698684711532, -23.687935313107694 ], [ -46.813705260649101, -23.687957087615636 ], [ -46.813714374229995, -23.687978019731858 ], [ -46.813725145649883, -23.687998300354778 ], [ -46.81373513654831, -23.688018861008242 ], [ -46.813748050989226, -23.688038123269475 ], [ -46.813764362926612, -23.688054907741343 ], [ -46.813782225940834, -23.688070409899321 ], [ -46.813798344314371, -23.68808737722626 ], [ -46.813813298763982, -23.688105261144873 ], [ -46.813828738395692, -23.688122778194508 ], [ -46.813845633565435, -23.688139194640534 ], [ -46.813860491241428, -23.688157169983363 ], [ -46.813867358824837, -23.68817876047353 ], [ -46.813915716022819, -23.688222709628459 ], [ -46.814022107426453, -23.68832972746603 ], [ -46.814128879570049, -23.688499767114497 ], [ -46.814186391536239, -23.688631466544443 ], [ -46.81436314829557, -23.688672104855229 ], [ -46.814559798106195, -23.688640995650918 ], [ -46.814656514577834, -23.688615482144964 ], [ -46.814742639479391, -23.688603998266572 ], [ -46.814815512763317, -23.688548876318656 ], [ -46.814894094561836, -23.688544975322635 ], [ -46.815078386774267, -23.688435633762417 ], [ -46.815196005532606, -23.688383057061639 ], [ -46.815459551792074, -23.688304298922723 ], [ -46.815618484223819, -23.688232997707409 ], [ -46.815827930048471, -23.688077941615742 ], [ -46.815945224130751, -23.687994848275174 ], [ -46.816046553020833, -23.687920068739619 ], [ -46.816123901160701, -23.687848279336663 ], [ -46.816388341685951, -23.687742149641945 ], [ -46.816533902939113, -23.687668295554975 ], [ -46.816618041344967, -23.687655028067443 ], [ -46.816824518946426, -23.68760447750827 ], [ -46.817087536189597, -23.68744517929218 ], [ -46.817370692121962, -23.687239142044497 ], [ -46.817627311291368, -23.68712064136535 ], [ -46.817716372608501, -23.687101807476147 ], [ -46.817871082387214, -23.687171866144602 ], [ -46.817999704427962, -23.68724141834484 ], [ -46.818160431690565, -23.687335334353349 ], [ -46.818250786311339, -23.687402807471852 ], [ -46.818507209822542, -23.687341013230942 ], [ -46.818591153425267, -23.687320794224224 ], [ -46.818596722106328, -23.687022031294614 ], [ -46.818660985675209, -23.686203921480974 ], [ -46.818688824943486, -23.685835369363449 ], [ -46.818748644968423, -23.685376055738459 ], [ -46.818824443696144, -23.684916554375501 ], [ -46.818969825969511, -23.684129365724491 ], [ -46.819094560890001, -23.683571679864261 ], [ -46.819233779524183, -23.683104119264726 ], [ -46.819391089027235, -23.682611966198582 ], [ -46.819498365581332, -23.682322933798666 ], [ -46.819639305444625, -23.681979779903319 ], [ -46.819851060880652, -23.6815820677894 ], [ -46.819979748267428, -23.681317072965484 ], [ -46.820454570303795, -23.680411335435227 ], [ -46.820795075472468, -23.679753682803067 ], [ -46.821167403008786, -23.679100350660008 ], [ -46.821394899278154, -23.678700103956867 ], [ -46.821919516696404, -23.677759645235746 ], [ -46.822380125926514, -23.67697605912139 ], [ -46.822922711913009, -23.675989064484547 ], [ -46.823145791235305, -23.675575052378889 ], [ -46.824006350910942, -23.674026375363713 ], [ -46.823875949381467, -23.673905560702991 ], [ -46.82375257452302, -23.673810668271528 ], [ -46.823641459708369, -23.673758521723478 ], [ -46.823472142692715, -23.673701642613295 ], [ -46.823174560290973, -23.673614218340624 ], [ -46.823010805204007, -23.673541290930896 ], [ -46.822916743898446, -23.673467543074878 ], [ -46.822798881928527, -23.673345947764727 ], [ -46.822562516767306, -23.673070619180304 ], [ -46.822362036595806, -23.672859068076878 ], [ -46.822262340626501, -23.672796040943538 ], [ -46.822104616053885, -23.672733696413641 ], [ -46.821900381150428, -23.672682553691562 ], [ -46.821602062201791, -23.672541770209683 ], [ -46.821321264228139, -23.672406017231943 ], [ -46.821122244393763, -23.67230668457718 ], [ -46.82091607474009, -23.672200753833458 ], [ -46.820541738305465, -23.672028716626816 ], [ -46.820254764753557, -23.671871634124287 ], [ -46.820037929845981, -23.671745872142459 ], [ -46.81979291943712, -23.671673895875561 ], [ -46.819531251189311, -23.671666224788289 ], [ -46.819230754090739, -23.671693502251554 ], [ -46.818974870247111, -23.671685852579515 ], [ -46.818811859469768, -23.671666366759801 ], [ -46.818701116872376, -23.671640849310769 ], [ -46.818596011343928, -23.671604701002124 ], [ -46.818507982472326, -23.671541534317409 ], [ -46.818443406991307, -23.671494164863631 ], [ -46.818343269032802, -23.671398994978397 ], [ -46.81816081472244, -23.671235444205472 ], [ -46.81806107123451, -23.671161669562078 ], [ -46.817762388505884, -23.670994064721391 ], [ -46.817417294224676, -23.670837658721346 ], [ -46.817084679115204, -23.670739978327031 ], [ -46.816956712166963, -23.670730734269259 ], [ -46.816840608708368, -23.67074284133707 ], [ -46.816562161006644, -23.670783579864903 ], [ -46.816446449996242, -23.670816991834251 ], [ -46.816289815197663, -23.670840228697308 ], [ -46.816115312891455, -23.670826202160342 ], [ -46.815841193902486, -23.670754560723914 ], [ -46.815489505787305, -23.670539354724497 ], [ -46.815377560286855, -23.670433756551045 ], [ -46.81517109018673, -23.670206192837476 ], [ -46.815022944058434, -23.669999345515027 ], [ -46.814956745764476, -23.669834338077994 ], [ -46.81491983250185, -23.669695715040589 ], [ -46.814865741464153, -23.669562620701626 ], [ -46.814800897175353, -23.669488525191181 ], [ -46.814701478173113, -23.669452217170345 ], [ -46.8144691489398, -23.669460356522279 ], [ -46.814172687873096, -23.669453083681919 ], [ -46.814096893041359, -23.669437898694436 ], [ -46.813998750927887, -23.669380446028921 ], [ -46.814003960768872, -23.669480884291382 ], [ -46.813997894261718, -23.669595360165705 ], [ -46.813972244840876, -23.669647670940595 ], [ -46.813920230180671, -23.669693337676929 ], [ -46.813755528624256, -23.66977842875583 ], [ -46.813576266336149, -23.669881117247193 ], [ -46.813235546609853, -23.670034094214824 ], [ -46.813082409646846, -23.670126092319386 ], [ -46.812963181943097, -23.67023150867206 ], [ -46.81279491830108, -23.670392489012809 ], [ -46.81268271696085, -23.670481389088465 ], [ -46.812529205646285, -23.670524992474132 ], [ -46.812293984731888, -23.670565307832405 ], [ -46.812297183294554, -23.670562651828305 ], [ -46.812177184517296, -23.670548253992859 ], [ -46.812057727817376, -23.6705305087733 ], [ -46.811794204846315, -23.670487721051117 ], [ -46.811629849641939, -23.670406119670883 ], [ -46.811186307265992, -23.669963167864264 ], [ -46.811186580171906, -23.669961629642412 ], [ -46.811096217742779, -23.669856859355061 ], [ -46.810949018240279, -23.669703993692085 ], [ -46.810894445560621, -23.669692170852453 ], [ -46.810474705090932, -23.669083696851843 ], [ -46.810449663892733, -23.66907351519232 ], [ -46.810425054576498, -23.669066217951926 ], [ -46.810399723296001, -23.66906344394371 ], [ -46.810364242778491, -23.66906403920073 ], [ -46.810331330662699, -23.669066049168819 ], [ -46.810294497771054, -23.669068104950373 ], [ -46.810261258245326, -23.669074814120588 ], [ -46.810237269846226, -23.669084124052876 ], [ -46.810202752557053, -23.669097710637182 ], [ -46.810175041899321, -23.66910724465037 ], [ -46.810150031011204, -23.669113496455079 ], [ -46.810118720763413, -23.669117925651225 ], [ -46.810092478920673, -23.669120218808036 ], [ -46.810059556834297, -23.669121506467867 ], [ -46.810025838156392, -23.669121900468937 ], [ -46.809992119477741, -23.669122294462682 ], [ -46.809959861141941, -23.669121949017988 ], [ -46.809930214513749, -23.669119044763242 ], [ -46.809894061302479, -23.669113507646149 ], [ -46.809862228408171, -23.66910846181878 ], [ -46.809834708369905, -23.66910336559512 ], [ -46.80979888507553, -23.669093309801273 ], [ -46.809775054966074, -23.669085642168184 ], [ -46.80974964908895, -23.669077451165073 ], [ -46.809706098237662, -23.669061526094684 ], [ -46.809683615544458, -23.669052036785502 ], [ -46.809658162435078, -23.669040415070743 ], [ -46.809628540300984, -23.669025049623343 ], [ -46.809606042700459, -23.669014476924467 ], [ -46.809580202499923, -23.66900322090218 ], [ -46.809557528758809, -23.668994094989468 ], [ -46.809534641577706, -23.668983707422594 ], [ -46.809510749343829, -23.668971525672646 ], [ -46.809485673423573, -23.668958815969749 ], [ -46.809451547410454, -23.668943864281442 ], [ -46.809423411954128, -23.668936788658687 ], [ -46.809392398074422, -23.668934261452861 ], [ -46.809360637332205, -23.668934451844649 ], [ -46.8093304448984, -23.668934623911639 ], [ -46.80932985678254, -23.668934630780992 ], [ -46.809299458365615, -23.668934082879804 ], [ -46.809263579567727, -23.668934231054823 ], [ -46.809229657426648, -23.66893408548048 ], [ -46.809113319511702, -23.66892912349935 ], [ -46.80910642957344, -23.668927127157595 ], [ -46.809106001286139, -23.668917380189907 ], [ -46.809448396645614, -23.668252233676988 ], [ -46.809468989065763, -23.668195648429975 ], [ -46.809442779523813, -23.668193155402392 ], [ -46.809404399497858, -23.66818963067972 ], [ -46.809366283697557, -23.668183935756865 ], [ -46.809328631891205, -23.668176339188712 ], [ -46.809291539613248, -23.668166659267659 ], [ -46.809204889123414, -23.668139047460507 ], [ -46.809120236161355, -23.668106987769498 ], [ -46.809104614981706, -23.66809741823187 ], [ -46.809089766768579, -23.668087027001334 ], [ -46.809075593503422, -23.66807581522275 ], [ -46.809062193205023, -23.668063781751652 ], [ -46.809049666377675, -23.668051106006576 ], [ -46.809037913759902, -23.66803769885087 ], [ -46.809027132631776, -23.668023648276886 ], [ -46.809017324235889, -23.668009044566411 ], [ -46.809008390553458, -23.667993888864228 ], [ -46.809000528864289, -23.667978269162752 ], [ -46.808993740410827, -23.667962275743676 ], [ -46.808988025192754, -23.66794590860717 ], [ -46.808983384452468, -23.667929258034871 ], [ -46.808979818189613, -23.667912324026922 ], [ -46.808977425665063, -23.667895195720288 ], [ -46.808975978530746, -23.667875528084828 ], [ -46.808975901171024, -23.667855663861587 ], [ -46.808977100537632, -23.667835965321284 ], [ -46.808979770181523, -23.667816249611647 ], [ -46.808983719035965, -23.667796880147968 ], [ -46.808988944614939, -23.667777676367109 ], [ -46.809063647100885, -23.667499956373927 ], [ -46.809065846680475, -23.667488824275374 ], [ -46.809067259628328, -23.667477520771044 ], [ -46.809067888430164, -23.66746622642399 ], [ -46.809067829861647, -23.667454849808021 ], [ -46.809066988390256, -23.66744357263082 ], [ -46.809065361530671, -23.66743221432932 ], [ -46.809062953011363, -23.667421045748064 ], [ -46.809059860850681, -23.667410065742335 ], [ -46.809056085048795, -23.667399274312082 ], [ -46.809051527587656, -23.667388672601913 ], [ -46.809046288971075, -23.66737844003012 ], [ -46.809040369199138, -23.66736857659664 ], [ -46.809033863804672, -23.667358900593705 ], [ -46.809026679740462, -23.667349774291971 ], [ -46.809018813278428, -23.667340926846759 ], [ -46.809010464183032, -23.667332626813312 ], [ -46.809001533193417, -23.667324785054618 ], [ -46.808992216345814, -23.667317399281373 ], [ -46.808979252945932, -23.667308611353235 ], [ -46.808965808155875, -23.66730046111752 ], [ -46.808951786442762, -23.667293130281731 ], [ -46.808937383842611, -23.667286616556598 ], [ -46.808922502337083, -23.667280921086597 ], [ -46.808907339204779, -23.667276131863975 ], [ -46.808877129600432, -23.667267906492544 ], [ -46.807711086774148, -23.668555866138018 ], [ -46.807658261374485, -23.668614001179179 ], [ -46.807333205030034, -23.66900092028688 ], [ -46.806474974634355, -23.669961478251469 ], [ -46.806463077035438, -23.669980308294708 ], [ -46.805945011474229, -23.670647677874303 ], [ -46.805794776382704, -23.670986956247916 ], [ -46.8055798437912, -23.671440942377917 ], [ -46.805432349997297, -23.671894232488917 ], [ -46.805209608534419, -23.672472195477479 ], [ -46.805076240253356, -23.672911956854779 ], [ -46.804760109536701, -23.673685866678611 ], [ -46.804637734019217, -23.673905448028403 ], [ -46.804608580272763, -23.674045566104436 ], [ -46.804613059746892, -23.674178971565102 ], [ -46.804606430898446, -23.674395849764796 ], [ -46.804677420422685, -23.67466058343992 ], [ -46.804903535242218, -23.675383929091353 ], [ -46.805009061424514, -23.675714717944096 ], [ -46.804398700606058, -23.675296355187577 ], [ -46.80431210227713, -23.675237136597296 ], [ -46.804173113356221, -23.67516092053399 ], [ -46.804077691727052, -23.675215938881973 ], [ -46.803506016721506, -23.675287068536349 ], [ -46.803169027835615, -23.675478086032761 ], [ -46.802920468399968, -23.675554661453472 ], [ -46.802483902252483, -23.675848149014239 ], [ -46.801998972023434, -23.676132446194359 ], [ -46.801744596131563, -23.676249720776273 ], [ -46.801070868522629, -23.676343338859823 ], [ -46.800125707708489, -23.67643297592479 ], [ -46.799599308605586, -23.676524784837444 ], [ -46.799437863981154, -23.676534065072985 ], [ -46.799192839905594, -23.676640030204322 ], [ -46.799030835223164, -23.676730131695077 ], [ -46.798904798702402, -23.67681214004531 ], [ -46.798892957367443, -23.676813722332636 ] ] ] } },
{ "type": "Feature", "properties": { "nome": "CAPUAVA-ITATUBA", "codigo": 9, "regiao": "OESTE", "populacao_2010": 6981, "mulheres_2010": 3521, "homens_2010": 3460, "domicilios": 2329, "populacao_2015": 7946, "area_km2": 17.4, "densidade_2015": 456.69, "fonte_cartografica": "Base oficial de Limites Administrativos de Embu das Artes", "crs_origem": "SIRGAS 2000 / UTM zone 23S (EPSG:31983)", "status_geometria": "oficial", "nota_demografica": "Atributos populacionais da base referem-se principalmente a 2010 e 2015; não devem ser apresentados como dados atuais." }, "geometry": { "type": "Polygon", "coordinates": [ [ [ -46.853280954379137, -23.648704264362632 ], [ -46.853281328342042, -23.648730806535287 ], [ -46.853284212194225, -23.648754609857235 ], [ -46.853291067002509, -23.648781977488476 ], [ -46.853300197539532, -23.648803900226859 ], [ -46.853310132447241, -23.648827258062191 ], [ -46.853320237922254, -23.64884880796313 ], [ -46.853331702707699, -23.648869438663116 ], [ -46.853342793297593, -23.648891337962073 ], [ -46.853357047939525, -23.648915185910905 ], [ -46.853378353641894, -23.648938588368807 ], [ -46.853398776113799, -23.648954958397773 ], [ -46.853418376411902, -23.648968629413805 ], [ -46.853439585453728, -23.648985170620865 ], [ -46.853459309204887, -23.649000646048997 ], [ -46.853481852121355, -23.64901446245868 ], [ -46.853504606312384, -23.649029359874731 ], [ -46.853525991023957, -23.649044454252998 ], [ -46.853548569575793, -23.649060798477468 ], [ -46.853571466353692, -23.649071901800603 ], [ -46.853594923158944, -23.649081011939753 ], [ -46.853619757085433, -23.649090466785292 ], [ -46.853647319806818, -23.649098805456862 ], [ -46.853678581165553, -23.649105293997 ], [ -46.853705922442913, -23.649111829412277 ], [ -46.853730926939953, -23.649119476305593 ], [ -46.85375732128184, -23.649128370698204 ], [ -46.853784298550302, -23.649136896935705 ], [ -46.853807928481437, -23.649144379666307 ], [ -46.853834353370011, -23.649155440752313 ], [ -46.853858459294152, -23.649168877230945 ], [ -46.853884135802176, -23.649182475509942 ], [ -46.853907030081821, -23.649193398221289 ], [ -46.853935784135103, -23.649202806126382 ], [ -46.853961010114375, -23.64921225622534 ], [ -46.853987325593188, -23.649215553250208 ], [ -46.854015229467862, -23.649220275985961 ], [ -46.854042876258141, -23.649220667647281 ], [ -46.854072462730549, -23.649219591386924 ], [ -46.854103785244199, -23.649216507871689 ], [ -46.854128443609554, -23.64921350406755 ], [ -46.854156202409108, -23.64920793492049 ], [ -46.854183419007825, -23.649205622862777 ], [ -46.854210017048814, -23.64920115112783 ], [ -46.854220584735245, -23.649199850879498 ], [ -46.854237806385285, -23.649197748673199 ], [ -46.854265422624074, -23.649195973588434 ], [ -46.854294405800722, -23.64919382096722 ], [ -46.854324386815456, -23.649192920528449 ], [ -46.854389756781984, -23.649213177126853 ], [ -46.854419809075559, -23.649217332317736 ], [ -46.854443436504894, -23.64922463438927 ], [ -46.85447441536455, -23.649224986108038 ], [ -46.854499705008351, -23.649225044710704 ], [ -46.854528517637405, -23.649224699979214 ], [ -46.854558114283009, -23.6492243458617 ], [ -46.854584414496863, -23.649226559430922 ], [ -46.854612313295711, -23.649230920939928 ], [ -46.854641754671341, -23.649233458093168 ], [ -46.854671369138558, -23.649234367865816 ], [ -46.854699609029872, -23.649235113491365 ], [ -46.854726690717584, -23.64923713709593 ], [ -46.854754966253786, -23.649240410535032 ], [ -46.854782647412954, -23.649243239608175 ], [ -46.854810095649825, -23.649243452918764 ], [ -46.854837546432606, -23.649243846783321 ], [ -46.85486283352963, -23.649243724767622 ], [ -46.854890274126973, -23.64924339638754 ], [ -46.854917518719581, -23.649243070348209 ], [ -46.854945351324453, -23.649242737267127 ], [ -46.854972583184306, -23.649241508424087 ], [ -46.855001463254681, -23.649238995725906 ], [ -46.855026918342233, -23.649236885190899 ], [ -46.85505512258085, -23.649235102928245 ], [ -46.855084105742222, -23.649232950159561 ], [ -46.855109744097817, -23.649229934471272 ], [ -46.855139081066206, -23.649225068618762 ], [ -46.855168423125249, -23.649220563878416 ], [ -46.855191979194466, -23.64920890481422 ], [ -46.855217052449227, -23.649207521175608 ], [ -46.855242482057477, -23.649203605017917 ], [ -46.855275161270981, -23.64919942149287 ], [ -46.85530612483381, -23.649198689692867 ], [ -46.855330853192235, -23.64920065106563 ], [ -46.85535801382747, -23.649208271881655 ], [ -46.855386727217386, -23.649214790570376 ], [ -46.855412492906318, -23.649220802771055 ], [ -46.855439587327787, -23.649223729044305 ], [ -46.855465266421454, -23.649223602237992 ], [ -46.855493883030235, -23.649223259673434 ], [ -46.855526625914322, -23.649223590064473 ], [ -46.855553106853478, -23.649224717769322 ], [ -46.855578788493034, -23.649224771502951 ], [ -46.855603897403093, -23.649225915624271 ], [ -46.855628644871963, -23.649229231139486 ], [ -46.855653193790339, -23.649232368438458 ], [ -46.855682016591416, -23.649232745727481 ], [ -46.855710437194489, -23.64923240546943 ], [ -46.855739249805353, -23.649232060512862 ], [ -46.855770022457151, -23.649231692083937 ], [ -46.855805287918734, -23.649230186321486 ], [ -46.855840922459329, -23.649227050828973 ], [ -46.855873404372318, -23.649222779246006 ], [ -46.855900389250777, -23.649217941413131 ], [ -46.855928965088722, -23.649214709828914 ], [ -46.855955392522844, -23.649212045731929 ], [ -46.855984597133428, -23.649211696036172 ], [ -46.856013603191585, -23.649211168123223 ], [ -46.856044963845953, -23.649210792599014 ], [ -46.856076920155544, -23.649210951703335 ], [ -46.856107794712663, -23.649217805555562 ], [ -46.85613679586173, -23.649230821868628 ], [ -46.856160826938883, -23.649245884175059 ], [ -46.856179165079318, -23.649267335274558 ], [ -46.856199661819929, -23.649288941110399 ], [ -46.856217819257076, -23.649311477903801 ], [ -46.856230498773904, -23.649334802653605 ], [ -46.856243366655413, -23.649357583378663 ], [ -46.856254714921455, -23.64938381349581 ], [ -46.85626563041334, -23.649407159367641 ], [ -46.856273972370694, -23.649428730167301 ], [ -46.856285671887889, -23.649452066647694 ], [ -46.856300464161336, -23.649472296071242 ], [ -46.85631639933942, -23.649490164145828 ], [ -46.856331240038791, -23.649513824180424 ], [ -46.856348799324543, -23.649535645762139 ], [ -46.856365601355122, -23.649559372597309 ], [ -46.856389748359341, -23.649575697599069 ], [ -46.856417021249754, -23.649591262801238 ], [ -46.856442624172907, -23.649599624432753 ], [ -46.856471559177805, -23.649607946150283 ], [ -46.856496772646302, -23.649616493026297 ], [ -46.856520227172993, -23.649625422144478 ], [ -46.85654638244246, -23.649631248893929 ], [ -46.85657296285499, -23.649639418205606 ], [ -46.856595483242074, -23.649651609106009 ], [ -46.856615287602601, -23.64966581901718 ], [ -46.85663199412199, -23.649682774870318 ], [ -46.856649120690982, -23.649701712170579 ], [ -46.856667856082936, -23.649723519623588 ], [ -46.856674540759712, -23.649731836945545 ], [ -46.856685815108236, -23.649745878141367 ], [ -46.856701035169522, -23.649768630644893 ], [ -46.856720378985109, -23.649791875515398 ], [ -46.856739239039527, -23.649808624968728 ], [ -46.85675788525171, -23.649824112857111 ], [ -46.856777374112703, -23.649843744198922 ], [ -46.856798586241439, -23.649860465467604 ], [ -46.856821170410477, -23.649877170296364 ], [ -46.856845307331319, -23.649892772984856 ], [ -46.85686665303021, -23.649905068209165 ], [ -46.856889160743393, -23.649916356268911 ], [ -46.85691564973984, -23.64993193076722 ], [ -46.856935062166244, -23.649946145328617 ], [ -46.856955817457226, -23.649965219705557 ], [ -46.856972928814919, -23.649983073612585 ], [ -46.856993418150871, -23.650004137650576 ], [ -46.857011878611956, -23.650020350087079 ], [ -46.857036427985413, -23.650037392514403 ], [ -46.857056074685005, -23.650054313088983 ], [ -46.857075344675138, -23.650072321709025 ], [ -46.857081897124154, -23.650085155323154 ], [ -46.857092578580293, -23.650105795091665 ], [ -46.85710033270685, -23.650127372879048 ], [ -46.857106350831145, -23.650150957946401 ], [ -46.85710975347768, -23.650176741420701 ], [ -46.857110465437891, -23.650199396824366 ], [ -46.857110301449104, -23.65020860883417 ], [ -46.857109955625781, -23.650225768943791 ], [ -46.857104782322665, -23.650248133684741 ], [ -46.857103153689032, -23.650271629783632 ], [ -46.857109262176898, -23.650294672000072 ], [ -46.857118648100119, -23.65032074496138 ], [ -46.857129061069656, -23.650343193833628 ], [ -46.857135060090883, -23.650365424709062 ], [ -46.857144584667843, -23.650387432751746 ], [ -46.857155672195255, -23.650409060887966 ], [ -46.857169769771517, -23.650428666475975 ], [ -46.857189314722021, -23.650445317364561 ], [ -46.857206815638918, -23.650462985983015 ], [ -46.85722509930914, -23.650480554925263 ], [ -46.857246338370082, -23.65049917198607 ], [ -46.857264107814231, -23.650515031488499 ], [ -46.857286647696363, -23.650535529141102 ], [ -46.857301605660538, -23.650553589397759 ], [ -46.857321321316647, -23.650575385011251 ], [ -46.857339477692662, -23.650590878689016 ], [ -46.857355919739568, -23.650609914395346 ], [ -46.857454867835067, -23.650689542236229 ], [ -46.857499597861121, -23.650684942924276 ], [ -46.857579592231005, -23.650671794453906 ], [ -46.85770525562959, -23.650644193214017 ], [ -46.857829265480838, -23.650610561961582 ], [ -46.857905187884541, -23.65058671708681 ], [ -46.857957650766274, -23.65056748753247 ], [ -46.858008499672543, -23.650545026706066 ], [ -46.858057640423866, -23.650519606621877 ], [ -46.858461602983759, -23.650306273381872 ], [ -46.858579255460818, -23.650252852989677 ], [ -46.858700843485323, -23.650207421528286 ], [ -46.858900637003458, -23.650147146702476 ], [ -46.860041316612126, -23.649899779966589 ], [ -46.860094136704447, -23.649885060152506 ], [ -46.860138126362074, -23.649869723941006 ], [ -46.860181002233411, -23.649851872839783 ], [ -46.860222568312075, -23.649831509202272 ], [ -46.860262629868785, -23.649808725661185 ], [ -46.860300992174686, -23.649783614849341 ], [ -46.860337659059553, -23.649756447605441 ], [ -46.860372237237264, -23.649727138356742 ], [ -46.860404825986805, -23.649695776207373 ], [ -46.86044284760824, -23.649653513507243 ], [ -46.860969477028199, -23.648972782339989 ], [ -46.860982294102023, -23.648957278401273 ], [ -46.860996101406876, -23.648942484928078 ], [ -46.86101080221836, -23.648928493375884 ], [ -46.861026396536403, -23.648915303744445 ], [ -46.861042787636769, -23.648903007489249 ], [ -46.861059975519538, -23.648891604610046 ], [ -46.861077862183286, -23.648881096283262 ], [ -46.861096352181399, -23.648871664243529 ], [ -46.861144471127503, -23.648850318754715 ], [ -46.861193903676252, -23.648831756605841 ], [ -46.861244452549663, -23.648815889870011 ], [ -46.861295923024876, -23.648802811178687 ], [ -46.861625373581809, -23.648734384501463 ], [ -46.861724042302491, -23.648718029965899 ], [ -46.861810067934897, -23.648708689606746 ], [ -46.861896552007344, -23.648704039002745 ], [ -46.861983097411823, -23.648703721745346 ], [ -46.862416356132499, -23.648718923100514 ], [ -46.862494099301649, -23.648719975440656 ], [ -46.862571670323142, -23.648715792736084 ], [ -46.862648780297498, -23.648706739636697 ], [ -46.862903811033455, -23.648657444025616 ], [ -46.863552950782356, -23.648502912633074 ], [ -46.863536229674637, -23.649273685625857 ], [ -46.863511383735514, -23.649830739252401 ], [ -46.863502256196028, -23.651863825792017 ], [ -46.863408801686887, -23.651867838846005 ], [ -46.863431145455387, -23.652303330582079 ], [ -46.863424832660769, -23.652342052449981 ], [ -46.863415574626806, -23.65238044855187 ], [ -46.863403562242368, -23.652418155414988 ], [ -46.863376596653673, -23.652465884141805 ], [ -46.863352590356072, -23.652514931700097 ], [ -46.863268643028029, -23.652719554657267 ], [ -46.863232861751939, -23.65278156555712 ], [ -46.863192838117826, -23.652841640976767 ], [ -46.863148663730534, -23.652899328340339 ], [ -46.86310053075848, -23.652954354451342 ], [ -46.863081202289955, -23.652973819497145 ], [ -46.863060385843369, -23.65299203830762 ], [ -46.862994949349648, -23.653029574710462 ], [ -46.862920812497983, -23.65305493564075 ], [ -46.862814848434375, -23.653082394685228 ], [ -46.862749629928665, -23.653107648340654 ], [ -46.862647808951607, -23.653060835534507 ], [ -46.862524157027572, -23.652912162119371 ], [ -46.862511957557594, -23.652895152804025 ], [ -46.862500827189514, -23.652877498579091 ], [ -46.862490865206055, -23.652859288546086 ], [ -46.86248216961129, -23.652840521527448 ], [ -46.862474546953123, -23.652821380436901 ], [ -46.86246828996574, -23.652801771462396 ], [ -46.862463206475525, -23.652781967796539 ], [ -46.862460131657663, -23.652765571176776 ], [ -46.86245813488825, -23.65274916160169 ], [ -46.862457311614165, -23.6527325573357 ], [ -46.862457470940448, -23.652716121850201 ], [ -46.862458707035465, -23.652699583130577 ], [ -46.862461121738619, -23.652683210835967 ], [ -46.862464517762476, -23.652666917042914 ], [ -46.862469093672161, -23.652650879953821 ], [ -46.862474556733112, -23.652635193380831 ], [ -46.862481199679152, -23.652619763511645 ], [ -46.862488731054341, -23.652604774437357 ], [ -46.862497247584088, -23.652590134701111 ], [ -46.862535758393193, -23.652533960284764 ], [ -46.862578818274507, -23.652480620608799 ], [ -46.862615532599548, -23.652436025441109 ], [ -46.86264927864891, -23.652389479464023 ], [ -46.862680060260445, -23.652341253516244 ], [ -46.862707682707288, -23.65229144023408 ], [ -46.862732149828304, -23.652240310456023 ], [ -46.862769274597767, -23.652148576678115 ], [ -46.86270065775247, -23.652127640433726 ], [ -46.862489358314967, -23.652060743451464 ], [ -46.862251358584814, -23.651991096983846 ], [ -46.862185042842938, -23.65198728878179 ], [ -46.862174220662759, -23.652012159467326 ], [ -46.862161624184019, -23.652036329115649 ], [ -46.862147350131444, -23.652059706269846 ], [ -46.862131397226058, -23.652082200650515 ], [ -46.862104531358391, -23.652123155902146 ], [ -46.862074996361038, -23.652162517919614 ], [ -46.862042985683892, -23.652200103788569 ], [ -46.862008499325938, -23.652235913507571 ], [ -46.861971730737956, -23.652269764162178 ], [ -46.861932772811073, -23.652301293457317 ], [ -46.861891826666067, -23.652330860152738 ], [ -46.86184753389702, -23.652352521137097 ], [ -46.861801931274272, -23.65237166960214 ], [ -46.861755116803771, -23.652388304369342 ], [ -46.861707383221926, -23.652402331626703 ], [ -46.861630968926178, -23.652419141326995 ], [ -46.861509568331172, -23.652484798821391 ], [ -46.860985058787939, -23.652637194164402 ], [ -46.860672019922077, -23.65288944293086 ], [ -46.860603459065032, -23.653024895003089 ], [ -46.860580863667721, -23.653007468563768 ], [ -46.860557225988181, -23.652992582876919 ], [ -46.86053590466215, -23.652975141135077 ], [ -46.860512445121635, -23.652958989180483 ], [ -46.860489861242037, -23.652942375237984 ], [ -46.860470814472585, -23.652926350891629 ], [ -46.860450791493662, -23.652910609144651 ], [ -46.860428497812173, -23.652893720825404 ], [ -46.860409078195886, -23.652879055362586 ], [ -46.860387762015947, -23.652861974714032 ], [ -46.860362636436534, -23.652845842733562 ], [ -46.860341003597355, -23.652834093249712 ], [ -46.860314044038567, -23.652819969752279 ], [ -46.86029015455037, -23.652808066759501 ], [ -46.86026420474434, -23.652802960574594 ], [ -46.860236573539801, -23.65279679103385 ], [ -46.860211881194886, -23.652790495919234 ], [ -46.860184159652086, -23.65278486921973 ], [ -46.860158013844561, -23.652779765369083 ], [ -46.860129915610898, -23.652775226713917 ], [ -46.860105203161005, -23.652774439783148 ], [ -46.860074388896003, -23.652771920193118 ], [ -46.860047168875425, -23.652767100099222 ], [ -46.86001718174812, -23.652760687910138 ], [ -46.859991312087615, -23.652754316594525 ], [ -46.859967401241732, -23.652747831471974 ], [ -46.859943457201211, -23.652738999088729 ], [ -46.859920401587644, -23.652730607511884 ], [ -46.85989450767817, -23.652722520876271 ], [ -46.859866056718964, -23.652713832860996 ], [ -46.85984025060619, -23.652705022806845 ], [ -46.859813175545831, -23.652696589153539 ], [ -46.85978711372676, -23.652690490991841 ], [ -46.859760987098767, -23.652686741258762 ], [ -46.85973307213596, -23.65268129738617 ], [ -46.859705103852747, -23.652679014453717 ], [ -46.859679856714948, -23.652675073564421 ], [ -46.859651385645236, -23.652671893710782 ], [ -46.859626559596798, -23.652663071859926 ], [ -46.859603682150635, -23.652653413974082 ], [ -46.859577650984356, -23.652649482475073 ], [ -46.859551211206899, -23.652644382046482 ], [ -46.859523279950906, -23.652644717175335 ], [ -46.859498388107575, -23.652645106126478 ], [ -46.859472612947627, -23.65264541537713 ], [ -46.859446515692092, -23.652643742010007 ], [ -46.85942145436313, -23.652639076492893 ], [ -46.859396641377536, -23.652638110064739 ], [ -46.859369828735467, -23.652634368494908 ], [ -46.859340545562361, -23.652629211848236 ], [ -46.859319662414478, -23.652615015270449 ], [ -46.859307834692075, -23.652589603835143 ], [ -46.859297067153705, -23.652562915557432 ], [ -46.859291752125628, -23.652533633621715 ], [ -46.859289018397334, -23.652506668374485 ], [ -46.859284950900268, -23.652482427961601 ], [ -46.859279237753405, -23.65245965200203 ], [ -46.859271966478865, -23.652430664416539 ], [ -46.859265688013508, -23.652402567864829 ], [ -46.859259361322962, -23.652377993375122 ], [ -46.85925159009799, -23.652355242103383 ], [ -46.859241003556562, -23.652334420788229 ], [ -46.859224133264775, -23.652312862203157 ], [ -46.859209794495406, -23.652290099419545 ], [ -46.85919492130904, -23.652271135412636 ], [ -46.859177115660479, -23.652252748348317 ], [ -46.859153856244134, -23.652236864654093 ], [ -46.859130632567116, -23.652223508772455 ], [ -46.859107422932787, -23.652211145957757 ], [ -46.859079539733955, -23.652201006267106 ], [ -46.859057811654807, -23.65218943832312 ], [ -46.859037618465038, -23.652175504308772 ], [ -46.859015929695815, -23.652159782341283 ], [ -46.858996384259989, -23.652143131717203 ], [ -46.858977402607557, -23.652124758733077 ], [ -46.858957220666426, -23.652104684548025 ], [ -46.858933539936146, -23.652086729098247 ], [ -46.858907816440521, -23.652069881679257 ], [ -46.858889299310356, -23.652049697221955 ], [ -46.858873510985326, -23.652028396499595 ], [ -46.858860074760813, -23.652007067564831 ], [ -46.858846455292927, -23.651986643771217 ], [ -46.858831969105786, -23.651967313904905 ], [ -46.85881902674231, -23.651946249926116 ], [ -46.858805030583476, -23.651926914179651 ], [ -46.858787474389644, -23.651905363765934 ], [ -46.858775038646542, -23.651885467534896 ], [ -46.85876028502171, -23.651861084376915 ], [ -46.858749170304236, -23.651837560520828 ], [ -46.858743102029528, -23.65181045465738 ], [ -46.858732590653766, -23.651788007097611 ], [ -46.858685496439598, -23.651708570967212 ], [ -46.858685496439598, -23.651708570967212 ], [ -46.858685398435838, -23.651708572142525 ], [ -46.858505613162848, -23.651964094456439 ], [ -46.858207100241074, -23.65240524090715 ], [ -46.858168876660756, -23.652468002394002 ], [ -46.858134897847727, -23.652532880049261 ], [ -46.858105354713864, -23.652599510408582 ], [ -46.858080245989612, -23.652667803194937 ], [ -46.858052537663383, -23.652760235775311 ], [ -46.858030140685905, -23.652853959093143 ], [ -46.858013147971008, -23.652948610858257 ], [ -46.857953331572858, -23.653279986416401 ], [ -46.857824325440156, -23.653952330758944 ], [ -46.857788320542724, -23.654130552233706 ], [ -46.857779620725019, -23.654166954910124 ], [ -46.857768362552719, -23.654202665898534 ], [ -46.857754744586003, -23.654237863407268 ], [ -46.85773866244044, -23.654272097214598 ], [ -46.857720212844718, -23.654305275865884 ], [ -46.8576994925278, -23.654337307906314 ], [ -46.857676596943541, -23.654368011601889 ], [ -46.85757244169212, -23.654488990579789 ], [ -46.857560470049712, -23.654501955894535 ], [ -46.857630370209364, -23.654558184155594 ], [ -46.857698357497434, -23.654617776207903 ], [ -46.857811436083509, -23.654705180148525 ], [ -46.857931167542404, -23.654784738912724 ], [ -46.858069046862738, -23.654865253817658 ], [ -46.858211055138263, -23.654939669352057 ], [ -46.858573163972679, -23.655120882111891 ], [ -46.858718889624946, -23.655201663472532 ], [ -46.858920010068204, -23.655331803335493 ], [ -46.859111881822109, -23.655473340672941 ], [ -46.859147181879237, -23.655501901697829 ], [ -46.859184606185117, -23.65552817986806 ], [ -46.859239791681837, -23.655562732614939 ], [ -46.859392530005408, -23.655640268851389 ], [ -46.859856980465025, -23.655849325216138 ], [ -46.860392414042884, -23.656093916593807 ], [ -46.860788713364713, -23.656259453612975 ], [ -46.860824224219009, -23.656268237226243 ], [ -46.860914647501758, -23.656285300559116 ], [ -46.86118732073637, -23.656324825406664 ], [ -46.861266112804358, -23.656337332918913 ], [ -46.861343984878751, -23.656354095274992 ], [ -46.861420644223728, -23.656375206286562 ], [ -46.861472652687581, -23.656393001600673 ], [ -46.861523234513399, -23.656413884041779 ], [ -46.861572193690058, -23.656437855965759 ], [ -46.861605295767028, -23.656456510413623 ], [ -46.861919708513149, -23.656072413295252 ], [ -46.862121510600318, -23.655841995335159 ], [ -46.862136486843873, -23.655826645929473 ], [ -46.862152455935153, -23.655812187535219 ], [ -46.862169518437732, -23.65579879953232 ], [ -46.862187478338448, -23.655786484275843 ], [ -46.862206238909401, -23.655775333222127 ], [ -46.862225798872281, -23.655765256091954 ], [ -46.862246062777899, -23.655756434620603 ], [ -46.8622668346135, -23.65574887116335 ], [ -46.862668261211297, -23.655639666413752 ], [ -46.862685525229672, -23.655633589774197 ], [ -46.863230779198929, -23.65547795908579 ], [ -46.863914596709947, -23.65526422609107 ], [ -46.864002631471728, -23.655244205421667 ], [ -46.864072347282992, -23.65523189948015 ], [ -46.864149555054482, -23.655222573391224 ], [ -46.864186641760853, -23.655218064024599 ], [ -46.864230056621523, -23.655210498813453 ], [ -46.864272949448122, -23.655200682513996 ], [ -46.864315222232619, -23.655188616305825 ], [ -46.864356680241016, -23.655174392826535 ], [ -46.864483006088975, -23.655124204419053 ], [ -46.864536990337029, -23.655101613410181 ], [ -46.864539817148675, -23.655100495868165 ], [ -46.864548781212569, -23.655096685951783 ], [ -46.86455072981073, -23.655095849858689 ], [ -46.864558232745452, -23.655092689581327 ], [ -46.864623716378162, -23.65506535517931 ], [ -46.864730909666562, -23.655020814437652 ], [ -46.865032709135981, -23.654895556321247 ], [ -46.86507873866109, -23.654878839695584 ], [ -46.865125787926061, -23.654864909905051 ], [ -46.865173758927696, -23.654853768128117 ], [ -46.865222358932051, -23.654845508181364 ], [ -46.865271391930676, -23.6548401324232 ], [ -46.865608801876142, -23.654841307980224 ], [ -46.865794209470756, -23.654823906432167 ], [ -46.865979537582369, -23.654787092368391 ], [ -46.866070240199292, -23.654761711073277 ], [ -46.866440374329962, -23.654623708617667 ], [ -46.866473198440211, -23.654608956515581 ], [ -46.866541376222948, -23.654585020064076 ], [ -46.866688003118078, -23.65454948395076 ], [ -46.867006047462162, -23.654470889128849 ], [ -46.86752698038417, -23.654404927996737 ], [ -46.867780562335291, -23.654356544311504 ], [ -46.867896472634683, -23.654325440518683 ], [ -46.868288190851864, -23.654195932174563 ], [ -46.868458567566215, -23.654141778405648 ], [ -46.868613482695864, -23.654103251178693 ], [ -46.868905763942763, -23.654053586429793 ], [ -46.869017581335299, -23.654031109120872 ], [ -46.869213613743028, -23.653982062779953 ], [ -46.869495475321614, -23.653889000867007 ], [ -46.869814349825042, -23.653758742208883 ], [ -46.870022819589828, -23.653640018384618 ], [ -46.870249777127043, -23.653415246547073 ], [ -46.870389446085355, -23.653311077226331 ], [ -46.870448362459634, -23.653283910013183 ], [ -46.870570835590122, -23.65323881980229 ], [ -46.870934586618077, -23.653155782854711 ], [ -46.87147915738214, -23.653091419589909 ], [ -46.8719037842896, -23.653063898457418 ], [ -46.872077460600131, -23.653055841231097 ], [ -46.872154770998954, -23.653040099126368 ], [ -46.872267781499986, -23.653005144554438 ], [ -46.872377445980831, -23.652962374749968 ], [ -46.873352140610471, -23.652534069980632 ], [ -46.874178592932694, -23.652165611097157 ], [ -46.874630813232777, -23.652031834206994 ], [ -46.874965611145072, -23.651932885371508 ], [ -46.875386425952755, -23.651810231255137 ], [ -46.875586593072313, -23.651804106982233 ], [ -46.875783991885804, -23.651844427013842 ], [ -46.875966152224287, -23.651840326059787 ], [ -46.876210905209227, -23.651702735184934 ], [ -46.876503927257694, -23.651437696657904 ], [ -46.876862991303696, -23.651177997879735 ], [ -46.877283795979828, -23.650972539477547 ], [ -46.877683508328268, -23.650752166160725 ], [ -46.877843341394858, -23.650605488732705 ], [ -46.877936622924643, -23.650507112079996 ], [ -46.877945311605679, -23.650497796834841 ], [ -46.877945605611011, -23.650497793272574 ], [ -46.877970704483971, -23.65047762452204 ], [ -46.878035538011893, -23.650432594978696 ], [ -46.87818261823513, -23.65035388241628 ], [ -46.878347366809514, -23.650324978374822 ], [ -46.879220561793872, -23.65049281426327 ], [ -46.879388914708429, -23.650524091362065 ], [ -46.879454707694158, -23.650573677486005 ], [ -46.879565349296904, -23.650784797020222 ], [ -46.879713705007973, -23.651858396451658 ], [ -46.879905737152846, -23.652325504452982 ], [ -46.880072947674911, -23.652482393106503 ], [ -46.880449519467938, -23.65273452953053 ], [ -46.880846157764744, -23.653066873112284 ], [ -46.880872833304828, -23.653095262767707 ], [ -46.880873120859562, -23.653094807809374 ], [ -46.880994979290421, -23.653096127957014 ], [ -46.881013293039366, -23.653095002743708 ], [ -46.881031591292341, -23.653092794192062 ], [ -46.881049679333174, -23.65308959495917 ], [ -46.881067555870125, -23.653085314767107 ], [ -46.881085026187094, -23.653080046273015 ], [ -46.881102088992414, -23.653073699199062 ], [ -46.881166378732111, -23.653045469572547 ], [ -46.881228654133622, -23.653013472037159 ], [ -46.88128852317972, -23.652977711354136 ], [ -46.88129588103822, -23.652971301479866 ], [ -46.881302841716412, -23.652964535251911 ], [ -46.881309307210913, -23.65295741386003 ], [ -46.881315276230268, -23.652949847026246 ], [ -46.881320652062612, -23.652941926218336 ], [ -46.88132553400289, -23.652933740524642 ], [ -46.881329824047754, -23.652925291134899 ], [ -46.881333424193947, -23.652916579238841 ], [ -46.881356921694675, -23.652852998127358 ], [ -46.881401297668532, -23.652727763856927 ], [ -46.881448231979959, -23.652603220868023 ], [ -46.881479632446435, -23.652523381232427 ], [ -46.881516254161419, -23.652445374372075 ], [ -46.881538983454654, -23.652403473047219 ], [ -46.88156398100994, -23.652362537412298 ], [ -46.881577329598059, -23.652343233094197 ], [ -46.881591963845132, -23.652324725809493 ], [ -46.881607883750817, -23.652307015557835 ], [ -46.881624895892337, -23.652290285274521 ], [ -46.881642902266691, -23.652274536149047 ], [ -46.881674702335701, -23.652250041652071 ], [ -46.88170779968037, -23.652227156684582 ], [ -46.881742294887424, -23.652206060611768 ], [ -46.881847542080095, -23.652149432692525 ], [ -46.881920741522372, -23.652113690516764 ], [ -46.882105758137577, -23.652028373642604 ], [ -46.882171332798613, -23.652000940671662 ], [ -46.882238324689219, -23.651976650740508 ], [ -46.882292569948959, -23.651958926439544 ], [ -46.882378331773737, -23.651931157916447 ], [ -46.88244174659269, -23.651910342504983 ], [ -46.882506488404452, -23.651893212990011 ], [ -46.88257216391127, -23.65187968385327 ], [ -46.882638579697634, -23.651869938030064 ], [ -46.882705537179241, -23.651863797344223 ], [ -46.882888364641914, -23.651858416037197 ], [ -46.882966560302748, -23.651856743683634 ], [ -46.883044505664614, -23.651851281999289 ], [ -46.883079632977697, -23.651846972578632 ], [ -46.883114440427562, -23.651840861164011 ], [ -46.883148828717722, -23.651832858668552 ], [ -46.883169131793885, -23.651826923476492 ], [ -46.883188930636081, -23.651820001178766 ], [ -46.883208319368329, -23.651811819751071 ], [ -46.883227107156131, -23.65180274268689 ], [ -46.883245290121081, -23.651792499152716 ], [ -46.883262774138657, -23.651781361173349 ], [ -46.883296918069732, -23.651756296120848 ], [ -46.883329069620181, -23.651728997931524 ], [ -46.883359036663506, -23.651699739822167 ], [ -46.88338662707374, -23.651668795009591 ], [ -46.883411941439718, -23.651636342859874 ], [ -46.883434981055238, -23.651602473651991 ], [ -46.883572238225597, -23.651392407944211 ], [ -46.883641602696855, -23.651280594086565 ], [ -46.883659258549457, -23.651247241749399 ], [ -46.88367454941605, -23.6512130152176 ], [ -46.883687671302184, -23.651177912109599 ], [ -46.884028404309355, -23.65169241700125 ], [ -46.885034364539301, -23.652881450630645 ], [ -46.886021284318616, -23.653295177420201 ], [ -46.886170890738171, -23.6534747563454 ], [ -46.886327688044652, -23.653677272417099 ], [ -46.88644919725914, -23.653804551908308 ], [ -46.886610529065621, -23.653981459391058 ], [ -46.886690821898817, -23.654071226856882 ], [ -46.88677118692155, -23.654138690907377 ], [ -46.886840720652991, -23.654216399654281 ], [ -46.886916736541082, -23.654288160364409 ], [ -46.886945840814953, -23.654321756337943 ], [ -46.886967177714148, -23.654346869002641 ], [ -46.887023254914112, -23.654436299065466 ], [ -46.887101852901516, -23.654530872475142 ], [ -46.887243074107445, -23.654638227241971 ], [ -46.887355623127021, -23.654694283209768 ], [ -46.887580247915018, -23.654875836302455 ], [ -46.887893414990778, -23.655175407429315 ], [ -46.888051032558145, -23.655298182393782 ], [ -46.88824788219852, -23.655490817715343 ], [ -46.888381977974717, -23.655613788616957 ], [ -46.888486711374206, -23.655739826016479 ], [ -46.888747776691488, -23.656096914938292 ], [ -46.888855763547291, -23.656244673093003 ], [ -46.889008124213277, -23.656410761556856 ], [ -46.889162958488839, -23.656544314080211 ], [ -46.889287294111462, -23.656649615278699 ], [ -46.889356976510868, -23.656546463320659 ], [ -46.889375017789668, -23.656430848441481 ], [ -46.889374815364377, -23.656355365661589 ], [ -46.889367931791483, -23.656203756743945 ], [ -46.889385496432112, -23.656109547199907 ], [ -46.889463689759353, -23.655964305024998 ], [ -46.889475312653907, -23.655695359972029 ], [ -46.889440802249126, -23.655592575433094 ], [ -46.889435571233683, -23.655433181128618 ], [ -46.889433107458906, -23.655302646958905 ], [ -46.889469225536459, -23.655189881638758 ], [ -46.889562089358058, -23.655090149003428 ], [ -46.889682232165519, -23.655053830797044 ], [ -46.889823396368698, -23.65504109359593 ], [ -46.889914997433721, -23.655044491175975 ], [ -46.889992826124292, -23.65501717634314 ], [ -46.89010931790348, -23.654979186768443 ], [ -46.890170805727017, -23.654953877019924 ], [ -46.890194985677617, -23.654924417343544 ], [ -46.890277247112238, -23.654905445587733 ], [ -46.890366102144966, -23.654861020930543 ], [ -46.890454190047265, -23.654776876514976 ], [ -46.890503150333601, -23.654602916043892 ], [ -46.890516191642376, -23.654466865478529 ], [ -46.89054184612155, -23.654389983764624 ], [ -46.890664155114663, -23.65433395446734 ], [ -46.891299657680534, -23.654942722748348 ], [ -46.892323944439106, -23.65479703604894 ], [ -46.892946699472887, -23.655881436881685 ], [ -46.892672148115082, -23.656896706737321 ], [ -46.893376667198439, -23.65763383176521 ], [ -46.893454064715762, -23.657685436683494 ], [ -46.893490028306722, -23.657677864065739 ], [ -46.89361636213053, -23.657588103819311 ], [ -46.893788198819159, -23.657615439401773 ], [ -46.894073657950976, -23.657766171161285 ], [ -46.894637823856336, -23.658163516589198 ], [ -46.894784554891274, -23.658251202925538 ], [ -46.895083952586262, -23.658430294865919 ], [ -46.895498838264473, -23.658678402103703 ], [ -46.895813294467821, -23.6589023645708 ], [ -46.896067869338815, -23.659127059103312 ], [ -46.896473285149135, -23.659581418468239 ], [ -46.89680463053832, -23.65987505880808 ], [ -46.897196343277088, -23.660208229893595 ], [ -46.897593816819274, -23.660383497111567 ], [ -46.897781844136603, -23.660425257196849 ], [ -46.898191950813754, -23.66036876651059 ], [ -46.898660462432503, -23.660216029091274 ], [ -46.899195945172096, -23.660003688708848 ], [ -46.899573356957198, -23.659896218511502 ], [ -46.90014111317533, -23.659712824535827 ], [ -46.900567031043593, -23.659421281913705 ], [ -46.901341714860266, -23.65887877873228 ], [ -46.901717293416958, -23.658367084745535 ], [ -46.901826838392608, -23.658086103164994 ], [ -46.901844345767195, -23.658130854149018 ], [ -46.901857739828387, -23.658141976365965 ], [ -46.901876793434639, -23.658151313551965 ], [ -46.90192486587727, -23.658174470538931 ], [ -46.902056003914765, -23.658261347896335 ], [ -46.902059269464061, -23.658263474840648 ], [ -46.902062728413789, -23.658265418825088 ], [ -46.902066379457864, -23.658267089572792 ], [ -46.902070125896117, -23.658268578563632 ], [ -46.902073966422513, -23.658269795520773 ], [ -46.902077901036996, -23.658270740444223 ], [ -46.902188951058875, -23.658290325186339 ], [ -46.902260994762003, -23.658290072812946 ], [ -46.90252738604589, -23.658287524589873 ], [ -46.902617775204789, -23.658281538935995 ], [ -46.902745835336447, -23.658264074921771 ], [ -46.902819298154824, -23.658253511476978 ], [ -46.902870203857994, -23.658248913459094 ], [ -46.902921246761402, -23.658247022525455 ], [ -46.902972425561508, -23.658247748398928 ], [ -46.9030051373948, -23.658245811682271 ], [ -46.903037522540458, -23.658241621649626 ], [ -46.903196962788442, -23.658211492043669 ], [ -46.90357629965132, -23.658142814771466 ], [ -46.9035957714785, -23.6581404085332 ], [ -46.903615356995999, -23.658139084409804 ], [ -46.903634958198303, -23.658138843605272 ], [ -46.903654575085874, -23.658139686119533 ], [ -46.903674109653188, -23.65814161315663 ], [ -46.903693463894733, -23.658144625920603 ], [ -46.903712637810976, -23.6581487244115 ], [ -46.90382708156622, -23.658179282000905 ], [ -46.903905214719281, -23.658200172860351 ], [ -46.903940513932483, -23.658207684902276 ], [ -46.903976275724965, -23.658213295102769 ], [ -46.904012302775726, -23.658216915593421 ], [ -46.904048498384455, -23.658218637855175 ], [ -46.904084764543562, -23.65821846309235 ], [ -46.90420703947165, -23.658214432307556 ], [ -46.904431357992529, -23.658183413851763 ], [ -46.904880595576223, -23.658108727607615 ], [ -46.904977287979143, -23.658091286208492 ], [ -46.905074828495891, -23.658078258669384 ], [ -46.905190914336707, -23.658066538028258 ], [ -46.905517099575469, -23.658036974294458 ], [ -46.905562503623386, -23.658031540128064 ], [ -46.905608141623574, -23.658028721561561 ], [ -46.905653914264413, -23.658028429523171 ], [ -46.905699625536904, -23.658030666423272 ], [ -46.90574507943208, -23.658035434672477 ], [ -46.905758148227875, -23.65803762155257 ], [ -46.905770933475168, -23.658040534260962 ], [ -46.905783631185805, -23.658044170386944 ], [ -46.905795949959717, -23.658048714100023 ], [ -46.905807884562726, -23.658053804293626 ], [ -46.905925976340377, -23.658112847951177 ], [ -46.906040426447582, -23.658177624751193 ], [ -46.906115218129408, -23.658238464971678 ], [ -46.906185563121738, -23.658303603613042 ], [ -46.906251163480924, -23.658372773468443 ], [ -46.906305803102455, -23.658449933605986 ], [ -46.906354997643241, -23.658530140371109 ], [ -46.906387116228714, -23.658581934411565 ], [ -46.906423126290065, -23.658631694125138 ], [ -46.90643988194843, -23.658651532957172 ], [ -46.906457801905127, -23.658670544827359 ], [ -46.906477078245487, -23.658688456493763 ], [ -46.906497513647871, -23.658705180090976 ], [ -46.906518913408654, -23.658720808306935 ], [ -46.906541469612719, -23.658735067899627 ], [ -46.90654591786106, -23.658737631656095 ], [ -46.906550654891831, -23.658739830688276 ], [ -46.906555487310712, -23.65874184796116 ], [ -46.90656041249941, -23.658743502921524 ], [ -46.90656552977331, -23.658744884640061 ], [ -46.9065706431198, -23.658745995528594 ], [ -46.906575849235999, -23.658746744104558 ], [ -46.906581051424702, -23.658747221850533 ], [ -46.906586347692198, -23.658747427560545 ], [ -46.906591638722972, -23.658747272163957 ], [ -46.906651385903594, -23.658744008791668 ], [ -46.906657860864804, -23.658744380580877 ], [ -46.906664427286167, -23.658744299780807 ], [ -46.906670989779798, -23.65874394815064 ], [ -46.90667744903012, -23.658743236619728 ], [ -46.906683901734127, -23.658742073705529 ], [ -46.906747100814293, -23.658719986935424 ], [ -46.907036878874138, -23.658619988166325 ], [ -46.907076406376646, -23.658608124799027 ], [ -46.907116749349356, -23.658598418410129 ], [ -46.907157515769363, -23.658590873824 ], [ -46.907212691705375, -23.658583332453379 ], [ -46.907266434211422, -23.65857833690286 ], [ -46.907320213382761, -23.658575869078071 ], [ -46.907529915041458, -23.658571120645863 ], [ -46.907672672187026, -23.658573516620052 ], [ -46.907913230489051, -23.658580848163634 ], [ -46.908043943614253, -23.658590886384278 ], [ -46.908173778890315, -23.658607978131847 ], [ -46.90818507448693, -23.658609554589574 ], [ -46.908196279939311, -23.658611673912564 ], [ -46.908207299862042, -23.658614517860837 ], [ -46.908218131634712, -23.65861790588135 ], [ -46.908228776567782, -23.658621928250678 ], [ -46.908239037338831, -23.658626497106237 ], [ -46.908403386398774, -23.658705014080084 ], [ -46.908427873727234, -23.658676721762212 ], [ -46.908556941937768, -23.658472154167608 ], [ -46.909054602483643, -23.658451576774389 ], [ -46.90938710381306, -23.658418225064203 ], [ -46.910019819330493, -23.658362481753866 ], [ -46.910703764999269, -23.658351521341068 ], [ -46.91105841539067, -23.658587687133124 ], [ -46.911206263795506, -23.65861665335434 ], [ -46.91142029206668, -23.658660062508226 ], [ -46.911581807631485, -23.658705383301864 ], [ -46.911902104316155, -23.658722559985527 ], [ -46.912125408127878, -23.658783641319097 ], [ -46.91225452426967, -23.658825388335686 ], [ -46.912422977236773, -23.658606336426445 ], [ -46.912951918472388, -23.658579852585099 ], [ -46.913535919300664, -23.658867898025509 ], [ -46.914818992694286, -23.658944868023866 ], [ -46.915296105316386, -23.659317115813913 ], [ -46.915412081430354, -23.659863034687735 ], [ -46.915669163899956, -23.659988432773734 ], [ -46.915688720516108, -23.659971667474295 ], [ -46.915832560737705, -23.659920499061126 ], [ -46.915943841017658, -23.659915330789733 ], [ -46.916091306851811, -23.659938066761111 ], [ -46.916553038216811, -23.660108697069546 ], [ -46.916776650416111, -23.660143582850296 ], [ -46.916865348557153, -23.660149347764342 ], [ -46.916972422206847, -23.66017836128955 ], [ -46.917094435643918, -23.660203397610921 ], [ -46.917266116857206, -23.660172560345018 ], [ -46.917453142359612, -23.660098282983654 ], [ -46.917568346095422, -23.660039521643764 ], [ -46.917704363130071, -23.659882174296207 ], [ -46.917738584840045, -23.659688073732006 ], [ -46.917760349384139, -23.6593791852303 ], [ -46.917797198790161, -23.659277872628646 ], [ -46.917917953559417, -23.659041979142316 ], [ -46.918031317804726, -23.658675794965998 ], [ -46.918063728742631, -23.658444967788292 ], [ -46.918106270388321, -23.658256813754704 ], [ -46.918158052634283, -23.658177979604496 ], [ -46.918207364876103, -23.658131410371357 ], [ -46.918241290277201, -23.658085031607275 ], [ -46.918395426079627, -23.657879785125306 ], [ -46.918432803942281, -23.657734132337843 ], [ -46.918439619511418, -23.657663800542174 ], [ -46.918419668467834, -23.657552717132823 ], [ -46.918346228401916, -23.65732283919067 ], [ -46.918278340926747, -23.657070409669103 ], [ -46.918222526540305, -23.65700049201299 ], [ -46.91813814578137, -23.656941130975639 ], [ -46.918077484208773, -23.656888338509741 ], [ -46.917896936834218, -23.656586558932005 ], [ -46.917857589414609, -23.656509845970238 ], [ -46.917797348232796, -23.656344724498201 ], [ -46.917753107345661, -23.656268523523991 ], [ -46.917737583321809, -23.656171922248006 ], [ -46.917666037182578, -23.656058316954294 ], [ -46.917645728278352, -23.655915906359667 ], [ -46.917603973411957, -23.655687531942366 ], [ -46.917586326594837, -23.655606667774251 ], [ -46.917515605901748, -23.655448808908663 ], [ -46.917528445317139, -23.655300841436958 ], [ -46.917565165266794, -23.655157093084643 ], [ -46.91754996146598, -23.655021932960803 ], [ -46.917551364360456, -23.654956814805466 ], [ -46.917458140843571, -23.654721131423553 ], [ -46.917439001013506, -23.654618525229282 ], [ -46.917426156614539, -23.654537601599849 ], [ -46.917374795035826, -23.654288939825506 ], [ -46.917292271229051, -23.654148382368977 ], [ -46.91712201490833, -23.654047826216942 ], [ -46.916980511090941, -23.653969667887392 ], [ -46.916734498877467, -23.653849822846123 ], [ -46.916503214345212, -23.653724919467205 ], [ -46.916422485547109, -23.65363345834934 ], [ -46.916221260617888, -23.653291029494728 ], [ -46.916018692745084, -23.653118727873217 ], [ -46.915821681144799, -23.652971187692938 ], [ -46.9156121838678, -23.652787413705031 ], [ -46.915436456743713, -23.652411982580624 ], [ -46.915089903457329, -23.652037849517107 ], [ -46.914975794452666, -23.651774251038386 ], [ -46.9149254126473, -23.651558803605585 ], [ -46.915115801971837, -23.651204671575364 ], [ -46.915345057781479, -23.650975294724105 ], [ -46.915426910134052, -23.650800831303719 ], [ -46.915565343260354, -23.650291586364972 ], [ -46.915557357041152, -23.649857649073866 ], [ -46.915517805626351, -23.649753218006513 ], [ -46.915454841273018, -23.649541989366526 ], [ -46.915383426913223, -23.649403369987024 ], [ -46.915349116935573, -23.649315578198248 ], [ -46.915206884730431, -23.649234086060421 ], [ -46.915028584976575, -23.649119089423944 ], [ -46.914783338798358, -23.648997244745274 ], [ -46.914705930271957, -23.648918111527109 ], [ -46.914576467112461, -23.648912487341228 ], [ -46.914523986604252, -23.648828802354238 ], [ -46.914390937032039, -23.648745119256283 ], [ -46.91417494117254, -23.6485048096079 ], [ -46.914141936628994, -23.64830458713233 ], [ -46.914125757126591, -23.648128987322028 ], [ -46.914120593392319, -23.647996411316416 ], [ -46.914075186761146, -23.647765642482813 ], [ -46.914049827735234, -23.647632774091026 ], [ -46.91406619785586, -23.647437539997519 ], [ -46.914005219397282, -23.647295179242889 ], [ -46.913851603552729, -23.647118206403608 ], [ -46.913399324420233, -23.646819052454109 ], [ -46.913181226060999, -23.646689917260879 ], [ -46.912769201476522, -23.646543581341149 ], [ -46.912599244999882, -23.646348118171144 ], [ -46.912450070865241, -23.646173075399069 ], [ -46.912354604978077, -23.645923600790258 ], [ -46.912166175366053, -23.645765294648353 ], [ -46.912095329969304, -23.645692399440147 ], [ -46.91196751944188, -23.645543999810684 ], [ -46.911900055496005, -23.645487947521136 ], [ -46.91181565203307, -23.645399327875943 ], [ -46.911803707524875, -23.645386743920803 ], [ -46.911663197095727, -23.645301886088593 ], [ -46.911546382636075, -23.645269376554086 ], [ -46.910939668565717, -23.645126971020282 ], [ -46.910814020349122, -23.645093576590938 ], [ -46.910659908175447, -23.645070916552154 ], [ -46.910423409687809, -23.645118706806521 ], [ -46.910340839483695, -23.645061756443685 ], [ -46.910291379156504, -23.645010267049177 ], [ -46.910211128938741, -23.644910579557315 ], [ -46.910138324450287, -23.644851161124247 ], [ -46.909937189236679, -23.644715310894906 ], [ -46.909807377740478, -23.644658400499019 ], [ -46.909755341637364, -23.644618500117431 ], [ -46.909587815680894, -23.64448196446412 ], [ -46.909488248879285, -23.644368157942377 ], [ -46.909419632831991, -23.644279884149871 ], [ -46.909395807202927, -23.644123971117487 ], [ -46.909354315517767, -23.643946153932323 ], [ -46.90918516179547, -23.6435757795043 ], [ -46.908869012087067, -23.643098773225706 ], [ -46.908692987246113, -23.642774802911386 ], [ -46.908550905510424, -23.642561023179724 ], [ -46.9083288617107, -23.642280688551949 ], [ -46.908130375014423, -23.642171620003271 ], [ -46.908054516058456, -23.642036572636396 ], [ -46.908028658768806, -23.64199048034985 ], [ -46.908001931308739, -23.641850584501199 ], [ -46.907970084503248, -23.641702354410455 ], [ -46.908236288687831, -23.64126350540846 ], [ -46.908298495323891, -23.641018136428809 ], [ -46.908615310925732, -23.640534781596209 ], [ -46.908783202896331, -23.640352399893054 ], [ -46.908816236943757, -23.640237863051862 ], [ -46.908781281243414, -23.640003712623471 ], [ -46.90886172573812, -23.639671166933162 ], [ -46.908930159309328, -23.639551137841487 ], [ -46.909109312272079, -23.639408707223492 ], [ -46.909170557931994, -23.639320188451347 ], [ -46.909180160749699, -23.63927275676345 ], [ -46.909184061346515, -23.639176817747323 ], [ -46.90916954692316, -23.639068103316159 ], [ -46.909040179374003, -23.638710330724873 ], [ -46.908985824911653, -23.638456374133426 ], [ -46.908899383381545, -23.638206514550401 ], [ -46.908942217513548, -23.638058177801909 ], [ -46.909020440411716, -23.637748232602281 ], [ -46.909035749918104, -23.637614500983968 ], [ -46.909003903159487, -23.637500040568224 ], [ -46.908926479860753, -23.637324561521279 ], [ -46.908828541716296, -23.637153669027978 ], [ -46.908694800225419, -23.636960373087419 ], [ -46.908494742484848, -23.636776200198515 ], [ -46.908189920157405, -23.636551781571224 ], [ -46.908116087209841, -23.63625878676978 ], [ -46.907964029774874, -23.635775423761192 ], [ -46.907910553308994, -23.635642628821806 ], [ -46.907832308670834, -23.635254790217836 ], [ -46.907750214568651, -23.634939413818536 ], [ -46.907490218759911, -23.634500808896661 ], [ -46.90741525903357, -23.634224531605621 ], [ -46.907455321891085, -23.63389167048549 ], [ -46.90747865947435, -23.633662581093784 ], [ -46.907427241499498, -23.633279468497541 ], [ -46.907401533521657, -23.633135315971082 ], [ -46.907392422994327, -23.632973261874287 ], [ -46.907351889603056, -23.63271227199435 ], [ -46.907282783963389, -23.632555831575608 ], [ -46.907242915593322, -23.632428647640641 ], [ -46.907166505299621, -23.632248279053972 ], [ -46.907099969415775, -23.632052710058908 ], [ -46.907043833268773, -23.631939089457937 ], [ -46.907007586600763, -23.631879219462512 ], [ -46.907100600040629, -23.631683584597074 ], [ -46.907177001029602, -23.631552171704122 ], [ -46.90739823837729, -23.631359022969804 ], [ -46.90754584869115, -23.631170842751576 ], [ -46.907584962479213, -23.63105659250877 ], [ -46.907594411694639, -23.630957966649792 ], [ -46.907595779933438, -23.630835964013215 ], [ -46.907560281439821, -23.630746559131087 ], [ -46.907397025998705, -23.630747754413392 ], [ -46.907285703568462, -23.630795714677689 ], [ -46.90720557763165, -23.63079850590729 ], [ -46.906935912225137, -23.630780873909242 ], [ -46.906635086098284, -23.63075676225619 ], [ -46.906396412754432, -23.630720418814008 ], [ -46.906292841287112, -23.630620112255933 ], [ -46.906275530501226, -23.630615810380085 ], [ -46.906207077786313, -23.630599044606797 ], [ -46.905908503412263, -23.630622127095197 ], [ -46.905729264876285, -23.630690424173256 ], [ -46.905485573900961, -23.630767819915011 ], [ -46.905143306456416, -23.631062949013234 ], [ -46.904909628267987, -23.631297330834013 ], [ -46.904769061488565, -23.631315580968202 ], [ -46.904593562773911, -23.631147985356321 ], [ -46.904385936737761, -23.631015456571571 ], [ -46.904159317815051, -23.630850384284045 ], [ -46.903998398534625, -23.630782743964033 ], [ -46.903731242896875, -23.630647243035732 ], [ -46.903447204672915, -23.630577682214518 ], [ -46.902881922442418, -23.630353829704696 ], [ -46.902212908784321, -23.630167454891559 ], [ -46.90199503130026, -23.630118750194299 ], [ -46.90178265920791, -23.630078013767495 ], [ -46.901495206621107, -23.630145104723351 ], [ -46.901416692041963, -23.630178031117293 ], [ -46.901235872277844, -23.63023198585373 ], [ -46.90116896459265, -23.630254295828699 ], [ -46.901139021732284, -23.630291412212419 ], [ -46.901049463932267, -23.630306144275739 ], [ -46.900969202071202, -23.629783698278729 ], [ -46.900978696768668, -23.629484259867752 ], [ -46.901032510242061, -23.629315293707741 ], [ -46.901105370366089, -23.628863656861046 ], [ -46.901072007921115, -23.628725014221377 ], [ -46.900928008694159, -23.628539330411918 ], [ -46.900873897007976, -23.62837538902588 ], [ -46.900739500775749, -23.628155637047339 ], [ -46.900490838874418, -23.627766359928469 ], [ -46.900329763002169, -23.627633164484557 ], [ -46.900156730840045, -23.627696864371426 ], [ -46.900117390961775, -23.627700777455807 ], [ -46.900028895269543, -23.627755044291369 ], [ -46.899934557418213, -23.62783231713593 ], [ -46.899861293159042, -23.627862288999985 ], [ -46.899797543129147, -23.627906410634509 ], [ -46.899692634373743, -23.627957447181764 ], [ -46.899196387034188, -23.628102214893797 ], [ -46.899094335338816, -23.628120349307327 ], [ -46.898705237437611, -23.628172426676993 ], [ -46.898551441678357, -23.628251780982861 ], [ -46.898357020425166, -23.628327478890217 ], [ -46.898153437877404, -23.628406719828881 ], [ -46.898070941124757, -23.628442131177305 ], [ -46.897978978463868, -23.62853472371129 ], [ -46.897605665231126, -23.628709765378062 ], [ -46.897482733063725, -23.628747928475413 ], [ -46.897342794788116, -23.62876210089556 ], [ -46.897206028031533, -23.62880594091391 ], [ -46.896820551933857, -23.629007585514955 ], [ -46.896653889892683, -23.629017118018023 ], [ -46.896345694634761, -23.628991360604537 ], [ -46.896142973558753, -23.628953658521546 ], [ -46.895949667874447, -23.628902838821183 ], [ -46.895832346256739, -23.628813437755912 ], [ -46.895816277301904, -23.628697968304564 ], [ -46.895743186372549, -23.628515475753819 ], [ -46.895584718948726, -23.628365809897957 ], [ -46.895180209188766, -23.628123529660794 ], [ -46.895175563650838, -23.628120787327081 ], [ -46.894790155863028, -23.627843780480319 ], [ -46.89455812990105, -23.627560565069039 ], [ -46.894296691704916, -23.627276444349572 ], [ -46.894223848789814, -23.627192728950849 ], [ -46.89411772822266, -23.627139216742425 ], [ -46.893830055298046, -23.627068237285773 ], [ -46.89319508105941, -23.626861812601796 ], [ -46.892857152828704, -23.62650575588998 ], [ -46.892827901975814, -23.626475232449287 ], [ -46.892822680323725, -23.626473309711169 ], [ -46.892707045522762, -23.626385059262791 ], [ -46.892662338176734, -23.626301902660582 ], [ -46.892154382359251, -23.625734374475389 ], [ -46.89196008293689, -23.625484373920738 ], [ -46.891831869529099, -23.625400429660072 ], [ -46.891726720695985, -23.625421215456097 ], [ -46.891636347734227, -23.625501866235926 ], [ -46.891454706563245, -23.625614510316179 ], [ -46.891277263110631, -23.625698750822988 ], [ -46.890985348290783, -23.625925786492754 ], [ -46.890644529840628, -23.625968496392336 ], [ -46.890477276027013, -23.625922950170729 ], [ -46.890254854102629, -23.625720784531609 ], [ -46.890213267105835, -23.625636415281765 ], [ -46.89009451470028, -23.625583415260909 ], [ -46.889916251210117, -23.625535474326661 ], [ -46.889790993114445, -23.625513975521233 ], [ -46.889478792658593, -23.625331412616269 ], [ -46.889352528364832, -23.625239767506947 ], [ -46.889228283405814, -23.625131754532944 ], [ -46.888938088727265, -23.624980164048559 ], [ -46.888877780043998, -23.624929611613613 ], [ -46.888794856143079, -23.624784977601827 ], [ -46.888676229042751, -23.624631297403354 ], [ -46.8885795612495, -23.624532790090424 ], [ -46.888469398957284, -23.624408984162827 ], [ -46.888412631452795, -23.624236311292002 ], [ -46.888412728139848, -23.624236219821224 ], [ -46.888410368406703, -23.62422884446222 ], [ -46.888337633392098, -23.624090767844923 ], [ -46.888143885690781, -23.623762380271391 ], [ -46.887955789829455, -23.623623089015283 ], [ -46.887747490464811, -23.623523682327193 ], [ -46.88754452342576, -23.623420237533555 ], [ -46.887384164899025, -23.623329005480137 ], [ -46.887262461009755, -23.623281817818672 ], [ -46.887034302252971, -23.623157369457164 ], [ -46.886910068913792, -23.623104614057166 ], [ -46.886253675662253, -23.622748622353413 ], [ -46.88586909343293, -23.622478985406001 ], [ -46.885649530458231, -23.622160750059567 ], [ -46.885597988284523, -23.622072075931371 ], [ -46.885520282658305, -23.621976676857209 ], [ -46.885330378421607, -23.621395776801823 ], [ -46.88558374010789, -23.620577163419714 ], [ -46.885667281709722, -23.6203341604791 ], [ -46.885690402332898, -23.620196813372633 ], [ -46.885674839817518, -23.620143367970321 ], [ -46.885545414813521, -23.620138439841771 ], [ -46.88529884507097, -23.620226583476825 ], [ -46.885034617236897, -23.620286047244466 ], [ -46.88475755836744, -23.620366524342796 ], [ -46.884701231086765, -23.620422739376451 ], [ -46.884675122250805, -23.620467752030486 ], [ -46.884636991291288, -23.62050126281127 ], [ -46.88457450485123, -23.620537958847581 ], [ -46.884504031124912, -23.620550643410024 ], [ -46.884430508220525, -23.620555689996035 ], [ -46.884279184001649, -23.620533870983287 ], [ -46.88419870956556, -23.620532500727478 ], [ -46.884107149951625, -23.620557721171497 ], [ -46.883844393410591, -23.620576261952014 ], [ -46.883721578281907, -23.620540190943665 ], [ -46.883562018817976, -23.62039476851977 ], [ -46.883474928431056, -23.620335058025855 ], [ -46.883321135879868, -23.620250242845589 ], [ -46.883181488269535, -23.620147197015264 ], [ -46.882891601532457, -23.619844528642957 ], [ -46.882815004040467, -23.619840130892754 ], [ -46.88236636255921, -23.619763497651508 ], [ -46.881939877932332, -23.619735533669086 ], [ -46.881535657197716, -23.619578539228367 ], [ -46.881396938226125, -23.619375705512326 ], [ -46.881304153732422, -23.619287710429582 ], [ -46.881201455536697, -23.619219158413166 ], [ -46.881081512039955, -23.619239935628915 ], [ -46.880925605246119, -23.619343135747815 ], [ -46.880801024262816, -23.619437197448537 ], [ -46.880652831501706, -23.619552222613269 ], [ -46.880581038829774, -23.619602935168952 ], [ -46.880379740914734, -23.619787227272873 ], [ -46.880340073272798, -23.619877911808704 ], [ -46.880198372709238, -23.620097689299428 ], [ -46.88013764072636, -23.620174994667476 ], [ -46.880056151269414, -23.620253544794156 ], [ -46.879734743923628, -23.620357936647707 ], [ -46.879431062187678, -23.620379132864041 ], [ -46.879239198997134, -23.620414414362596 ], [ -46.879154927586875, -23.620428527763028 ], [ -46.879075657060774, -23.620435989079045 ], [ -46.878970768635519, -23.62045432503238 ], [ -46.878877609369255, -23.620470532398134 ], [ -46.878761341104195, -23.620488012794659 ], [ -46.878612425746972, -23.620538845783404 ], [ -46.878502478858273, -23.620669749147847 ], [ -46.87842967015861, -23.620786748958118 ], [ -46.878278211817566, -23.621044115090619 ], [ -46.878173465724998, -23.621196174404616 ], [ -46.877735946686755, -23.621521834171851 ], [ -46.87742466810645, -23.621546549734525 ], [ -46.877098326395441, -23.621518263679356 ], [ -46.876845775023249, -23.621462357159999 ], [ -46.876634417750658, -23.621415793979946 ], [ -46.876447093963677, -23.621412190723959 ], [ -46.876276882321264, -23.621433482066408 ], [ -46.875822736636884, -23.62145910957782 ], [ -46.875292775332802, -23.621466509867062 ], [ -46.874992838947875, -23.62148259579811 ], [ -46.874704563724592, -23.621519307912376 ], [ -46.874450337288678, -23.621565991944301 ], [ -46.874159065513297, -23.621653845816425 ], [ -46.873832634831047, -23.621819054552212 ], [ -46.873486399138379, -23.622038768676656 ], [ -46.873385635657883, -23.622140573345177 ], [ -46.873347576540503, -23.622186270374009 ], [ -46.87325858050901, -23.622226623050103 ], [ -46.873180213490471, -23.622187478658802 ], [ -46.873045336783733, -23.622157684769856 ], [ -46.872869143299923, -23.622082339473408 ], [ -46.872657018771932, -23.621892212162479 ], [ -46.872500662054158, -23.621771479804906 ], [ -46.872455771925118, -23.621764075725181 ], [ -46.872411010117922, -23.621786376914091 ], [ -46.872173044124523, -23.62189471263223 ], [ -46.872039370918174, -23.621997816568786 ], [ -46.871835137078328, -23.622100778555197 ], [ -46.871709777123584, -23.622154481212874 ], [ -46.87151977424098, -23.622224494260919 ], [ -46.871291010271278, -23.622263281327015 ], [ -46.871239652556177, -23.622283494693249 ], [ -46.870886596121629, -23.622416693257236 ], [ -46.870576174455294, -23.622640032520916 ], [ -46.870505971985466, -23.622741015468019 ], [ -46.870442565929231, -23.622878937136331 ], [ -46.870378475030911, -23.623051449786612 ], [ -46.870266129765, -23.623559355737381 ], [ -46.870266134707812, -23.623725316737694 ], [ -46.870282764959796, -23.623868142521111 ], [ -46.870139849230533, -23.624169462264089 ], [ -46.870159204591133, -23.624235053516575 ], [ -46.870173065599587, -23.62427949182818 ], [ -46.870091423691484, -23.624430725919865 ], [ -46.869927950212279, -23.624664662850648 ], [ -46.869780269593193, -23.624803058406382 ], [ -46.869545153067655, -23.624877947170763 ], [ -46.869344254914786, -23.62488497331984 ], [ -46.869273278577644, -23.624800410133702 ], [ -46.869165458835361, -23.624529742629409 ], [ -46.869106070010425, -23.624377770389096 ], [ -46.869085965554937, -23.624259365776862 ], [ -46.869013181111754, -23.624026651092827 ], [ -46.869017025336433, -23.62386940219935 ], [ -46.868943125211338, -23.623965462876772 ], [ -46.86879119941004, -23.62423980176251 ], [ -46.868661877460063, -23.624456531272571 ], [ -46.868596658135367, -23.624529010685773 ], [ -46.868301305412643, -23.624848056954889 ], [ -46.86799591894416, -23.625281987782472 ], [ -46.867773830220159, -23.625550037465807 ], [ -46.867520885144963, -23.625839858151227 ], [ -46.867414270458966, -23.626013333221223 ], [ -46.867269479545776, -23.626169208909321 ], [ -46.86724553534124, -23.626194599006496 ], [ -46.866967344877047, -23.626362915562858 ], [ -46.86654088233162, -23.626496988454353 ], [ -46.866222639046761, -23.626522307779535 ], [ -46.865896724408415, -23.626559547317481 ], [ -46.865294968784326, -23.626855095251212 ], [ -46.864661941661986, -23.627170972003118 ], [ -46.864400017973374, -23.627346492801891 ], [ -46.863996516495156, -23.627635318723534 ], [ -46.863744658917412, -23.627739746002653 ], [ -46.863248949524355, -23.627745701599142 ], [ -46.863051540405998, -23.627798818444944 ], [ -46.8628336088303, -23.627973808337703 ], [ -46.862618501362832, -23.628341542995418 ], [ -46.86253716863461, -23.6285362015944 ], [ -46.862495075173982, -23.628636572886599 ], [ -46.862426729510105, -23.628800194735504 ], [ -46.862417520246979, -23.628932045132665 ], [ -46.862452693606699, -23.629083769162936 ], [ -46.862621628624481, -23.629345400673802 ], [ -46.862857137372011, -23.629636751928555 ], [ -46.863068876620353, -23.629806580927962 ], [ -46.863247353594396, -23.629966696217895 ], [ -46.863304432327283, -23.630108043820041 ], [ -46.863329015433784, -23.630280030478019 ], [ -46.863299054223518, -23.630503598558626 ], [ -46.863226673083382, -23.630839099729954 ], [ -46.863112160316923, -23.631306937049402 ], [ -46.863060437414163, -23.631550992493775 ], [ -46.863074236652466, -23.63174351527902 ], [ -46.863124516258267, -23.631854515307818 ], [ -46.863159734442817, -23.631912332187866 ], [ -46.863223130718552, -23.632001413611544 ], [ -46.86334587219531, -23.632232627926928 ], [ -46.863608693781295, -23.632791282365226 ], [ -46.863699038844231, -23.633018551477104 ], [ -46.86381754493933, -23.633338124221076 ], [ -46.863839468480563, -23.63346752363038 ], [ -46.863862364439235, -23.633658672779653 ], [ -46.863865597351953, -23.633886988697334 ], [ -46.863880333603326, -23.633979453728994 ], [ -46.863929106718352, -23.634108530394002 ], [ -46.863950855408767, -23.634225561520971 ], [ -46.863938567230349, -23.634305981018841 ], [ -46.863908550916044, -23.634553297219071 ], [ -46.863886333136229, -23.634880701177281 ], [ -46.863891988876162, -23.635003253101946 ], [ -46.863859375102358, -23.635212496236196 ], [ -46.863800096763882, -23.635352081632124 ], [ -46.863794091501873, -23.635474773712655 ], [ -46.86370037866525, -23.635556623303458 ], [ -46.863482790806906, -23.635666688697821 ], [ -46.863323419840668, -23.6357560088871 ], [ -46.863207658373092, -23.635838123143635 ], [ -46.863135797064167, -23.635919709860715 ], [ -46.863078631015185, -23.636007801781385 ], [ -46.862980135206641, -23.636271110089037 ], [ -46.862839454213763, -23.6366492379783 ], [ -46.862770158417533, -23.636919057763926 ], [ -46.862633564050796, -23.637592941186561 ], [ -46.86258001161999, -23.63793643268183 ], [ -46.862538112369286, -23.638071474781874 ], [ -46.862481706558505, -23.638213372915871 ], [ -46.86242444207133, -23.638294603445544 ], [ -46.862309537290358, -23.638430522380812 ], [ -46.862165238511416, -23.638553250086506 ], [ -46.862041743727218, -23.638608548720445 ], [ -46.861903936057914, -23.63867747301607 ], [ -46.8617013981425, -23.638708708958049 ], [ -46.861551139591981, -23.63869426001661 ], [ -46.861392320831158, -23.638698243481986 ], [ -46.861264817359043, -23.638740406641134 ], [ -46.861104961076194, -23.638823500284694 ], [ -46.861051141203731, -23.638919677904642 ], [ -46.861017557507282, -23.639039901853302 ], [ -46.861018789163857, -23.639175509465446 ], [ -46.861099289374742, -23.63925409270751 ], [ -46.861165945352177, -23.63937943406242 ], [ -46.861203885559704, -23.639511801883199 ], [ -46.86121998133801, -23.63963115861991 ], [ -46.861164139464854, -23.639764561899874 ], [ -46.861001243353741, -23.639972388728523 ], [ -46.860802748280598, -23.640220372254301 ], [ -46.860276387705163, -23.640744618128693 ], [ -46.859927801135342, -23.641087404850666 ], [ -46.859871117508554, -23.641154451339521 ], [ -46.859763869223642, -23.641222194656386 ], [ -46.859620839011619, -23.641310231898768 ], [ -46.859557466075081, -23.641417178422 ], [ -46.859436462861773, -23.641538089418795 ], [ -46.859294089055439, -23.641672620216362 ], [ -46.859120562766087, -23.641822152184425 ], [ -46.859108873579636, -23.641834211238688 ], [ -46.858973183485283, -23.641935433217068 ], [ -46.858673000178264, -23.642124948856047 ], [ -46.858531881362261, -23.642223526722297 ], [ -46.85841484823677, -23.642334186112819 ], [ -46.858303314579189, -23.642459497523877 ], [ -46.858280786217648, -23.642488300650399 ], [ -46.859180966023473, -23.643079592342637 ], [ -46.859228149118209, -23.643096182464983 ], [ -46.859271545245115, -23.643129161304071 ], [ -46.859135738756351, -23.643208352994552 ], [ -46.858922108544604, -23.643343015677669 ], [ -46.858735759903404, -23.643493965193557 ], [ -46.858638944661735, -23.643627407494872 ], [ -46.858507310289092, -23.643835489310487 ], [ -46.858430313201893, -23.64410910197882 ], [ -46.858398878567712, -23.644423342754731 ], [ -46.858409996020114, -23.644572014935608 ], [ -46.858474696845605, -23.644711557051128 ], [ -46.858523898783289, -23.644808575614952 ], [ -46.858566474736847, -23.644894477072288 ], [ -46.858622512289877, -23.644982745364832 ], [ -46.858579319898148, -23.645012789534995 ], [ -46.857232873442562, -23.645227394076439 ], [ -46.856174597534817, -23.645394021620408 ], [ -46.855391868218163, -23.645513912595813 ], [ -46.855334026785663, -23.645478306422632 ], [ -46.855326490373379, -23.645597224406217 ], [ -46.855317703895871, -23.645669204122555 ], [ -46.855304203250043, -23.645740517901867 ], [ -46.855285987155064, -23.645811075463975 ], [ -46.855269159484401, -23.645861932169883 ], [ -46.855248689264535, -23.645911658637964 ], [ -46.855224673218181, -23.645960163414713 ], [ -46.855197300975597, -23.646006992755911 ], [ -46.855166669260633, -23.64605205520764 ], [ -46.855106127360116, -23.646130794332255 ], [ -46.855041130838579, -23.64620642643041 ], [ -46.854935912361213, -23.646314323538697 ], [ -46.854577330529366, -23.646596721618103 ], [ -46.854362151143135, -23.646775189931411 ], [ -46.853716938870434, -23.647347881048876 ], [ -46.853458904737202, -23.647587629039919 ], [ -46.85341484974979, -23.64763312257362 ], [ -46.853291555273358, -23.647807872305297 ], [ -46.85342612523646, -23.647918589927517 ], [ -46.85343683900922, -23.647941577267591 ], [ -46.8534455125682, -23.647965853127868 ], [ -46.853456060875573, -23.647991009517614 ], [ -46.853462317483199, -23.648017661939072 ], [ -46.853466578449442, -23.648041809970909 ], [ -46.853466379694865, -23.648069442528051 ], [ -46.853462586744108, -23.648092422737498 ], [ -46.853457844308217, -23.648117581373171 ], [ -46.85345212948932, -23.648143293404061 ], [ -46.853446572509483, -23.64816629470625 ], [ -46.853442621712681, -23.648191985643916 ], [ -46.853433873931913, -23.648218095119038 ], [ -46.853420685552656, -23.648242090617796 ], [ -46.853405847734422, -23.648260326976811 ], [ -46.853395184488619, -23.648282666975774 ], [ -46.853388647479413, -23.648305679994522 ], [ -46.853383714109576, -23.648331202090247 ], [ -46.853376026518397, -23.64835603476018 ], [ -46.853369677874078, -23.648378503757797 ], [ -46.853362183737225, -23.648403153524654 ], [ -46.853354679421749, -23.648427081055249 ], [ -46.853345225247367, -23.648451754257231 ], [ -46.853338749279388, -23.648479100690409 ], [ -46.853334752664189, -23.648501541564301 ], [ -46.853327431622681, -23.648524563955444 ], [ -46.853322681519138, -23.648549180911246 ], [ -46.853314601899605, -23.648574018266078 ], [ -46.853305358976371, -23.648599772476768 ], [ -46.853295128400319, -23.648624996727627 ], [ -46.853285091280242, -23.648650038075488 ], [ -46.853280735717036, -23.648674830902408 ], [ -46.853280954379137, -23.648704264362632 ] ] ] } },
{ "type": "Feature", "properties": { "nome": "CASTILHO", "codigo": 18, "regiao": "LESTE", "populacao_2010": 13318, "mulheres_2010": 6863, "homens_2010": 6455, "domicilios": 3875, "populacao_2015": 14041, "area_km2": 0.77, "densidade_2015": 18190.22, "fonte_cartografica": "Base oficial de Limites Administrativos de Embu das Artes", "crs_origem": "SIRGAS 2000 / UTM zone 23S (EPSG:31983)", "status_geometria": "oficial", "nota_demografica": "Atributos populacionais da base referem-se principalmente a 2010 e 2015; não devem ser apresentados como dados atuais." }, "geometry": { "type": "Polygon", "coordinates": [ [ [ -46.801869169346489, -23.643646140710196 ], [ -46.801989347315825, -23.643775673833471 ], [ -46.80200444593342, -23.64379744038871 ], [ -46.802162621707481, -23.643974659726304 ], [ -46.802215337377561, -23.644037796251833 ], [ -46.802828671461647, -23.644269860413875 ], [ -46.803463987644683, -23.644525143391558 ], [ -46.803504300424265, -23.644541469558927 ], [ -46.80403193987982, -23.644849832857538 ], [ -46.804282916893563, -23.644996623504039 ], [ -46.805473242472488, -23.645675338341633 ], [ -46.805801387234581, -23.645845336715759 ], [ -46.805846652841844, -23.64586539698897 ], [ -46.805893155313328, -23.64588273394849 ], [ -46.805940795404787, -23.645897258453118 ], [ -46.805989277867027, -23.645908883645269 ], [ -46.806038505934019, -23.645917700948051 ], [ -46.806068846909369, -23.645921591389452 ], [ -46.806330923444698, -23.645948425911559 ], [ -46.806365591410575, -23.645953349430759 ], [ -46.8063997953995, -23.64596017457194 ], [ -46.806433534173259, -23.645968811053471 ], [ -46.80646680525377, -23.645979078311747 ], [ -46.806505523496746, -23.645993435716303 ], [ -46.806543290238181, -23.646009881015114 ], [ -46.806579910714632, -23.646028506774897 ], [ -46.806615186443139, -23.646049134716847 ], [ -46.806648921419949, -23.646071767126166 ], [ -46.806681114406139, -23.646096313721841 ], [ -46.806711568157596, -23.646122686507372 ], [ -46.806740182192414, -23.646150706062159 ], [ -46.806766858508141, -23.646180373529479 ], [ -46.806791398619715, -23.646211510631087 ], [ -46.806813898049228, -23.64624393566196 ], [ -46.806834062788269, -23.6462776520499 ], [ -46.806851890355809, -23.646312479232151 ], [ -46.8069455227132, -23.64650696968236 ], [ -46.806936706149401, -23.646514476750696 ], [ -46.806928289035866, -23.646522520940387 ], [ -46.806920271372562, -23.646531102251469 ], [ -46.806912847924949, -23.646540128117469 ], [ -46.806906017453066, -23.646549508256584 ], [ -46.806899877959737, -23.64655924152656 ], [ -46.806894233439543, -23.646569330212113 ], [ -46.806889376660884, -23.646579680604454 ], [ -46.806809792454132, -23.646737182058494 ], [ -46.806846645182155, -23.646751290218464 ], [ -46.806874728536222, -23.646762069326083 ], [ -46.806907592918328, -23.64677839107112 ], [ -46.806950472136627, -23.646810217333332 ], [ -46.807227694246542, -23.647126002471428 ], [ -46.807380925020254, -23.647299210181714 ], [ -46.80787553894789, -23.647849125710543 ], [ -46.80796859069217, -23.64795838246841 ], [ -46.808093847901731, -23.64789335289117 ], [ -46.808114682948265, -23.647883086975423 ], [ -46.808134716588548, -23.647871566257393 ], [ -46.808153950063229, -23.647858881019179 ], [ -46.808172189846729, -23.647845214111147 ], [ -46.8081896307053, -23.64783047296536 ], [ -46.808205981109928, -23.647814841575382 ], [ -46.808221239819694, -23.647798229659756 ], [ -46.808235311313176, -23.647780818925597 ], [ -46.808248293594218, -23.647762608229979 ], [ -46.808259893893371, -23.647743691284681 ], [ -46.808270309459282, -23.647724156085289 ], [ -46.80827934552628, -23.647704095200293 ], [ -46.808287002094964, -23.647683508629914 ], [ -46.808293280406964, -23.647662486656131 ], [ -46.808298084941505, -23.647641210985874 ], [ -46.808396162202499, -23.647132060036014 ], [ -46.808477261291436, -23.646699858935833 ], [ -46.808549584695811, -23.646313811279956 ], [ -46.808584458208038, -23.645884497123792 ], [ -46.808583490921919, -23.645749966959386 ], [ -46.808573313944194, -23.645615724831853 ], [ -46.808414733585053, -23.644489954800054 ], [ -46.808362841714676, -23.643987790328229 ], [ -46.808385128090009, -23.643812174945225 ], [ -46.808877362396572, -23.643897451025143 ], [ -46.809131982505363, -23.643966807233891 ], [ -46.809435396406634, -23.644063314468195 ], [ -46.809662802008262, -23.644177864647173 ], [ -46.810244248971877, -23.644470859740522 ], [ -46.81091563610083, -23.64486050240146 ], [ -46.811299210821971, -23.645048081203726 ], [ -46.811507716004726, -23.64492871132374 ], [ -46.81153653025968, -23.644907155013655 ], [ -46.811769763121227, -23.644732866656685 ], [ -46.811894859629824, -23.644649415683304 ], [ -46.812081922300003, -23.64452469733185 ], [ -46.812195947027504, -23.644448689538386 ], [ -46.812524253585387, -23.644267238880666 ], [ -46.812659522634895, -23.644217890638924 ], [ -46.812941276986216, -23.644115179915286 ], [ -46.813011182647081, -23.644088176521802 ], [ -46.813643266007396, -23.643844658834333 ], [ -46.814223965944564, -23.64362097306234 ], [ -46.81442217939108, -23.643544610565861 ], [ -46.814910164361009, -23.643335913006496 ], [ -46.814929232868764, -23.643325576614576 ], [ -46.81494839812796, -23.643315148791682 ], [ -46.815103446698018, -23.643363989670757 ], [ -46.815225990569175, -23.643394158510198 ], [ -46.815298492086306, -23.642823631655318 ], [ -46.815306515275317, -23.642772881611929 ], [ -46.81531354391926, -23.642728193050576 ], [ -46.815320210455724, -23.642685675834738 ], [ -46.815327506933407, -23.642639087919019 ], [ -46.815333903130913, -23.642598289493517 ], [ -46.815338365094114, -23.64255227654348 ], [ -46.81533999913912, -23.642535733227664 ], [ -46.815342829546502, -23.642506444156197 ], [ -46.815344452380515, -23.642489088306874 ], [ -46.815346681491668, -23.642465946409406 ], [ -46.81535080252133, -23.642423639590067 ], [ -46.815355605404797, -23.642373920507982 ], [ -46.815358438298979, -23.642344811999063 ], [ -46.815360496320451, -23.642323478026199 ], [ -46.815364613607727, -23.642280900361804 ], [ -46.815368561052487, -23.642240220903659 ], [ -46.815373795380168, -23.642186252852873 ], [ -46.815378427166458, -23.64213834169464 ], [ -46.815382026205462, -23.64210082667838 ], [ -46.815388025431346, -23.642038361838619 ], [ -46.815403639648672, -23.64204052670452 ], [ -46.8155148659364, -23.642060353554474 ], [ -46.815640829469046, -23.642082716618738 ], [ -46.815761981520687, -23.642090237077717 ], [ -46.815910658443592, -23.642110708574844 ], [ -46.815957303893249, -23.642117115020799 ], [ -46.816008074025397, -23.642124105211195 ], [ -46.816055504720325, -23.642130592725302 ], [ -46.81610391790084, -23.642137249307961 ], [ -46.816152429084156, -23.642143904727217 ], [ -46.816848266866479, -23.641904774683457 ], [ -46.817254380863247, -23.641808274279139 ], [ -46.818141509762562, -23.641772771193569 ], [ -46.818530166888429, -23.641718188965697 ], [ -46.818920322461196, -23.641772033652924 ], [ -46.819598298697422, -23.64168064470833 ], [ -46.819995608724525, -23.641684830237555 ], [ -46.820084398792595, -23.641627352960455 ], [ -46.82005103302108, -23.641596050781924 ], [ -46.82002981911549, -23.641578782405002 ], [ -46.819995912778275, -23.641536741343149 ], [ -46.819980677385232, -23.641512359694975 ], [ -46.819969532951944, -23.641486124103981 ], [ -46.819958066456984, -23.641464948864687 ], [ -46.819944756081917, -23.64143801632892 ], [ -46.819934179673645, -23.641410329331794 ], [ -46.819926228640654, -23.641388209864093 ], [ -46.819916709639465, -23.641366108801016 ], [ -46.81990544915012, -23.641345653505908 ], [ -46.819888268818225, -23.641322378227443 ], [ -46.819870703991725, -23.641299649235499 ], [ -46.819854905635012, -23.641277080098547 ], [ -46.819841843739539, -23.641253937064178 ], [ -46.819832101298353, -23.641229852106385 ], [ -46.819822577331628, -23.641207389910281 ], [ -46.819813430377778, -23.641183839736886 ], [ -46.819804851438683, -23.641158838160617 ], [ -46.81979446359059, -23.641130607161603 ], [ -46.819781271872934, -23.641098074866214 ], [ -46.819773720370975, -23.641076492473889 ], [ -46.8197681063575, -23.641053262013383 ], [ -46.819763871808831, -23.641030557137174 ], [ -46.819755999466103, -23.640999948914793 ], [ -46.819748569059819, -23.640972947342515 ], [ -46.81974079161175, -23.640949200496877 ], [ -46.819732828159026, -23.640926178201362 ], [ -46.819724837242454, -23.640901169716724 ], [ -46.819714489387103, -23.640875827710559 ], [ -46.819702159106988, -23.6408488836435 ], [ -46.819689617855062, -23.640820858499819 ], [ -46.819680681933427, -23.640798389389584 ], [ -46.819673688492109, -23.640774633337468 ], [ -46.819668270508302, -23.640751400570306 ], [ -46.819658942604867, -23.640728936058693 ], [ -46.819647059273592, -23.640705959761835 ], [ -46.819637691427928, -23.640680606246796 ], [ -46.81962850210374, -23.640653986492435 ], [ -46.819621270240027, -23.640627163172468 ], [ -46.819610550413337, -23.640603270257216 ], [ -46.819601031530162, -23.640581169165884 ], [ -46.819588135789871, -23.640555857049655 ], [ -46.819573754485809, -23.64053652189931 ], [ -46.819558006213377, -23.640517563973443 ], [ -46.819543014462475, -23.640496610656484 ], [ -46.819527826721377, -23.640475659637815 ], [ -46.819513966011094, -23.640451442389693 ], [ -46.819495884552261, -23.64041968981083 ], [ -46.819482790358066, -23.640394199420538 ], [ -46.819471721029899, -23.64037338065695 ], [ -46.819459478232375, -23.640352756254853 ], [ -46.819446041993665, -23.64033088171292 ], [ -46.819432218762906, -23.640309372894663 ], [ -46.819419554030354, -23.640286586336821 ], [ -46.819407685764034, -23.640264693391128 ], [ -46.819388254251216, -23.640227448584813 ], [ -46.819361693323387, -23.640170783505052 ], [ -46.819350549838134, -23.6401091518232 ], [ -46.819307453191385, -23.639976561259662 ], [ -46.81928062899987, -23.639900846798998 ], [ -46.819278550598689, -23.639849763665595 ], [ -46.819276701894026, -23.639801115827915 ], [ -46.819321609145263, -23.639696026163801 ], [ -46.819860643357693, -23.639509108396659 ], [ -46.820425251715797, -23.639307621808534 ], [ -46.820505466657067, -23.639601044750812 ], [ -46.820525441777455, -23.639599636366452 ], [ -46.820547165852638, -23.639597123892699 ], [ -46.820572674333533, -23.6395918581022 ], [ -46.820599544775597, -23.639585853947995 ], [ -46.820625153746519, -23.63958076756094 ], [ -46.820651355692313, -23.639576035390569 ], [ -46.820669574927351, -23.639568146299229 ], [ -46.82068884089805, -23.639557987516273 ], [ -46.82071017161153, -23.639541212882744 ], [ -46.820727643654358, -23.639528908058601 ], [ -46.820751617772579, -23.639511921786905 ], [ -46.820774332916272, -23.639496033847163 ], [ -46.82079140796332, -23.63948337249461 ], [ -46.820819464200078, -23.639463900286028 ], [ -46.820839740651643, -23.639448853639198 ], [ -46.820859945334746, -23.639435704047109 ], [ -46.820880241764399, -23.639422101895494 ], [ -46.820899941465171, -23.639407874677886 ], [ -46.820925666986021, -23.639389964853748 ], [ -46.820943021003337, -23.639376216658459 ], [ -46.820960407497552, -23.639364815773884 ], [ -46.820982250614108, -23.639349660414545 ], [ -46.821005327704626, -23.639331601090493 ], [ -46.82102872626308, -23.639315524497956 ], [ -46.82104882416423, -23.639301744065683 ], [ -46.821073049161541, -23.639288727821754 ], [ -46.821093932275659, -23.63927502845765 ], [ -46.821111411741995, -23.639263265281667 ], [ -46.821133191809238, -23.639250638928729 ], [ -46.821150441542436, -23.639236440457243 ], [ -46.821151042401944, -23.639216116818915 ], [ -46.821150677039483, -23.639196797784304 ], [ -46.821152207889277, -23.639172851386121 ], [ -46.821161620935783, -23.639151882469157 ], [ -46.821165079933479, -23.63913269910741 ], [ -46.821154820676767, -23.639113767168649 ], [ -46.821139026693523, -23.639084425909733 ], [ -46.821120181787983, -23.639061260604816 ], [ -46.821102917324872, -23.639038979694043 ], [ -46.821082998769988, -23.639009054799878 ], [ -46.821054891153203, -23.638996472601956 ], [ -46.821027952698643, -23.638990468269693 ], [ -46.820997635452677, -23.638974029287269 ], [ -46.82098099842019, -23.63896167354396 ], [ -46.820964309479514, -23.638938482897323 ], [ -46.820942367469549, -23.638918153114183 ], [ -46.820921264401477, -23.638901786495939 ], [ -46.820900646323352, -23.638885052995267 ], [ -46.820879774234946, -23.638871211944231 ], [ -46.820856618256869, -23.638855230608446 ], [ -46.820830210919759, -23.638838023307311 ], [ -46.820812601451998, -23.638826220739158 ], [ -46.820790153947229, -23.638811856399681 ], [ -46.820764114879466, -23.638792929139012 ], [ -46.820737412328675, -23.638775634991383 ], [ -46.820713782640581, -23.638760833042099 ], [ -46.820688282391828, -23.638759597443993 ], [ -46.820487486652603, -23.638506778772129 ], [ -46.8204852857803, -23.63850355395822 ], [ -46.820156289297898, -23.638682861353061 ], [ -46.819964407683969, -23.638642223112907 ], [ -46.818935095939501, -23.638387747505949 ], [ -46.818887592910912, -23.638375934195462 ], [ -46.818295133547309, -23.638235700390844 ], [ -46.817774864373447, -23.638106356455676 ], [ -46.817338921357297, -23.638000853826224 ], [ -46.817260370867025, -23.637983534642238 ], [ -46.817150918338548, -23.6379499630896 ], [ -46.816983674780687, -23.637847992169959 ], [ -46.816983576784949, -23.637847993318275 ], [ -46.814033736179113, -23.638979720252667 ], [ -46.805315909958168, -23.642324103962384 ], [ -46.801869169346489, -23.643646140710196 ] ] ] } },
{ "type": "Feature", "properties": { "nome": "CENTRO", "codigo": 5, "regiao": "CENTRO", "populacao_2010": 14710, "mulheres_2010": 7689, "homens_2010": 7021, "domicilios": 4741, "populacao_2015": 15884, "area_km2": 4.65, "densidade_2015": 3419.2, "fonte_cartografica": "Base oficial de Limites Administrativos de Embu das Artes", "crs_origem": "SIRGAS 2000 / UTM zone 23S (EPSG:31983)", "status_geometria": "oficial", "nota_demografica": "Atributos populacionais da base referem-se principalmente a 2010 e 2015; não devem ser apresentados como dados atuais." }, "geometry": { "type": "Polygon", "coordinates": [ [ [ -46.831226004920943, -23.629514470803617 ], [ -46.831229954347414, -23.629558849643715 ], [ -46.831243629912755, -23.629583790374678 ], [ -46.831245355869981, -23.629609233375337 ], [ -46.8312482828089, -23.629636468109318 ], [ -46.831254033804569, -23.629669448422302 ], [ -46.831264563697033, -23.629693703925906 ], [ -46.831272146392074, -23.629717452452521 ], [ -46.831273844731882, -23.629740909273494 ], [ -46.831269314476074, -23.629767509689071 ], [ -46.831264143543649, -23.629790325251022 ], [ -46.831263678591981, -23.629813265840184 ], [ -46.8312642462719, -23.629839986654872 ], [ -46.831265047603061, -23.62986941358071 ], [ -46.831265951987248, -23.629892157410357 ], [ -46.83126654478427, -23.629920683841501 ], [ -46.831266331065756, -23.629947594473251 ], [ -46.83126647665415, -23.629972153175206 ], [ -46.831266401149485, -23.629994908574279 ], [ -46.83126320003911, -23.630018423243285 ], [ -46.831260441114878, -23.630045544517831 ], [ -46.831258265101894, -23.6300722977271 ], [ -46.831259792585328, -23.630097562477797 ], [ -46.831270113982733, -23.630120917483151 ], [ -46.831284930330348, -23.630143316457414 ], [ -46.831301646189672, -23.630161358809726 ], [ -46.831322261530431, -23.630177910385747 ], [ -46.831346047695646, -23.630196952796823 ], [ -46.831370587641516, -23.63021381920743 ], [ -46.831394607474522, -23.630235567720895 ], [ -46.831411147476103, -23.630255056866908 ], [ -46.831425742767131, -23.630275652522567 ], [ -46.831441664701025, -23.630292981867353 ], [ -46.831457094152405, -23.63031717949556 ], [ -46.831470131675623, -23.630338515906409 ], [ -46.831484915428831, -23.630358567555945 ], [ -46.831501450436086, -23.630377695566963 ], [ -46.831515050790202, -23.630397219413759 ], [ -46.831523211468131, -23.630420238731247 ], [ -46.831528429954368, -23.630443112201355 ], [ -46.831537623283459, -23.630469911740363 ], [ -46.831552899499563, -23.630497181218278 ], [ -46.831566949608487, -23.630520853347846 ], [ -46.831580771087438, -23.630542180488955 ], [ -46.831598728227029, -23.630564903518614 ], [ -46.831613544683776, -23.630587302453691 ], [ -46.831622959142017, -23.630615905287264 ], [ -46.831629773121776, -23.630640746414006 ], [ -46.831635642378075, -23.630668126975333 ], [ -46.831641129727259, -23.63069623441169 ], [ -46.831648735169097, -23.63072160796375 ], [ -46.831654855680647, -23.630752958564731 ], [ -46.831658694815026, -23.630775306544059 ], [ -46.831662147016566, -23.630798020275424 ], [ -46.831665322820555, -23.630829044469998 ], [ -46.831668254915733, -23.630856640308149 ], [ -46.831670767419538, -23.630882254597442 ], [ -46.83167175981999, -23.630911318073597 ], [ -46.831672053717561, -23.630946529902669 ], [ -46.831672445619922, -23.630974697514169 ], [ -46.831672835010707, -23.631002684563942 ], [ -46.831670108824213, -23.631032153139508 ], [ -46.831663259525378, -23.631061128635853 ], [ -46.83165499063378, -23.631086689663189 ], [ -46.831644121245724, -23.631108488985362 ], [ -46.831631126221595, -23.631132480506015 ], [ -46.831621618636973, -23.631153541378843 ], [ -46.831615299483488, -23.631178357013059 ], [ -46.831613323289289, -23.631205378748206 ], [ -46.831611094591445, -23.631228340161531 ], [ -46.831609679959037, -23.631253459056111 ], [ -46.831609697478612, -23.631282895227773 ], [ -46.831612453696366, -23.631311937872933 ], [ -46.831617569214508, -23.631341494428447 ], [ -46.831623250066514, -23.631369418985479 ], [ -46.831636011332904, -23.631399065834437 ], [ -46.831647493722734, -23.631421323543524 ], [ -46.831654898213088, -23.63144633828173 ], [ -46.831663320292122, -23.631474049870384 ], [ -46.831670687105287, -23.631496356183312 ], [ -46.83167804889667, -23.631518301372452 ], [ -46.831686790090913, -23.631540772043444 ], [ -46.83168810663971, -23.631564955724272 ], [ -46.83168923474566, -23.6315896834044 ], [ -46.831690423147521, -23.631618744562701 ], [ -46.831693877899546, -23.631641638850915 ], [ -46.831697006011893, -23.631669232369639 ], [ -46.831697719549574, -23.631692339624234 ], [ -46.831701483341106, -23.631723356868836 ], [ -46.831702985828343, -23.631746815987661 ], [ -46.831702335039786, -23.631770481129358 ], [ -46.831696274669667, -23.631799808490982 ], [ -46.832198910666783, -23.632444812267668 ], [ -46.832971835762663, -23.633510647706586 ], [ -46.833912198052097, -23.634901910073349 ], [ -46.834090567067541, -23.635161657546661 ], [ -46.834327939103481, -23.635625406736636 ], [ -46.834460005994863, -23.635959382504495 ], [ -46.834537275205342, -23.636299604738202 ], [ -46.834610488744872, -23.636770713033656 ], [ -46.834637250247361, -23.637101509917546 ], [ -46.834632748750558, -23.637622297164008 ], [ -46.834659583415714, -23.63800049825312 ], [ -46.83465958593284, -23.638000678814272 ], [ -46.834344796914536, -23.638262467587975 ], [ -46.834627217687974, -23.63862464225814 ], [ -46.834663758598133, -23.638672608260613 ], [ -46.834816380331105, -23.638870716428038 ], [ -46.835761420925543, -23.640115178403505 ], [ -46.836148154307949, -23.640534897005804 ], [ -46.836183025080004, -23.640575478142029 ], [ -46.836224230655176, -23.640620499013814 ], [ -46.836434934110905, -23.640850514048278 ], [ -46.837072178833907, -23.641458688752859 ], [ -46.837598990898222, -23.641963246293209 ], [ -46.838056075965596, -23.64243666395457 ], [ -46.838483151702874, -23.64288759124317 ], [ -46.839116210846925, -23.643559554503021 ], [ -46.840040814557909, -23.644542733468271 ], [ -46.841232118803696, -23.645832902479274 ], [ -46.842403139606603, -23.647086822813421 ], [ -46.843228496325146, -23.647943753129926 ], [ -46.843236950453509, -23.647952501515853 ], [ -46.844134874447469, -23.648790052925712 ], [ -46.844645759300988, -23.649217209301643 ], [ -46.845306947551947, -23.649765736810885 ], [ -46.845967563502164, -23.650273093503564 ], [ -46.846443544028176, -23.650677814371043 ], [ -46.846548781180289, -23.650779948323606 ], [ -46.846905207696317, -23.651123788392017 ], [ -46.847252196310556, -23.651507379474129 ], [ -46.847655789230615, -23.652040635826786 ], [ -46.847893864518646, -23.652430038316041 ], [ -46.848061531722053, -23.65273359688204 ], [ -46.848618033532709, -23.653935375589992 ], [ -46.848827350157592, -23.65438435267594 ], [ -46.849020168014725, -23.654719483912988 ], [ -46.849176883305049, -23.65495481843007 ], [ -46.849479840906064, -23.655370712653689 ], [ -46.849918887788448, -23.655962952619912 ], [ -46.850161782792256, -23.656338568409542 ], [ -46.85032945943351, -23.656642033456972 ], [ -46.850447323884758, -23.656923429128589 ], [ -46.850555768895433, -23.657245930963754 ], [ -46.850691127716786, -23.657718542228622 ], [ -46.850859266289277, -23.658409726394424 ], [ -46.851053038437229, -23.659159927617356 ], [ -46.851197209814373, -23.659554960043991 ], [ -46.851297542640566, -23.659781394163304 ], [ -46.851319913550725, -23.659831601591495 ], [ -46.851477249955842, -23.660103314446534 ], [ -46.851534750268314, -23.660183892539013 ], [ -46.851835844353907, -23.660605220857885 ], [ -46.852420884616627, -23.661364467596687 ], [ -46.852769873339305, -23.661893755223499 ], [ -46.852998951937636, -23.662337883549025 ], [ -46.85351879750376, -23.663505855739395 ], [ -46.853544700886943, -23.663500579638171 ], [ -46.853952936429131, -23.663378402448522 ], [ -46.855839873312625, -23.662876528059751 ], [ -46.855586371615438, -23.662196035164627 ], [ -46.858351016807724, -23.662698977483714 ], [ -46.858911536988316, -23.663024265652581 ], [ -46.859036401103523, -23.662294724010845 ], [ -46.858970994850949, -23.66200900476354 ], [ -46.859097534647304, -23.66187628873541 ], [ -46.859107062552042, -23.661739017264864 ], [ -46.859165049500191, -23.661708072851749 ], [ -46.859193047741051, -23.661594507750983 ], [ -46.859252548135785, -23.661594335526559 ], [ -46.859255738474069, -23.661577321902051 ], [ -46.859260108775068, -23.661560565001039 ], [ -46.859265659038343, -23.661544064823463 ], [ -46.859368911877404, -23.661262010285071 ], [ -46.859378207298924, -23.661226142166218 ], [ -46.859922205794803, -23.661409411601042 ], [ -46.859959711452298, -23.661420519046519 ], [ -46.859998063447762, -23.661429088080993 ], [ -46.860037161213363, -23.661434939322593 ], [ -46.860076512137212, -23.661437898096111 ], [ -46.860173285968159, -23.661439354810788 ], [ -46.860269985698956, -23.661435575283321 ], [ -46.860379533425942, -23.661425320825245 ], [ -46.860488112148779, -23.661408937912146 ], [ -46.860817468132964, -23.6613592937783 ], [ -46.860910200922604, -23.661345358240439 ], [ -46.860939656169123, -23.661341753868374 ], [ -46.860969327883588, -23.661339591599713 ], [ -46.860999025157518, -23.661339234904545 ], [ -46.861028742879874, -23.661340322666952 ], [ -46.861058388153189, -23.661343217179933 ], [ -46.861087661833849, -23.661347560859483 ], [ -46.861495767678022, -23.661431869029041 ], [ -46.862399545535169, -23.661623086605672 ], [ -46.862509118617965, -23.661206415903546 ], [ -46.862522570706965, -23.6611388043892 ], [ -46.862531208757517, -23.661070438094846 ], [ -46.862535039172478, -23.661001768415197 ], [ -46.862533867217685, -23.660932887985389 ], [ -46.862527994606509, -23.660864334943586 ], [ -46.862515979656365, -23.660784298071036 ], [ -46.862499855968252, -23.660704852351113 ], [ -46.862447487763518, -23.660440377880409 ], [ -46.862411850077905, -23.660173625508165 ], [ -46.86241390606839, -23.660159605183821 ], [ -46.862416207957018, -23.660149103380292 ], [ -46.862416943435832, -23.660145663357728 ], [ -46.86242106274765, -23.660131979409567 ], [ -46.86242606798389, -23.660118555695448 ], [ -46.862431960423244, -23.660105482494156 ], [ -46.862438839354219, -23.66009284890643 ], [ -46.862446605487854, -23.660080565831379 ], [ -46.862455163372083, -23.660068815004699 ], [ -46.862464611016563, -23.660057595248226 ], [ -46.862670843478092, -23.659828206692815 ], [ -46.863073691130609, -23.659368822131235 ], [ -46.863088117451703, -23.659349235407117 ], [ -46.863101258134883, -23.659328851491971 ], [ -46.863112819153031, -23.659307673921482 ], [ -46.863122901074682, -23.65928588207526 ], [ -46.86313130916156, -23.659263568589349 ], [ -46.863153279915821, -23.659195312836538 ], [ -46.863125453928561, -23.659085578723094 ], [ -46.863109329491252, -23.658943830030751 ], [ -46.863100840830704, -23.658801357462487 ], [ -46.863101110390453, -23.658744288249281 ], [ -46.863105890911143, -23.658687345385744 ], [ -46.863114892198844, -23.658630803243796 ], [ -46.86315237498669, -23.658474324073779 ], [ -46.86320126633678, -23.658320506840138 ], [ -46.863334131084216, -23.657949876558458 ], [ -46.863462854007977, -23.657605210445368 ], [ -46.863390286726819, -23.657561658317206 ], [ -46.863063931538726, -23.657379576229282 ], [ -46.862835109190314, -23.657238849561242 ], [ -46.862520553863362, -23.657045427896925 ], [ -46.862079374141643, -23.656756641359827 ], [ -46.861998256401485, -23.656704523017599 ], [ -46.861763812405705, -23.656554290985756 ], [ -46.861605295767028, -23.656456510413623 ], [ -46.861572193690058, -23.656437855965759 ], [ -46.861523234513399, -23.656413884041779 ], [ -46.861472652687581, -23.656393001600673 ], [ -46.861420644223728, -23.656375206286562 ], [ -46.861343984878751, -23.656354095274992 ], [ -46.861266112804358, -23.656337332918913 ], [ -46.86118732073637, -23.656324825406664 ], [ -46.860914647501758, -23.656285300559116 ], [ -46.860824224219009, -23.656268237226243 ], [ -46.860788713364713, -23.656259453612975 ], [ -46.860392414042884, -23.656093916593807 ], [ -46.859856980465025, -23.655849325216138 ], [ -46.859392530005408, -23.655640268851389 ], [ -46.859239791681837, -23.655562732614939 ], [ -46.859184606185117, -23.65552817986806 ], [ -46.859147181879237, -23.655501901697829 ], [ -46.859111881822109, -23.655473340672941 ], [ -46.858920010068204, -23.655331803335493 ], [ -46.858718889624946, -23.655201663472532 ], [ -46.858573163972679, -23.655120882111891 ], [ -46.858211055138263, -23.654939669352057 ], [ -46.858069046862738, -23.654865253817658 ], [ -46.857931167542404, -23.654784738912724 ], [ -46.857811436083509, -23.654705180148525 ], [ -46.857698357497434, -23.654617776207903 ], [ -46.857630370209364, -23.654558184155594 ], [ -46.857560470049712, -23.654501955894535 ], [ -46.85757244169212, -23.654488990579789 ], [ -46.857676596943541, -23.654368011601889 ], [ -46.8576994925278, -23.654337307906314 ], [ -46.857720212844718, -23.654305275865884 ], [ -46.85773866244044, -23.654272097214598 ], [ -46.857754744586003, -23.654237863407268 ], [ -46.857768362552719, -23.654202665898534 ], [ -46.857779620725019, -23.654166954910124 ], [ -46.857788320542724, -23.654130552233706 ], [ -46.857824325440156, -23.653952330758944 ], [ -46.857953331572858, -23.653279986416401 ], [ -46.858013147971008, -23.652948610858257 ], [ -46.858030140685905, -23.652853959093143 ], [ -46.858052537663383, -23.652760235775311 ], [ -46.858080245989612, -23.652667803194937 ], [ -46.858105354713864, -23.652599510408582 ], [ -46.858134897847727, -23.652532880049261 ], [ -46.858168876660756, -23.652468002394002 ], [ -46.858207100241074, -23.65240524090715 ], [ -46.858505613162848, -23.651964094456439 ], [ -46.858685398435838, -23.651708572142525 ], [ -46.858685496439598, -23.651708570967212 ], [ -46.858685496439598, -23.651708570967212 ], [ -46.858732590653766, -23.651788007097611 ], [ -46.858743102029528, -23.65181045465738 ], [ -46.858749170304236, -23.651837560520828 ], [ -46.85876028502171, -23.651861084376915 ], [ -46.858775038646542, -23.651885467534896 ], [ -46.858787474389644, -23.651905363765934 ], [ -46.858805030583476, -23.651926914179651 ], [ -46.85881902674231, -23.651946249926116 ], [ -46.858831969105786, -23.651967313904905 ], [ -46.858846455292927, -23.651986643771217 ], [ -46.858860074760813, -23.652007067564831 ], [ -46.858873510985326, -23.652028396499595 ], [ -46.858889299310356, -23.652049697221955 ], [ -46.858907816440521, -23.652069881679257 ], [ -46.858933539936146, -23.652086729098247 ], [ -46.858957220666426, -23.652104684548025 ], [ -46.858977402607557, -23.652124758733077 ], [ -46.858996384259989, -23.652143131717203 ], [ -46.859015929695815, -23.652159782341283 ], [ -46.859037618465038, -23.652175504308772 ], [ -46.859057811654807, -23.65218943832312 ], [ -46.859079539733955, -23.652201006267106 ], [ -46.859107422932787, -23.652211145957757 ], [ -46.859130632567116, -23.652223508772455 ], [ -46.859153856244134, -23.652236864654093 ], [ -46.859177115660479, -23.652252748348317 ], [ -46.85919492130904, -23.652271135412636 ], [ -46.859209794495406, -23.652290099419545 ], [ -46.859224133264775, -23.652312862203157 ], [ -46.859241003556562, -23.652334420788229 ], [ -46.85925159009799, -23.652355242103383 ], [ -46.859259361322962, -23.652377993375122 ], [ -46.859265688013508, -23.652402567864829 ], [ -46.859271966478865, -23.652430664416539 ], [ -46.859279237753405, -23.65245965200203 ], [ -46.859284950900268, -23.652482427961601 ], [ -46.859289018397334, -23.652506668374485 ], [ -46.859291752125628, -23.652533633621715 ], [ -46.859297067153705, -23.652562915557432 ], [ -46.859307834692075, -23.652589603835143 ], [ -46.859319662414478, -23.652615015270449 ], [ -46.859340545562361, -23.652629211848236 ], [ -46.859369828735467, -23.652634368494908 ], [ -46.859396641377536, -23.652638110064739 ], [ -46.85942145436313, -23.652639076492893 ], [ -46.859446515692092, -23.652643742010007 ], [ -46.859472612947627, -23.65264541537713 ], [ -46.859498388107575, -23.652645106126478 ], [ -46.859523279950906, -23.652644717175335 ], [ -46.859551211206899, -23.652644382046482 ], [ -46.859577650984356, -23.652649482475073 ], [ -46.859603682150635, -23.652653413974082 ], [ -46.859626559596798, -23.652663071859926 ], [ -46.859651385645236, -23.652671893710782 ], [ -46.859679856714948, -23.652675073564421 ], [ -46.859705103852747, -23.652679014453717 ], [ -46.85973307213596, -23.65268129738617 ], [ -46.859760987098767, -23.652686741258762 ], [ -46.85978711372676, -23.652690490991841 ], [ -46.859813175545831, -23.652696589153539 ], [ -46.85984025060619, -23.652705022806845 ], [ -46.859866056718964, -23.652713832860996 ], [ -46.85989450767817, -23.652722520876271 ], [ -46.859920401587644, -23.652730607511884 ], [ -46.859943457201211, -23.652738999088729 ], [ -46.859967401241732, -23.652747831471974 ], [ -46.859991312087615, -23.652754316594525 ], [ -46.86001718174812, -23.652760687910138 ], [ -46.860047168875425, -23.652767100099222 ], [ -46.860074388896003, -23.652771920193118 ], [ -46.860105203161005, -23.652774439783148 ], [ -46.860129915610898, -23.652775226713917 ], [ -46.860158013844561, -23.652779765369083 ], [ -46.860184159652086, -23.65278486921973 ], [ -46.860211881194886, -23.652790495919234 ], [ -46.860236573539801, -23.65279679103385 ], [ -46.86026420474434, -23.652802960574594 ], [ -46.86029015455037, -23.652808066759501 ], [ -46.860314044038567, -23.652819969752279 ], [ -46.860341003597355, -23.652834093249712 ], [ -46.860362636436534, -23.652845842733562 ], [ -46.860387762015947, -23.652861974714032 ], [ -46.860409078195886, -23.652879055362586 ], [ -46.860428497812173, -23.652893720825404 ], [ -46.860450791493662, -23.652910609144651 ], [ -46.860470814472585, -23.652926350891629 ], [ -46.860489861242037, -23.652942375237984 ], [ -46.860512445121635, -23.652958989180483 ], [ -46.86053590466215, -23.652975141135077 ], [ -46.860557225988181, -23.652992582876919 ], [ -46.860580863667721, -23.653007468563768 ], [ -46.860603459065032, -23.653024895003089 ], [ -46.860672019922077, -23.65288944293086 ], [ -46.860985058787939, -23.652637194164402 ], [ -46.861509568331172, -23.652484798821391 ], [ -46.861630968926178, -23.652419141326995 ], [ -46.861707383221926, -23.652402331626703 ], [ -46.861755116803771, -23.652388304369342 ], [ -46.861801931274272, -23.65237166960214 ], [ -46.86184753389702, -23.652352521137097 ], [ -46.861891826666067, -23.652330860152738 ], [ -46.861932772811073, -23.652301293457317 ], [ -46.861971730737956, -23.652269764162178 ], [ -46.862008499325938, -23.652235913507571 ], [ -46.862042985683892, -23.652200103788569 ], [ -46.862074996361038, -23.652162517919614 ], [ -46.862104531358391, -23.652123155902146 ], [ -46.862131397226058, -23.652082200650515 ], [ -46.862147350131444, -23.652059706269846 ], [ -46.862161624184019, -23.652036329115649 ], [ -46.862174220662759, -23.652012159467326 ], [ -46.862185042842938, -23.65198728878179 ], [ -46.862251358584814, -23.651991096983846 ], [ -46.862489358314967, -23.652060743451464 ], [ -46.86270065775247, -23.652127640433726 ], [ -46.862769274597767, -23.652148576678115 ], [ -46.862732149828304, -23.652240310456023 ], [ -46.862707682707288, -23.65229144023408 ], [ -46.862680060260445, -23.652341253516244 ], [ -46.86264927864891, -23.652389479464023 ], [ -46.862615532599548, -23.652436025441109 ], [ -46.862578818274507, -23.652480620608799 ], [ -46.862535758393193, -23.652533960284764 ], [ -46.862497247584088, -23.652590134701111 ], [ -46.862488731054341, -23.652604774437357 ], [ -46.862481199679152, -23.652619763511645 ], [ -46.862474556733112, -23.652635193380831 ], [ -46.862469093672161, -23.652650879953821 ], [ -46.862464517762476, -23.652666917042914 ], [ -46.862461121738619, -23.652683210835967 ], [ -46.862458707035465, -23.652699583130577 ], [ -46.862457470940448, -23.652716121850201 ], [ -46.862457311614165, -23.6527325573357 ], [ -46.86245813488825, -23.65274916160169 ], [ -46.862460131657663, -23.652765571176776 ], [ -46.862463206475525, -23.652781967796539 ], [ -46.86246828996574, -23.652801771462396 ], [ -46.862474546953123, -23.652821380436901 ], [ -46.86248216961129, -23.652840521527448 ], [ -46.862490865206055, -23.652859288546086 ], [ -46.862500827189514, -23.652877498579091 ], [ -46.862511957557594, -23.652895152804025 ], [ -46.862524157027572, -23.652912162119371 ], [ -46.862647808951607, -23.653060835534507 ], [ -46.862749629928665, -23.653107648340654 ], [ -46.862814848434375, -23.653082394685228 ], [ -46.862920812497983, -23.65305493564075 ], [ -46.862994949349648, -23.653029574710462 ], [ -46.863060385843369, -23.65299203830762 ], [ -46.863081202289955, -23.652973819497145 ], [ -46.86310053075848, -23.652954354451342 ], [ -46.863148663730534, -23.652899328340339 ], [ -46.863192838117826, -23.652841640976767 ], [ -46.863232861751939, -23.65278156555712 ], [ -46.863268643028029, -23.652719554657267 ], [ -46.863352590356072, -23.652514931700097 ], [ -46.863376596653673, -23.652465884141805 ], [ -46.863403562242368, -23.652418155414988 ], [ -46.863415574626806, -23.65238044855187 ], [ -46.863424832660769, -23.652342052449981 ], [ -46.863431145455387, -23.652303330582079 ], [ -46.863408801686887, -23.651867838846005 ], [ -46.863502256196028, -23.651863825792017 ], [ -46.863511383735514, -23.649830739252401 ], [ -46.863536229674637, -23.649273685625857 ], [ -46.863552950782356, -23.648502912633074 ], [ -46.862903811033455, -23.648657444025616 ], [ -46.862648780297498, -23.648706739636697 ], [ -46.862571670323142, -23.648715792736084 ], [ -46.862494099301649, -23.648719975440656 ], [ -46.862416356132499, -23.648718923100514 ], [ -46.861983097411823, -23.648703721745346 ], [ -46.861896552007344, -23.648704039002745 ], [ -46.861810067934897, -23.648708689606746 ], [ -46.861724042302491, -23.648718029965899 ], [ -46.861625373581809, -23.648734384501463 ], [ -46.861295923024876, -23.648802811178687 ], [ -46.861244452549663, -23.648815889870011 ], [ -46.861193903676252, -23.648831756605841 ], [ -46.861144471127503, -23.648850318754715 ], [ -46.861096352181399, -23.648871664243529 ], [ -46.861077862183286, -23.648881096283262 ], [ -46.861059975519538, -23.648891604610046 ], [ -46.861042787636769, -23.648903007489249 ], [ -46.861026396536403, -23.648915303744445 ], [ -46.86101080221836, -23.648928493375884 ], [ -46.860996101406876, -23.648942484928078 ], [ -46.860982294102023, -23.648957278401273 ], [ -46.860969477028199, -23.648972782339989 ], [ -46.86044284760824, -23.649653513507243 ], [ -46.860404825986805, -23.649695776207373 ], [ -46.860372237237264, -23.649727138356742 ], [ -46.860337659059553, -23.649756447605441 ], [ -46.860300992174686, -23.649783614849341 ], [ -46.860262629868785, -23.649808725661185 ], [ -46.860222568312075, -23.649831509202272 ], [ -46.860181002233411, -23.649851872839783 ], [ -46.860138126362074, -23.649869723941006 ], [ -46.860094136704447, -23.649885060152506 ], [ -46.860041316612126, -23.649899779966589 ], [ -46.858900637003458, -23.650147146702476 ], [ -46.858700843485323, -23.650207421528286 ], [ -46.858579255460818, -23.650252852989677 ], [ -46.858461602983759, -23.650306273381872 ], [ -46.858057640423866, -23.650519606621877 ], [ -46.858008499672543, -23.650545026706066 ], [ -46.857957650766274, -23.65056748753247 ], [ -46.857905187884541, -23.65058671708681 ], [ -46.857829265480838, -23.650610561961582 ], [ -46.85770525562959, -23.650644193214017 ], [ -46.857579592231005, -23.650671794453906 ], [ -46.857499597861121, -23.650684942924276 ], [ -46.857454867835067, -23.650689542236229 ], [ -46.857355919739568, -23.650609914395346 ], [ -46.857339477692662, -23.650590878689016 ], [ -46.857321321316647, -23.650575385011251 ], [ -46.857301605660538, -23.650553589397759 ], [ -46.857286647696363, -23.650535529141102 ], [ -46.857264107814231, -23.650515031488499 ], [ -46.857246338370082, -23.65049917198607 ], [ -46.85722509930914, -23.650480554925263 ], [ -46.857206815638918, -23.650462985983015 ], [ -46.857189314722021, -23.650445317364561 ], [ -46.857169769771517, -23.650428666475975 ], [ -46.857155672195255, -23.650409060887966 ], [ -46.857144584667843, -23.650387432751746 ], [ -46.857135060090883, -23.650365424709062 ], [ -46.857129061069656, -23.650343193833628 ], [ -46.857118648100119, -23.65032074496138 ], [ -46.857109262176898, -23.650294672000072 ], [ -46.857103153689032, -23.650271629783632 ], [ -46.857104782322665, -23.650248133684741 ], [ -46.857109955625781, -23.650225768943791 ], [ -46.857110301449104, -23.65020860883417 ], [ -46.857110465437891, -23.650199396824366 ], [ -46.85710975347768, -23.650176741420701 ], [ -46.857106350831145, -23.650150957946401 ], [ -46.85710033270685, -23.650127372879048 ], [ -46.857092578580293, -23.650105795091665 ], [ -46.857081897124154, -23.650085155323154 ], [ -46.857075344675138, -23.650072321709025 ], [ -46.857056074685005, -23.650054313088983 ], [ -46.857036427985413, -23.650037392514403 ], [ -46.857011878611956, -23.650020350087079 ], [ -46.856993418150871, -23.650004137650576 ], [ -46.856972928814919, -23.649983073612585 ], [ -46.856955817457226, -23.649965219705557 ], [ -46.856935062166244, -23.649946145328617 ], [ -46.85691564973984, -23.64993193076722 ], [ -46.856889160743393, -23.649916356268911 ], [ -46.85686665303021, -23.649905068209165 ], [ -46.856845307331319, -23.649892772984856 ], [ -46.856821170410477, -23.649877170296364 ], [ -46.856798586241439, -23.649860465467604 ], [ -46.856777374112703, -23.649843744198922 ], [ -46.85675788525171, -23.649824112857111 ], [ -46.856739239039527, -23.649808624968728 ], [ -46.856720378985109, -23.649791875515398 ], [ -46.856701035169522, -23.649768630644893 ], [ -46.856685815108236, -23.649745878141367 ], [ -46.856674540759712, -23.649731836945545 ], [ -46.856667856082936, -23.649723519623588 ], [ -46.856649120690982, -23.649701712170579 ], [ -46.85663199412199, -23.649682774870318 ], [ -46.856615287602601, -23.64966581901718 ], [ -46.856595483242074, -23.649651609106009 ], [ -46.85657296285499, -23.649639418205606 ], [ -46.85654638244246, -23.649631248893929 ], [ -46.856520227172993, -23.649625422144478 ], [ -46.856496772646302, -23.649616493026297 ], [ -46.856471559177805, -23.649607946150283 ], [ -46.856442624172907, -23.649599624432753 ], [ -46.856417021249754, -23.649591262801238 ], [ -46.856389748359341, -23.649575697599069 ], [ -46.856365601355122, -23.649559372597309 ], [ -46.856348799324543, -23.649535645762139 ], [ -46.856331240038791, -23.649513824180424 ], [ -46.85631639933942, -23.649490164145828 ], [ -46.856300464161336, -23.649472296071242 ], [ -46.856285671887889, -23.649452066647694 ], [ -46.856273972370694, -23.649428730167301 ], [ -46.85626563041334, -23.649407159367641 ], [ -46.856254714921455, -23.64938381349581 ], [ -46.856243366655413, -23.649357583378663 ], [ -46.856230498773904, -23.649334802653605 ], [ -46.856217819257076, -23.649311477903801 ], [ -46.856199661819929, -23.649288941110399 ], [ -46.856179165079318, -23.649267335274558 ], [ -46.856160826938883, -23.649245884175059 ], [ -46.85613679586173, -23.649230821868628 ], [ -46.856107794712663, -23.649217805555562 ], [ -46.856076920155544, -23.649210951703335 ], [ -46.856044963845953, -23.649210792599014 ], [ -46.856013603191585, -23.649211168123223 ], [ -46.855984597133428, -23.649211696036172 ], [ -46.855955392522844, -23.649212045731929 ], [ -46.855928965088722, -23.649214709828914 ], [ -46.855900389250777, -23.649217941413131 ], [ -46.855873404372318, -23.649222779246006 ], [ -46.855840922459329, -23.649227050828973 ], [ -46.855805287918734, -23.649230186321486 ], [ -46.855770022457151, -23.649231692083937 ], [ -46.855739249805353, -23.649232060512862 ], [ -46.855710437194489, -23.64923240546943 ], [ -46.855682016591416, -23.649232745727481 ], [ -46.855653193790339, -23.649232368438458 ], [ -46.855628644871963, -23.649229231139486 ], [ -46.855603897403093, -23.649225915624271 ], [ -46.855578788493034, -23.649224771502951 ], [ -46.855553106853478, -23.649224717769322 ], [ -46.855526625914322, -23.649223590064473 ], [ -46.855493883030235, -23.649223259673434 ], [ -46.855465266421454, -23.649223602237992 ], [ -46.855439587327787, -23.649223729044305 ], [ -46.855412492906318, -23.649220802771055 ], [ -46.855386727217386, -23.649214790570376 ], [ -46.85535801382747, -23.649208271881655 ], [ -46.855330853192235, -23.64920065106563 ], [ -46.85530612483381, -23.649198689692867 ], [ -46.855275161270981, -23.64919942149287 ], [ -46.855242482057477, -23.649203605017917 ], [ -46.855217052449227, -23.649207521175608 ], [ -46.855191979194466, -23.64920890481422 ], [ -46.855168423125249, -23.649220563878416 ], [ -46.855139081066206, -23.649225068618762 ], [ -46.855109744097817, -23.649229934471272 ], [ -46.855084105742222, -23.649232950159561 ], [ -46.85505512258085, -23.649235102928245 ], [ -46.855026918342233, -23.649236885190899 ], [ -46.855001463254681, -23.649238995725906 ], [ -46.854972583184306, -23.649241508424087 ], [ -46.854945351324453, -23.649242737267127 ], [ -46.854917518719581, -23.649243070348209 ], [ -46.854890274126973, -23.64924339638754 ], [ -46.85486283352963, -23.649243724767622 ], [ -46.854837546432606, -23.649243846783321 ], [ -46.854810095649825, -23.649243452918764 ], [ -46.854782647412954, -23.649243239608175 ], [ -46.854754966253786, -23.649240410535032 ], [ -46.854726690717584, -23.64923713709593 ], [ -46.854699609029872, -23.649235113491365 ], [ -46.854671369138558, -23.649234367865816 ], [ -46.854641754671341, -23.649233458093168 ], [ -46.854612313295711, -23.649230920939928 ], [ -46.854584414496863, -23.649226559430922 ], [ -46.854558114283009, -23.6492243458617 ], [ -46.854528517637405, -23.649224699979214 ], [ -46.854499705008351, -23.649225044710704 ], [ -46.85447441536455, -23.649224986108038 ], [ -46.854443436504894, -23.64922463438927 ], [ -46.854419809075559, -23.649217332317736 ], [ -46.854389756781984, -23.649213177126853 ], [ -46.854324386815456, -23.649192920528449 ], [ -46.854294405800722, -23.64919382096722 ], [ -46.854265422624074, -23.649195973588434 ], [ -46.854237806385285, -23.649197748673199 ], [ -46.854220584735245, -23.649199850879498 ], [ -46.854210017048814, -23.64920115112783 ], [ -46.854183419007825, -23.649205622862777 ], [ -46.854156202409108, -23.64920793492049 ], [ -46.854128443609554, -23.64921350406755 ], [ -46.854103785244199, -23.649216507871689 ], [ -46.854072462730549, -23.649219591386924 ], [ -46.854042876258141, -23.649220667647281 ], [ -46.854015229467862, -23.649220275985961 ], [ -46.853987325593188, -23.649215553250208 ], [ -46.853961010114375, -23.64921225622534 ], [ -46.853935784135103, -23.649202806126382 ], [ -46.853907030081821, -23.649193398221289 ], [ -46.853884135802176, -23.649182475509942 ], [ -46.853858459294152, -23.649168877230945 ], [ -46.853834353370011, -23.649155440752313 ], [ -46.853807928481437, -23.649144379666307 ], [ -46.853784298550302, -23.649136896935705 ], [ -46.85375732128184, -23.649128370698204 ], [ -46.853730926939953, -23.649119476305593 ], [ -46.853705922442913, -23.649111829412277 ], [ -46.853678581165553, -23.649105293997 ], [ -46.853647319806818, -23.649098805456862 ], [ -46.853619757085433, -23.649090466785292 ], [ -46.853594923158944, -23.649081011939753 ], [ -46.853571466353692, -23.649071901800603 ], [ -46.853548569575793, -23.649060798477468 ], [ -46.853525991023957, -23.649044454252998 ], [ -46.853504606312384, -23.649029359874731 ], [ -46.853481852121355, -23.64901446245868 ], [ -46.853459309204887, -23.649000646048997 ], [ -46.853439585453728, -23.648985170620865 ], [ -46.853418376411902, -23.648968629413805 ], [ -46.853398776113799, -23.648954958397773 ], [ -46.853378353641894, -23.648938588368807 ], [ -46.853357047939525, -23.648915185910905 ], [ -46.853342793297593, -23.648891337962073 ], [ -46.853331702707699, -23.648869438663116 ], [ -46.853320237922254, -23.64884880796313 ], [ -46.853310132447241, -23.648827258062191 ], [ -46.853300197539532, -23.648803900226859 ], [ -46.853291067002509, -23.648781977488476 ], [ -46.853284212194225, -23.648754609857235 ], [ -46.853281328342042, -23.648730806535287 ], [ -46.853280954379137, -23.648704264362632 ], [ -46.853280735717036, -23.648674830902408 ], [ -46.853285091280242, -23.648650038075488 ], [ -46.853295128400319, -23.648624996727627 ], [ -46.853305358976371, -23.648599772476768 ], [ -46.853314601899605, -23.648574018266078 ], [ -46.853322681519138, -23.648549180911246 ], [ -46.853327431622681, -23.648524563955444 ], [ -46.853334752664189, -23.648501541564301 ], [ -46.853338749279388, -23.648479100690409 ], [ -46.853345225247367, -23.648451754257231 ], [ -46.853354679421749, -23.648427081055249 ], [ -46.853362183737225, -23.648403153524654 ], [ -46.853369677874078, -23.648378503757797 ], [ -46.853376026518397, -23.64835603476018 ], [ -46.853383714109576, -23.648331202090247 ], [ -46.853388647479413, -23.648305679994522 ], [ -46.853395184488619, -23.648282666975774 ], [ -46.853405847734422, -23.648260326976811 ], [ -46.853420685552656, -23.648242090617796 ], [ -46.853433873931913, -23.648218095119038 ], [ -46.853442621712681, -23.648191985643916 ], [ -46.853446572509483, -23.64816629470625 ], [ -46.85345212948932, -23.648143293404061 ], [ -46.853457844308217, -23.648117581373171 ], [ -46.853462586744108, -23.648092422737498 ], [ -46.853466379694865, -23.648069442528051 ], [ -46.853466578449442, -23.648041809970909 ], [ -46.853462317483199, -23.648017661939072 ], [ -46.853456060875573, -23.647991009517614 ], [ -46.8534455125682, -23.647965853127868 ], [ -46.85343683900922, -23.647941577267591 ], [ -46.85342612523646, -23.647918589927517 ], [ -46.853291555273358, -23.647807872305297 ], [ -46.85341484974979, -23.64763312257362 ], [ -46.853458904737202, -23.647587629039919 ], [ -46.853716938870434, -23.647347881048876 ], [ -46.854362151143135, -23.646775189931411 ], [ -46.854577330529366, -23.646596721618103 ], [ -46.854935912361213, -23.646314323538697 ], [ -46.855041130838579, -23.64620642643041 ], [ -46.855106127360116, -23.646130794332255 ], [ -46.855166669260633, -23.64605205520764 ], [ -46.855197300975597, -23.646006992755911 ], [ -46.855224673218181, -23.645960163414713 ], [ -46.855248689264535, -23.645911658637964 ], [ -46.855269159484401, -23.645861932169883 ], [ -46.855285987155064, -23.645811075463975 ], [ -46.855304203250043, -23.645740517901867 ], [ -46.855317703895871, -23.645669204122555 ], [ -46.855326490373379, -23.645597224406217 ], [ -46.855336210596697, -23.645445503320705 ], [ -46.855336200191282, -23.64540306495034 ], [ -46.855332957085928, -23.645360755564713 ], [ -46.855326387104093, -23.645318847174604 ], [ -46.855320956301092, -23.645295164673534 ], [ -46.85531425533091, -23.645271768257793 ], [ -46.855306090742189, -23.645248840831815 ], [ -46.85529494034953, -23.645222698531356 ], [ -46.855282034889875, -23.645197209297194 ], [ -46.855267473636225, -23.645172462235418 ], [ -46.855251261681659, -23.645148818463266 ], [ -46.855233396480379, -23.645126097421343 ], [ -46.855213977304906, -23.64510438821566 ], [ -46.855141223580731, -23.645033023136623 ], [ -46.855063147462367, -23.644966507327617 ], [ -46.854824283094722, -23.644771800725387 ], [ -46.854732150191992, -23.644695430206713 ], [ -46.854547156841086, -23.644442380270458 ], [ -46.854156616755631, -23.643966051804821 ], [ -46.853549835735215, -23.643286255120731 ], [ -46.853387690564965, -23.643131080773994 ], [ -46.853107277617156, -23.642908786215511 ], [ -46.852880173630297, -23.642685673390936 ], [ -46.852736629737102, -23.642333975082767 ], [ -46.852616741582786, -23.642158700837335 ], [ -46.852504151678801, -23.642104966374699 ], [ -46.852240944680752, -23.64197673222867 ], [ -46.851929830606096, -23.6418430201152 ], [ -46.851832233654093, -23.641726351134601 ], [ -46.851794936563941, -23.641611219236012 ], [ -46.851587514720357, -23.641609362416055 ], [ -46.85122177241103, -23.6414242913606 ], [ -46.851174388617252, -23.641400296931288 ], [ -46.851042381976242, -23.641324851521496 ], [ -46.850726573727876, -23.64117078624253 ], [ -46.850593836680865, -23.641106094233201 ], [ -46.850583078902474, -23.641100804946703 ], [ -46.850512303654121, -23.641072213579129 ], [ -46.85041136510695, -23.641031431189266 ], [ -46.850312853920116, -23.640982041746682 ], [ -46.850170621773188, -23.640883331199053 ], [ -46.849330161120939, -23.640555384520859 ], [ -46.849293341642245, -23.640578668309587 ], [ -46.848945503474397, -23.64043274658923 ], [ -46.848889303322288, -23.640409037145744 ], [ -46.848823045457479, -23.64038102316146 ], [ -46.848701571294647, -23.640329558785361 ], [ -46.848554380810008, -23.640268468473181 ], [ -46.84842964980821, -23.64022237010559 ], [ -46.848367121387177, -23.640187719921339 ], [ -46.848058806203326, -23.640050354421817 ], [ -46.847956242857514, -23.640005436145668 ], [ -46.847914904185636, -23.640048909257086 ], [ -46.847878599883501, -23.640004194451937 ], [ -46.847413547934757, -23.639837724367453 ], [ -46.847315460689046, -23.639818396094935 ], [ -46.847262225476683, -23.639831310479003 ], [ -46.847240612872255, -23.63987662518381 ], [ -46.847268015393091, -23.639929572761034 ], [ -46.847335267498337, -23.639965611849906 ], [ -46.847460626063388, -23.640021545809532 ], [ -46.847492707618706, -23.640086627411542 ], [ -46.847475948888565, -23.64015653484276 ], [ -46.847436501076693, -23.640202062090186 ], [ -46.847356783228982, -23.640227572183999 ], [ -46.847285540253473, -23.64022842102359 ], [ -46.847187568048412, -23.640217308159762 ], [ -46.847120488190114, -23.640193547081605 ], [ -46.847057628507628, -23.640149238730302 ], [ -46.847003530196424, -23.640100672409822 ], [ -46.846943373178625, -23.639941657138145 ], [ -46.846902126412232, -23.639852034039954 ], [ -46.846848029551808, -23.639803557932115 ], [ -46.84671826289415, -23.639747766249716 ], [ -46.846476369070729, -23.639635972472519 ], [ -46.846346315183276, -23.639559686906654 ], [ -46.846326424211291, -23.639490215995718 ], [ -46.84628356656237, -23.639404494569067 ], [ -46.84621021096978, -23.63937349389537 ], [ -46.846154745648654, -23.639374154322972 ], [ -46.846102969316817, -23.639400234012989 ], [ -46.846061859567399, -23.639439098880569 ], [ -46.846048571131064, -23.63948395314819 ], [ -46.846046172196395, -23.639557481884868 ], [ -46.846106778969599, -23.639671796170724 ], [ -46.846125961910886, -23.639802585881714 ], [ -46.846103594728476, -23.639933870318586 ], [ -46.846011380741281, -23.640046753532342 ], [ -46.845929160784436, -23.640124483231805 ], [ -46.845902091074848, -23.64017907283985 ], [ -46.845889574248496, -23.640271954877996 ], [ -46.845887712199605, -23.640383762320589 ], [ -46.845858237517973, -23.64041363971123 ], [ -46.845795229264063, -23.640477506075715 ], [ -46.84557420075059, -23.640553637432987 ], [ -46.845428382429311, -23.640555373121838 ], [ -46.845216172615721, -23.640519523423755 ], [ -46.845017601875128, -23.64047077951891 ], [ -46.844922887233622, -23.64039840638991 ], [ -46.844869498989922, -23.640309559232449 ], [ -46.844893875946021, -23.639895085600017 ], [ -46.845047638603852, -23.639579209601738 ], [ -46.845161757971439, -23.639302000074981 ], [ -46.845198627801381, -23.639072572962171 ], [ -46.845212427515222, -23.638917372069184 ], [ -46.845216657712783, -23.638834611424677 ], [ -46.845281755446059, -23.638717085159165 ], [ -46.845428158076139, -23.638582428391114 ], [ -46.845578371814426, -23.638433008036532 ], [ -46.845787150953527, -23.638273409412442 ], [ -46.845866270611779, -23.638093502708447 ], [ -46.846019107596007, -23.637851678883699 ], [ -46.846180076271629, -23.637609667816147 ], [ -46.846574126549697, -23.637159098617079 ], [ -46.846610927100976, -23.637127508569737 ], [ -46.846669584998807, -23.637061075202705 ], [ -46.846821336319806, -23.636839850894621 ], [ -46.84688090044223, -23.636768169550727 ], [ -46.847055732250418, -23.636557415250579 ], [ -46.847161242677728, -23.636435433938789 ], [ -46.846980604342541, -23.636120649991827 ], [ -46.84689527330827, -23.635997420336935 ], [ -46.846563254662868, -23.635699608296953 ], [ -46.846445283787801, -23.635541190765238 ], [ -46.846411414017751, -23.635411388546466 ], [ -46.846382738084664, -23.635204683353699 ], [ -46.846348023315933, -23.635021617066027 ], [ -46.846308086035485, -23.634927373019082 ], [ -46.846126514027077, -23.634811248153838 ], [ -46.845726653029594, -23.634721288378888 ], [ -46.845410810378013, -23.634654075345644 ], [ -46.845095517411295, -23.634640038947886 ], [ -46.844851238303505, -23.634636985759858 ], [ -46.844709173114637, -23.634591361132347 ], [ -46.844428939879464, -23.634316585345182 ], [ -46.844324639519428, -23.634217237017644 ], [ -46.843874461842823, -23.633956400150204 ], [ -46.843785464023028, -23.633871948768469 ], [ -46.843697837488826, -23.633724454978967 ], [ -46.84368950175233, -23.63357014929295 ], [ -46.843740828676069, -23.633442132549149 ], [ -46.843795310875599, -23.633350467241982 ], [ -46.844007514984028, -23.633169882016812 ], [ -46.844160205492138, -23.633029643834025 ], [ -46.844201849207344, -23.632938040776221 ], [ -46.844222299156073, -23.632858699004508 ], [ -46.844216780344873, -23.632779575753602 ], [ -46.844080762430011, -23.631962125459594 ], [ -46.844007236298644, -23.631610758115752 ], [ -46.843900727565668, -23.63137454806126 ], [ -46.843798950549939, -23.631154263908719 ], [ -46.843715995366331, -23.631060259525174 ], [ -46.843559317763898, -23.630915663156795 ], [ -46.843332954108973, -23.630700742219922 ], [ -46.843245786026792, -23.630606787619818 ], [ -46.843192914163936, -23.630512425378718 ], [ -46.843034521488626, -23.630245227834102 ], [ -46.842955091016954, -23.630087884114495 ], [ -46.842897358369072, -23.630045318690296 ], [ -46.842824051802587, -23.630017385531623 ], [ -46.842771671722666, -23.630000129428666 ], [ -46.842710528864515, -23.629993993441346 ], [ -46.842650932914971, -23.629993347062886 ], [ -46.842564586107933, -23.629993018466692 ], [ -46.842478065920226, -23.630008312965067 ], [ -46.842325552215556, -23.630063037719761 ], [ -46.842147685134762, -23.630126912404307 ], [ -46.842010938657758, -23.630166821749196 ], [ -46.84176889466719, -23.630210870875914 ], [ -46.841545726683613, -23.630231128431529 ], [ -46.841411801857383, -23.630241567486639 ], [ -46.841331997357159, -23.63023953522028 ], [ -46.841274355491528, -23.63023146090206 ], [ -46.841178069243746, -23.630200187949761 ], [ -46.841042951358276, -23.630125311766157 ], [ -46.840817480870186, -23.629980896912219 ], [ -46.840717856043881, -23.629935125733461 ], [ -46.840197398677233, -23.629700032535702 ], [ -46.839709037773588, -23.629482344970452 ], [ -46.83959970193574, -23.629421879775013 ], [ -46.83947185929798, -23.629411657631984 ], [ -46.8393122512189, -23.629407590993786 ], [ -46.839171931069743, -23.629437246545496 ], [ -46.839103237008956, -23.629451786005298 ], [ -46.839075387276544, -23.629457624252193 ], [ -46.839032001540616, -23.629466807046153 ], [ -46.83874941119408, -23.629575983715593 ], [ -46.838619428657957, -23.629609037746565 ], [ -46.838614639833231, -23.62960999746976 ], [ -46.838478492310763, -23.629608631617884 ], [ -46.838394962868151, -23.629571426755227 ], [ -46.838307928497954, -23.629507806826918 ], [ -46.838226236145573, -23.629370532755761 ], [ -46.838195003713594, -23.629197264797035 ], [ -46.838179762005431, -23.629018118699612 ], [ -46.838183206351815, -23.628576894364809 ], [ -46.838207384575696, -23.628476560471231 ], [ -46.83834050205401, -23.628183779995663 ], [ -46.838386817003958, -23.628068555849318 ], [ -46.838395310490462, -23.627988995193967 ], [ -46.838384434618597, -23.627897925703916 ], [ -46.83831580934941, -23.627783973548528 ], [ -46.838225445960965, -23.627720483249597 ], [ -46.837828280062404, -23.627625142276088 ], [ -46.837663797204812, -23.627587631966964 ], [ -46.837486057088448, -23.627576283626727 ], [ -46.837381212419785, -23.627612740861441 ], [ -46.837146934581028, -23.627756647726489 ], [ -46.837064350117828, -23.627787062188336 ], [ -46.836936754727013, -23.627794442553718 ], [ -46.836831213236195, -23.62778097427482 ], [ -46.83672170145632, -23.627714730069627 ], [ -46.836647406179829, -23.627650867945881 ], [ -46.836575319513415, -23.627513479088222 ], [ -46.836396012835593, -23.627024394457695 ], [ -46.836280510684205, -23.6267463875114 ], [ -46.836153938947966, -23.626377312991849 ], [ -46.836034505794622, -23.626049238293675 ], [ -46.836044191751114, -23.626019958185921 ], [ -46.836284987443925, -23.625781346175266 ], [ -46.836091324130663, -23.625534513231315 ], [ -46.835806564053435, -23.625431425111749 ], [ -46.835704715979304, -23.625394525699672 ], [ -46.835496065094723, -23.625724587064305 ], [ -46.835404371633004, -23.625931094446276 ], [ -46.835373295400274, -23.62600071884696 ], [ -46.835143723210976, -23.626524440457779 ], [ -46.834957691267384, -23.626958795877936 ], [ -46.83495646946136, -23.626983641613311 ], [ -46.834963635362001, -23.626998545905927 ], [ -46.834961839244087, -23.627073602771269 ], [ -46.834968393620265, -23.627100884790284 ], [ -46.834952660002443, -23.627139265943256 ], [ -46.834957192850233, -23.62715510433992 ], [ -46.834946671104568, -23.62718069216124 ], [ -46.834944680061568, -23.627185501380112 ], [ -46.834934113310908, -23.627221925201237 ], [ -46.83491773092598, -23.627234850676043 ], [ -46.834912321808666, -23.627247556043777 ], [ -46.834862850189637, -23.627270083092888 ], [ -46.834848882379767, -23.627287494776546 ], [ -46.834808635203125, -23.627303862887342 ], [ -46.834762348461247, -23.627343959868657 ], [ -46.834748125939882, -23.62737825982909 ], [ -46.834741886223377, -23.627380591025865 ], [ -46.834718231511957, -23.627399110532775 ], [ -46.834716668303336, -23.627441658238009 ], [ -46.834702461846, -23.627463045738057 ], [ -46.834688370715469, -23.627471609901434 ], [ -46.834663103033975, -23.627493940893785 ], [ -46.834652024469698, -23.627507706564256 ], [ -46.834648896562548, -23.627515328389681 ], [ -46.834641027799684, -23.627534383532502 ], [ -46.834614261229781, -23.627547612393581 ], [ -46.834551246343395, -23.627596936733429 ], [ -46.834508644189761, -23.627648277014423 ], [ -46.834448757137984, -23.627689979494015 ], [ -46.834358908500064, -23.62780400186827 ], [ -46.8343211450876, -23.627843907635562 ], [ -46.834310149583402, -23.627870674865854 ], [ -46.834280237592708, -23.627904347673418 ], [ -46.834237636494827, -23.627955778171458 ], [ -46.834201387981146, -23.627991873583682 ], [ -46.834177715693848, -23.628023215197047 ], [ -46.834147886745555, -23.628069889564259 ], [ -46.834113267284025, -23.628089261011016 ], [ -46.834110009068887, -23.628122708905938 ], [ -46.834082304155558, -23.628153014644646 ], [ -46.833952376675967, -23.628175950995409 ], [ -46.8339295783531, -23.62818561129912 ], [ -46.833905626809532, -23.628196910555467 ], [ -46.833878165310971, -23.628209515446187 ], [ -46.83384872393507, -23.628220699011237 ], [ -46.833814559027815, -23.628230493687703 ], [ -46.833781801148952, -23.628242799998571 ], [ -46.833746495583902, -23.62825513642299 ], [ -46.833720739997034, -23.62826356752133 ], [ -46.833695964283528, -23.62827198703123 ], [ -46.833672768942925, -23.628281290810055 ], [ -46.833641199461773, -23.628294485999106 ], [ -46.833614479069382, -23.6283040120335 ], [ -46.833574329401863, -23.628320378692248 ], [ -46.833541644318387, -23.62833087818186 ], [ -46.833517077126537, -23.628340198155364 ], [ -46.83349547722208, -23.62835146955231 ], [ -46.833465920260942, -23.628368433332771 ], [ -46.833438682312931, -23.628383022010027 ], [ -46.833406560054087, -23.628398751964692 ], [ -46.833380105995239, -23.628413331366367 ], [ -46.833355634314728, -23.628429512652868 ], [ -46.833331607376984, -23.628449481094577 ], [ -46.833307492437037, -23.628463129880281 ], [ -46.833277053472194, -23.628473060994367 ], [ -46.833243458777901, -23.628481584671714 ], [ -46.833212180591822, -23.62848755268557 ], [ -46.833184985212078, -23.628491124752593 ], [ -46.833159930480448, -23.62849358796753 ], [ -46.833134079274927, -23.628495157635577 ], [ -46.833107439137578, -23.628496375440875 ], [ -46.833079238734562, -23.628498153455062 ], [ -46.833053990536378, -23.628500799530709 ], [ -46.833026996150913, -23.628504730377433 ], [ -46.833001579624955, -23.628509364937603 ], [ -46.832976173151664, -23.628514721739879 ], [ -46.832946658724332, -23.628520668857568 ], [ -46.832918317635446, -23.628526421512806 ], [ -46.832890582066341, -23.628533431146213 ], [ -46.832864434409323, -23.628541866740527 ], [ -46.83283751792608, -23.628551394963132 ], [ -46.832813134044741, -23.628559809706928 ], [ -46.832776644893983, -23.628571618130891 ], [ -46.832745409386241, -23.628580655599638 ], [ -46.832714538178983, -23.628587702253849 ], [ -46.832685619187913, -23.628594184061253 ], [ -46.832660041838537, -23.628601348744752 ], [ -46.832634866491048, -23.62860923103937 ], [ -46.832609841878693, -23.62861386090626 ], [ -46.832579146525312, -23.628619460726316 ], [ -46.832548483839403, -23.628627407840941 ], [ -46.83251584128422, -23.628633933611169 ], [ -46.832487894611887, -23.628639862121101 ], [ -46.832451699350351, -23.628644623939021 ], [ -46.832427222443769, -23.628646357845817 ], [ -46.83240136113902, -23.628647205147683 ], [ -46.832376349073002, -23.628652737785785 ], [ -46.832347211454866, -23.628657596792792 ], [ -46.832322782286731, -23.628662761353709 ], [ -46.832297599365226, -23.628670101910661 ], [ -46.832272758138018, -23.628673826601407 ], [ -46.832246909388566, -23.628675576685929 ], [ -46.832219156155368, -23.628681322271987 ], [ -46.832191078808187, -23.628691947646772 ], [ -46.832167350621589, -23.628705230511581 ], [ -46.832146773125075, -23.628719559703576 ], [ -46.832144428948091, -23.628720129167796 ], [ -46.832118645512352, -23.628726573833681 ], [ -46.832085126036041, -23.628740514117059 ], [ -46.832056852687707, -23.62875114178377 ], [ -46.832031948618003, -23.62876443851831 ], [ -46.832007089766144, -23.628780985358453 ], [ -46.831980823900338, -23.628795020535353 ], [ -46.831957120795629, -23.628810108986613 ], [ -46.831936588480062, -23.628827688262383 ], [ -46.831918829976473, -23.628847401869955 ], [ -46.831908161792356, -23.628869560011037 ], [ -46.831899448345432, -23.628891333881747 ], [ -46.831893486104192, -23.628913617031959 ], [ -46.831889960975815, -23.628956097624268 ], [ -46.831871599445634, -23.628974734801762 ], [ -46.83185248917453, -23.628995909098716 ], [ -46.831828904091502, -23.629019483930293 ], [ -46.831808035040794, -23.629041040176972 ], [ -46.831790464930791, -23.629060209772824 ], [ -46.831773839530221, -23.629076839931361 ], [ -46.831751367477757, -23.629095886824416 ], [ -46.831730350154572, -23.629120876047782 ], [ -46.831715777453141, -23.629144163837321 ], [ -46.831694712387588, -23.629165722385221 ], [ -46.831668092136525, -23.629182470568971 ], [ -46.831642205547645, -23.629195598257969 ], [ -46.83161394964587, -23.629207489783195 ], [ -46.831584673663691, -23.629216503888433 ], [ -46.831553033393511, -23.629224642951037 ], [ -46.831517875579024, -23.629233545909774 ], [ -46.831488986513946, -23.629242194245926 ], [ -46.831466182781362, -23.62925149308542 ], [ -46.831439075084006, -23.629261384517164 ], [ -46.831412761337326, -23.629271988934828 ], [ -46.831388050565792, -23.629285102699466 ], [ -46.831354714281964, -23.629298137715097 ], [ -46.831328978405786, -23.62930801293064 ], [ -46.831303925893884, -23.629324742544412 ], [ -46.831287585531612, -23.629347780282139 ], [ -46.831274573010532, -23.6293705078395 ], [ -46.83126684182713, -23.629392450674015 ], [ -46.831259959848381, -23.629419078856603 ], [ -46.831248130714897, -23.629442334213973 ], [ -46.831236522669094, -23.629467392873664 ], [ -46.831231756250915, -23.629491106615728 ], [ -46.831226004920943, -23.629514470803617 ] ] ] } },
{ "type": "Feature", "properties": { "nome": "COLEGIO-SAO MARCOS", "codigo": 3, "regiao": "LESTE", "populacao_2010": 25023, "mulheres_2010": 12930, "homens_2010": 12597, "domicilios": 7426, "populacao_2015": 26917, "area_km2": 5.05, "densidade_2015": 5327.0, "fonte_cartografica": "Base oficial de Limites Administrativos de Embu das Artes", "crs_origem": "SIRGAS 2000 / UTM zone 23S (EPSG:31983)", "status_geometria": "oficial", "nota_demografica": "Atributos populacionais da base referem-se principalmente a 2010 e 2015; não devem ser apresentados como dados atuais." }, "geometry": { "type": "Polygon", "coordinates": [ [ [ -46.805038596812324, -23.663569181025025 ], [ -46.80509357602115, -23.663575132100458 ], [ -46.805119623289492, -23.663580156100149 ], [ -46.80514469040402, -23.663585191515367 ], [ -46.805169671903109, -23.663591130886015 ], [ -46.805194668282567, -23.663598153633558 ], [ -46.805227561704278, -23.663609147691616 ], [ -46.805251577933987, -23.663616181850127 ], [ -46.805282622707495, -23.663628190694531 ], [ -46.805308626533467, -23.663637188200468 ], [ -46.805341658907551, -23.663651160388657 ], [ -46.805364637897924, -23.663661186389866 ], [ -46.805380431992752, -23.663669129003065 ], [ -46.805364672504091, -23.663677981079182 ], [ -46.805420510464977, -23.663832098082718 ], [ -46.805448558978227, -23.663847211876522 ], [ -46.805468253788284, -23.663867931082095 ], [ -46.805484718995572, -23.663896182504974 ], [ -46.80549696585981, -23.663917078797205 ], [ -46.80550349065733, -23.663928199486907 ], [ -46.805535675428061, -23.663987510192555 ], [ -46.805585682392916, -23.664145306916062 ], [ -46.805621965328271, -23.664203215393691 ], [ -46.805723007738017, -23.664386693440537 ], [ -46.80572925341513, -23.664398900925349 ], [ -46.805744875021944, -23.664437094724519 ], [ -46.805777717687462, -23.664480054089207 ], [ -46.805848736974802, -23.664547490201642 ], [ -46.805904955924873, -23.66460083200408 ], [ -46.805950554322393, -23.664687436279031 ], [ -46.805994907377084, -23.664669130911044 ], [ -46.806013746374397, -23.664663222642787 ], [ -46.806063626779554, -23.664647652003115 ], [ -46.806134859470525, -23.664873284353551 ], [ -46.806175991589591, -23.664920210307102 ], [ -46.80635214480138, -23.665468692151766 ], [ -46.806379852657102, -23.665587379398932 ], [ -46.806519764730318, -23.666038131602082 ], [ -46.806598027912102, -23.666290138408716 ], [ -46.806644950352634, -23.666472982638485 ], [ -46.806647758162597, -23.666484688389829 ], [ -46.806647373634171, -23.666513768225979 ], [ -46.806637567093659, -23.666570588555398 ], [ -46.80661884208174, -23.666599069612015 ], [ -46.806569387889915, -23.666631430569343 ], [ -46.806457738344172, -23.666689257915603 ], [ -46.806383773427562, -23.66672858654556 ], [ -46.807393181256707, -23.668094099379267 ], [ -46.807711086774148, -23.668555866138018 ], [ -46.808877129600432, -23.667267906492544 ], [ -46.808907339204779, -23.667276131863975 ], [ -46.808922502337083, -23.667280921086597 ], [ -46.808937383842611, -23.667286616556598 ], [ -46.808951786442762, -23.667293130281731 ], [ -46.808965808155875, -23.66730046111752 ], [ -46.808979252945932, -23.667308611353235 ], [ -46.808992216345814, -23.667317399281373 ], [ -46.809001533193417, -23.667324785054618 ], [ -46.809010464183032, -23.667332626813312 ], [ -46.809018813278428, -23.667340926846759 ], [ -46.809026679740462, -23.667349774291971 ], [ -46.809033863804672, -23.667358900593705 ], [ -46.809040369199138, -23.66736857659664 ], [ -46.809046288971075, -23.66737844003012 ], [ -46.809051527587656, -23.667388672601913 ], [ -46.809056085048795, -23.667399274312082 ], [ -46.809059860850681, -23.667410065742335 ], [ -46.809062953011363, -23.667421045748064 ], [ -46.809065361530671, -23.66743221432932 ], [ -46.809066988390256, -23.66744357263082 ], [ -46.809067829861647, -23.667454849808021 ], [ -46.809067888430164, -23.66746622642399 ], [ -46.809067259628328, -23.667477520771044 ], [ -46.809065846680475, -23.667488824275374 ], [ -46.809063647100885, -23.667499956373927 ], [ -46.808988944614939, -23.667777676367109 ], [ -46.808983719035965, -23.667796880147968 ], [ -46.808979770181523, -23.667816249611647 ], [ -46.808977100537632, -23.667835965321284 ], [ -46.808975901171024, -23.667855663861587 ], [ -46.808975978530746, -23.667875528084828 ], [ -46.808977425665063, -23.667895195720288 ], [ -46.808979818189613, -23.667912324026922 ], [ -46.808983384452468, -23.667929258034871 ], [ -46.808988025192754, -23.66794590860717 ], [ -46.808993740410827, -23.667962275743676 ], [ -46.809000528864289, -23.667978269162752 ], [ -46.809008390553458, -23.667993888864228 ], [ -46.809017324235889, -23.668009044566411 ], [ -46.809027132631776, -23.668023648276886 ], [ -46.809037913759902, -23.66803769885087 ], [ -46.809049666377675, -23.668051106006576 ], [ -46.809062193205023, -23.668063781751652 ], [ -46.809075593503422, -23.66807581522275 ], [ -46.809089766768579, -23.668087027001334 ], [ -46.809104614981706, -23.66809741823187 ], [ -46.809120236161355, -23.668106987769498 ], [ -46.809204889123414, -23.668139047460507 ], [ -46.809291539613248, -23.668166659267659 ], [ -46.809328631891205, -23.668176339188712 ], [ -46.809366283697557, -23.668183935756865 ], [ -46.809404399497858, -23.66818963067972 ], [ -46.809442779523813, -23.668193155402392 ], [ -46.809468989065763, -23.668195648429975 ], [ -46.809448396645614, -23.668252233676988 ], [ -46.809106001286139, -23.668917380189907 ], [ -46.80910642957344, -23.668927127157595 ], [ -46.809113319511702, -23.66892912349935 ], [ -46.809229657426648, -23.66893408548048 ], [ -46.809263579567727, -23.668934231054823 ], [ -46.809299458365615, -23.668934082879804 ], [ -46.80932985678254, -23.668934630780992 ], [ -46.8093304448984, -23.668934623911639 ], [ -46.809360637332205, -23.668934451844649 ], [ -46.809392398074422, -23.668934261452861 ], [ -46.809423411954128, -23.668936788658687 ], [ -46.809451547410454, -23.668943864281442 ], [ -46.809485673423573, -23.668958815969749 ], [ -46.809510749343829, -23.668971525672646 ], [ -46.809534641577706, -23.668983707422594 ], [ -46.809557528758809, -23.668994094989468 ], [ -46.809580202499923, -23.66900322090218 ], [ -46.809606042700459, -23.669014476924467 ], [ -46.809628540300984, -23.669025049623343 ], [ -46.809658162435078, -23.669040415070743 ], [ -46.809683615544458, -23.669052036785502 ], [ -46.809706098237662, -23.669061526094684 ], [ -46.80974964908895, -23.669077451165073 ], [ -46.809775054966074, -23.669085642168184 ], [ -46.80979888507553, -23.669093309801273 ], [ -46.809834708369905, -23.66910336559512 ], [ -46.809862228408171, -23.66910846181878 ], [ -46.809894061302479, -23.669113507646149 ], [ -46.809930214513749, -23.669119044763242 ], [ -46.809959861141941, -23.669121949017988 ], [ -46.809992119477741, -23.669122294462682 ], [ -46.810025838156392, -23.669121900468937 ], [ -46.810059556834297, -23.669121506467867 ], [ -46.810092478920673, -23.669120218808036 ], [ -46.810118720763413, -23.669117925651225 ], [ -46.810150031011204, -23.669113496455079 ], [ -46.810175041899321, -23.66910724465037 ], [ -46.810202752557053, -23.669097710637182 ], [ -46.810237269846226, -23.669084124052876 ], [ -46.810261258245326, -23.669074814120588 ], [ -46.810294497771054, -23.669068104950373 ], [ -46.810331330662699, -23.669066049168819 ], [ -46.810364242778491, -23.66906403920073 ], [ -46.810399723296001, -23.66906344394371 ], [ -46.810425054576498, -23.669066217951926 ], [ -46.810449663892733, -23.66907351519232 ], [ -46.810474705090932, -23.669083696851843 ], [ -46.810894445560621, -23.669692170852453 ], [ -46.810949018240279, -23.669703993692085 ], [ -46.811096217742779, -23.669856859355061 ], [ -46.811186580171906, -23.669961629642412 ], [ -46.811186307265992, -23.669963167864264 ], [ -46.811629849641939, -23.670406119670883 ], [ -46.811794204846315, -23.670487721051117 ], [ -46.812057727817376, -23.6705305087733 ], [ -46.812177184517296, -23.670548253992859 ], [ -46.812297183294554, -23.670562651828305 ], [ -46.812293984731888, -23.670565307832405 ], [ -46.812529205646285, -23.670524992474132 ], [ -46.81268271696085, -23.670481389088465 ], [ -46.81279491830108, -23.670392489012809 ], [ -46.812963181943097, -23.67023150867206 ], [ -46.813082409646846, -23.670126092319386 ], [ -46.813235546609853, -23.670034094214824 ], [ -46.813576266336149, -23.669881117247193 ], [ -46.813755528624256, -23.66977842875583 ], [ -46.813920230180671, -23.669693337676929 ], [ -46.813972244840876, -23.669647670940595 ], [ -46.813997894261718, -23.669595360165705 ], [ -46.814003960768872, -23.669480884291382 ], [ -46.813998750927887, -23.669380446028921 ], [ -46.814096893041359, -23.669437898694436 ], [ -46.814172687873096, -23.669453083681919 ], [ -46.8144691489398, -23.669460356522279 ], [ -46.814701478173113, -23.669452217170345 ], [ -46.814800897175353, -23.669488525191181 ], [ -46.814865741464153, -23.669562620701626 ], [ -46.81491983250185, -23.669695715040589 ], [ -46.814956745764476, -23.669834338077994 ], [ -46.815022944058434, -23.669999345515027 ], [ -46.81517109018673, -23.670206192837476 ], [ -46.815377560286855, -23.670433756551045 ], [ -46.815489505787305, -23.670539354724497 ], [ -46.815841193902486, -23.670754560723914 ], [ -46.816115312891455, -23.670826202160342 ], [ -46.816289815197663, -23.670840228697308 ], [ -46.816446449996242, -23.670816991834251 ], [ -46.816562161006644, -23.670783579864903 ], [ -46.816840608708368, -23.67074284133707 ], [ -46.816956712166963, -23.670730734269259 ], [ -46.817084679115204, -23.670739978327031 ], [ -46.817417294224676, -23.670837658721346 ], [ -46.817762388505884, -23.670994064721391 ], [ -46.81806107123451, -23.671161669562078 ], [ -46.81816081472244, -23.671235444205472 ], [ -46.818343269032802, -23.671398994978397 ], [ -46.818443406991307, -23.671494164863631 ], [ -46.818507982472326, -23.671541534317409 ], [ -46.818596011343928, -23.671604701002124 ], [ -46.818701116872376, -23.671640849310769 ], [ -46.818811859469768, -23.671666366759801 ], [ -46.818974870247111, -23.671685852579515 ], [ -46.819230754090739, -23.671693502251554 ], [ -46.819531251189311, -23.671666224788289 ], [ -46.81979291943712, -23.671673895875561 ], [ -46.820037929845981, -23.671745872142459 ], [ -46.820254764753557, -23.671871634124287 ], [ -46.820541738305465, -23.672028716626816 ], [ -46.82091607474009, -23.672200753833458 ], [ -46.821122244393763, -23.67230668457718 ], [ -46.821321264228139, -23.672406017231943 ], [ -46.821602062201791, -23.672541770209683 ], [ -46.821900381150428, -23.672682553691562 ], [ -46.822104616053885, -23.672733696413641 ], [ -46.822262340626501, -23.672796040943538 ], [ -46.822362036595806, -23.672859068076878 ], [ -46.822562516767306, -23.673070619180304 ], [ -46.822798881928527, -23.673345947764727 ], [ -46.822916743898446, -23.673467543074878 ], [ -46.823010805204007, -23.673541290930896 ], [ -46.823174560290973, -23.673614218340624 ], [ -46.823472142692715, -23.673701642613295 ], [ -46.823641459708369, -23.673758521723478 ], [ -46.82375257452302, -23.673810668271528 ], [ -46.823875949381467, -23.673905560702991 ], [ -46.824006350910942, -23.674026375363713 ], [ -46.823145791235305, -23.675575052378889 ], [ -46.822922711913009, -23.675989064484547 ], [ -46.822380125926514, -23.67697605912139 ], [ -46.821919516696404, -23.677759645235746 ], [ -46.821394899278154, -23.678700103956867 ], [ -46.821167403008786, -23.679100350660008 ], [ -46.820795075472468, -23.679753682803067 ], [ -46.820454570303795, -23.680411335435227 ], [ -46.819979748267428, -23.681317072965484 ], [ -46.819851060880652, -23.6815820677894 ], [ -46.819639305444625, -23.681979779903319 ], [ -46.819498365581332, -23.682322933798666 ], [ -46.819391089027235, -23.682611966198582 ], [ -46.819233779524183, -23.683104119264726 ], [ -46.819094560890001, -23.683571679864261 ], [ -46.818969825969511, -23.684129365724491 ], [ -46.818824443696144, -23.684916554375501 ], [ -46.818748644968423, -23.685376055738459 ], [ -46.818688824943486, -23.685835369363449 ], [ -46.818660985675209, -23.686203921480974 ], [ -46.818596722106328, -23.687022031294614 ], [ -46.818591153425267, -23.687320794224224 ], [ -46.818689967753322, -23.687354848661293 ], [ -46.818713960226091, -23.687359803942265 ], [ -46.818737757885877, -23.687364851803562 ], [ -46.818761750361766, -23.68736980707688 ], [ -46.818786008172943, -23.687372682432844 ], [ -46.818810359014961, -23.687375195510025 ], [ -46.818834800386362, -23.687377165746785 ], [ -46.818859238006247, -23.687378865137248 ], [ -46.818883317264458, -23.687383006712363 ], [ -46.818907582583513, -23.687386423733706 ], [ -46.818931844151443, -23.687389569908799 ], [ -46.818956012690606, -23.687393078354987 ], [ -46.81898028051409, -23.687396675926276 ], [ -46.819004543335609, -23.687399912370534 ], [ -46.819028892933645, -23.687402335131967 ], [ -46.819053321803004, -23.687403402525817 ], [ -46.819077838698568, -23.687403746517639 ], [ -46.819102345587382, -23.687403368259297 ], [ -46.819126854977455, -23.687403170558639 ], [ -46.81915136436718, -23.687402972854109 ], [ -46.819175856244293, -23.687401511214794 ], [ -46.819199604351709, -23.687395904719711 ], [ -46.819223353707763, -23.687390388501893 ], [ -46.819247418424879, -23.687386403597703 ], [ -46.819271789747283, -23.687383318041523 ], [ -46.819296063035729, -23.687380233633611 ], [ -46.819320125246037, -23.687376068156816 ], [ -46.819343463697251, -23.687369202317715 ], [ -46.819366294469162, -23.687361078304889 ], [ -46.819389527376217, -23.687353671926612 ], [ -46.819412561713357, -23.687346087287686 ], [ -46.819435289439653, -23.687337603294214 ], [ -46.819458017162809, -23.687329119297555 ], [ -46.819480644348182, -23.687320455888361 ], [ -46.819503678673399, -23.687312871236539 ], [ -46.819527115134449, -23.687306004218783 ], [ -46.8195507639224, -23.687300308543161 ], [ -46.819574824856133, -23.687296052747332 ], [ -46.81959877649517, -23.687290985573263 ], [ -46.819622528313701, -23.687285649857813 ], [ -46.819646584236892, -23.687281032928102 ], [ -46.819670973042882, -23.687279211241389 ], [ -46.819695469890164, -23.687278110644588 ], [ -46.819719974244201, -23.68727755172846 ], [ -46.819744401836722, -23.687278528733579 ], [ -46.819767641345734, -23.687285750086929 ], [ -46.81978801371006, -23.687298332571288 ], [ -46.819808675170314, -23.687310550472638 ], [ -46.819829432164127, -23.68732258665711 ], [ -46.819861947592798, -23.687362385911317 ], [ -46.819879133708334, -23.687378527360398 ], [ -46.819898444007613, -23.687392296154684 ], [ -46.819919104241123, -23.68740442375886 ], [ -46.819940436940577, -23.687415550204747 ], [ -46.81996442695494, -23.687420324726716 ], [ -46.819986851794624, -23.687411212145914 ], [ -46.820005373270703, -23.687396366541996 ], [ -46.820020223739448, -23.687378403752792 ], [ -46.820034481003518, -23.687360086754456 ], [ -46.82004903486402, -23.687341946858922 ], [ -46.820064776373258, -23.687324605658585 ], [ -46.820081709285489, -23.687308333995272 ], [ -46.820101425897967, -23.687294828761836 ], [ -46.820125383768165, -23.687290212911186 ], [ -46.820149093433621, -23.687295983951312 ], [ -46.820172332963672, -23.68730320524233 ], [ -46.82019347335482, -23.687314604800516 ], [ -46.820210077565044, -23.687331204530068 ], [ -46.82022406118665, -23.687349731273716 ], [ -46.820236683622156, -23.687369086679258 ], [ -46.820249402842386, -23.687388350650131 ], [ -46.820261538877979, -23.687407982658463 ], [ -46.820276105704025, -23.687426141357477 ], [ -46.820295128209409, -23.687440364960807 ], [ -46.820315692954424, -23.687452674223366 ], [ -46.820337695647609, -23.687462618893683 ], [ -46.820361120015995, -23.687469025321857 ], [ -46.820384078006221, -23.687477152843648 ], [ -46.820402810187659, -23.687491650732824 ], [ -46.820413680594768, -23.687511929677697 ], [ -46.82042357443482, -23.687532490991291 ], [ -46.820431811737997, -23.68755379414678 ], [ -46.820438876407977, -23.687575381977009 ], [ -46.820449586802425, -23.68764776326444 ], [ -46.820483097556625, -23.687603756509322 ], [ -46.820511867281795, -23.687564320271708 ], [ -46.82055141971091, -23.687517623888713 ], [ -46.820590835272426, -23.687468129947987 ], [ -46.820631182786215, -23.687429279898915 ], [ -46.8206749476414, -23.687389396400956 ], [ -46.820712343735863, -23.687356901722747 ], [ -46.82075649566395, -23.687316652469836 ], [ -46.820791647862535, -23.687292039866541 ], [ -46.820826761235622, -23.687264628554381 ], [ -46.820858766730169, -23.687232287540489 ], [ -46.820880733726938, -23.687204308476385 ], [ -46.820900435955487, -23.687175633684145 ], [ -46.820904541401262, -23.687139376932286 ], [ -46.820894626478164, -23.687089018409392 ], [ -46.820879448378072, -23.687055065260889 ], [ -46.820861370262207, -23.687031169011306 ], [ -46.820816601489618, -23.68699864743094 ], [ -46.820762349150442, -23.686982219663019 ], [ -46.820700392344975, -23.686968771937888 ], [ -46.820648531608988, -23.686955115160504 ], [ -46.820614209397128, -23.68692644366271 ], [ -46.820595325808945, -23.686901021828291 ], [ -46.82057924588284, -23.686858591479009 ], [ -46.820566361827723, -23.686820367430716 ], [ -46.820535837025162, -23.68678271200805 ], [ -46.820506121992388, -23.686761029348826 ], [ -46.820466545793707, -23.686742352094516 ], [ -46.820433174409459, -23.686725678664168 ], [ -46.820402862051182, -23.686710413983722 ], [ -46.820386341316336, -23.686685686699484 ], [ -46.820378114903569, -23.686651019682511 ], [ -46.820384518181307, -23.686610762917688 ], [ -46.820393152407298, -23.686568764306791 ], [ -46.820408765663849, -23.686528038064555 ], [ -46.820432878889491, -23.686485135078161 ], [ -46.82045388427202, -23.686437302383485 ], [ -46.820467910213338, -23.686395240369492 ], [ -46.820475033873038, -23.686350370063217 ], [ -46.820470688278043, -23.686319811006499 ], [ -46.820467157378822, -23.686284366415581 ], [ -46.820465826134956, -23.686244922959574 ], [ -46.820467676964547, -23.68620869272225 ], [ -46.820472625601937, -23.686176669944484 ], [ -46.820475211466885, -23.686143952586264 ], [ -46.820474012904349, -23.686114078886948 ], [ -46.820470540843068, -23.686082877489209 ], [ -46.820460058482162, -23.68604814670493 ], [ -46.82043942506693, -23.686009652576498 ], [ -46.8204257869412, -23.685973604464074 ], [ -46.820410697127265, -23.685938927851041 ], [ -46.820403186180535, -23.685899286167896 ], [ -46.820400469204188, -23.685873042138127 ], [ -46.820400869205727, -23.685845316731001 ], [ -46.820404366157177, -23.68581466545486 ], [ -46.820418667421983, -23.68579246520703 ], [ -46.820441507415438, -23.685770886920118 ], [ -46.820466710164695, -23.685750003211179 ], [ -46.820498981620318, -23.685743935128695 ], [ -46.82053147877803, -23.685747074521394 ], [ -46.820559419392801, -23.685761012646644 ], [ -46.820588241899841, -23.685781983440897 ], [ -46.820611300598671, -23.685804466736087 ], [ -46.820636926428151, -23.685814097885615 ], [ -46.820664100732934, -23.685822266093766 ], [ -46.820685139989799, -23.685840529239382 ], [ -46.820708649676853, -23.685867251100685 ], [ -46.820728316121624, -23.685892573428536 ], [ -46.820750982738318, -23.685915061311448 ], [ -46.820773521670375, -23.685928340557485 ], [ -46.82080206795878, -23.685922316220566 ], [ -46.820828044527708, -23.685907744034377 ], [ -46.820853296061202, -23.685890381212772 ], [ -46.82088535093807, -23.68586869448578 ], [ -46.820914455724377, -23.685853453425963 ], [ -46.820945129004272, -23.685838193912875 ], [ -46.821080615972654, -23.685808879602011 ], [ -46.82110418803245, -23.685797676585846 ], [ -46.821146755610094, -23.685784624806121 ], [ -46.82119515621757, -23.685767982878044 ], [ -46.821229830298748, -23.685744278773853 ], [ -46.821266194154347, -23.685708094015887 ], [ -46.821298733523093, -23.685671863945739 ], [ -46.821334971217496, -23.685619517776711 ], [ -46.821386375954432, -23.685543787246015 ], [ -46.821428174498784, -23.685475303052712 ], [ -46.821477975775814, -23.685418282511847 ], [ -46.821521982821828, -23.68536765080664 ], [ -46.821540896998833, -23.685331671289973 ], [ -46.821542236436869, -23.685286869003203 ], [ -46.821557055284018, -23.685238386604638 ], [ -46.82159168031712, -23.685211161483796 ], [ -46.821639758434763, -23.685178360343389 ], [ -46.821697639600984, -23.685145443843926 ], [ -46.821747851462099, -23.68511803529077 ], [ -46.821768949106428, -23.6850981026417 ], [ -46.821795631400668, -23.68506374730547 ], [ -46.821830032128901, -23.685020361896026 ], [ -46.821856665541645, -23.684982485604682 ], [ -46.821862026305489, -23.68494485963188 ], [ -46.8218246216192, -23.684913064315932 ], [ -46.82178381585932, -23.684911738564395 ], [ -46.821746734343968, -23.684903235642825 ], [ -46.821719157798192, -23.684873130564462 ], [ -46.821685352506798, -23.684818086937465 ], [ -46.821661326152423, -23.684768255673379 ], [ -46.821648990485102, -23.684720092762841 ], [ -46.821648990148709, -23.684649391451451 ], [ -46.821646259310029, -23.684593891896956 ], [ -46.821641741044061, -23.68454383109766 ], [ -46.82163925944073, -23.684506297399118 ], [ -46.821666041854506, -23.684479164543088 ], [ -46.821716674300539, -23.684482090323499 ], [ -46.821772968703925, -23.684483233852802 ], [ -46.821843161441478, -23.684496764883797 ], [ -46.821903549914211, -23.684510320957571 ], [ -46.821956367195064, -23.684529383827766 ], [ -46.822020827221458, -23.684553727390632 ], [ -46.822094991015732, -23.684577866430111 ], [ -46.822161386638882, -23.684600381244298 ], [ -46.822220086747706, -23.684626508121767 ], [ -46.822268836010643, -23.684642097238093 ], [ -46.822327187856899, -23.684643126050858 ], [ -46.822369607079509, -23.684619420846545 ], [ -46.822394501720808, -23.684590504182975 ], [ -46.822395816769678, -23.684551029615342 ], [ -46.822368067263284, -23.684508465925962 ], [ -46.822332400188174, -23.684460577697486 ], [ -46.822293082855943, -23.684425193187842 ], [ -46.822257539860409, -23.684386242723772 ], [ -46.822216114140019, -23.684340228149104 ], [ -46.822166894900597, -23.684297826804677 ], [ -46.82212177102182, -23.684267928307815 ], [ -46.822082528965083, -23.684237960576962 ], [ -46.822058725561199, -23.684204199333255 ], [ -46.822048425577265, -23.68416143022441 ], [ -46.822045694595282, -23.684105930683387 ], [ -46.822048945623109, -23.684057584378007 ], [ -46.822048424520496, -23.68402002761778 ], [ -46.822075156645994, -23.683989283473686 ], [ -46.822108142596626, -23.683985283465425 ], [ -46.822151231863067, -23.68400987848786 ], [ -46.82219635565496, -23.684039776982111 ], [ -46.822264859441773, -23.684072921812792 ], [ -46.822313686448275, -23.68403054036045 ], [ -46.822318772690444, -23.683973142913146 ], [ -46.822352815253538, -23.683861588588616 ], [ -46.82236622116568, -23.683810233304591 ], [ -46.82238665986948, -23.683792294838018 ], [ -46.822455816158225, -23.683759425968887 ], [ -46.822484261297703, -23.683724959485691 ], [ -46.822519031632254, -23.683665858194292 ], [ -46.822565548069448, -23.683661879415382 ], [ -46.8226005451452, -23.683619118906364 ], [ -46.822642699312659, -23.683583407475197 ], [ -46.822656659224734, -23.683564913175168 ], [ -46.822665234737649, -23.683554067072492 ], [ -46.82267111303954, -23.683546683946069 ], [ -46.822683292123706, -23.683527036767611 ], [ -46.822691330159167, -23.683505722724622 ], [ -46.822698580197539, -23.683484147071518 ], [ -46.822707701564219, -23.683463181456322 ], [ -46.822718698017624, -23.683443096720698 ], [ -46.822731173680246, -23.683423626638483 ], [ -46.82274345202746, -23.683404068582874 ], [ -46.822766103939671, -23.683383124268147 ], [ -46.822781366050727, -23.683359558085968 ], [ -46.822793886808995, -23.683343338102762 ], [ -46.822807983552046, -23.683327641337321 ], [ -46.822821845670369, -23.683302105134779 ], [ -46.822836262124262, -23.683274124429296 ], [ -46.822850722715941, -23.683242260501039 ], [ -46.822861823991126, -23.683208539917889 ], [ -46.822874127928017, -23.683176701378276 ], [ -46.822892496445931, -23.683129712107085 ], [ -46.822911070754913, -23.683090485815274 ], [ -46.822933843733722, -23.683057079289352 ], [ -46.822969495829589, -23.683033273028709 ], [ -46.823011465911662, -23.68300550967086 ], [ -46.823040475384978, -23.682962277800208 ], [ -46.823054736352482, -23.682923102279503 ], [ -46.823056351575296, -23.682884075651952 ], [ -46.82303042066571, -23.682845373355768 ], [ -46.822991773584043, -23.682808807270757 ], [ -46.822944722356297, -23.682774236324249 ], [ -46.822893592505359, -23.682749555578766 ], [ -46.822840386237282, -23.682730678166198 ], [ -46.822791330352366, -23.682700013472001 ], [ -46.822742177713977, -23.682669440195369 ], [ -46.822705524503995, -23.682621112156486 ], [ -46.822687970345733, -23.682578428481456 ], [ -46.822689613247107, -23.682541388024156 ], [ -46.822701826665302, -23.682510092334841 ], [ -46.822722621200619, -23.682482488036051 ], [ -46.822751810146073, -23.682445123306696 ], [ -46.822774501618646, -23.682405848563331 ], [ -46.822803349409078, -23.68235097053272 ], [ -46.822823982251798, -23.682311720018149 ], [ -46.822836130747021, -23.68226868668151 ], [ -46.822864002999054, -23.682157656383147 ], [ -46.822905850545403, -23.68201512904508 ], [ -46.822881251061553, -23.681846295350283 ], [ -46.822828472752313, -23.681851160568353 ], [ -46.822788823284625, -23.681841243358278 ], [ -46.822714632378791, -23.681779722590449 ], [ -46.822645957728312, -23.681712990011835 ], [ -46.822666196293319, -23.681546427617818 ], [ -46.822714404025859, -23.681353530904659 ], [ -46.822809265328218, -23.681279636116198 ], [ -46.822815236463036, -23.681243628247476 ], [ -46.822820805167545, -23.681213945795257 ], [ -46.822867401027089, -23.681152176966204 ], [ -46.822885197535093, -23.681134630738615 ], [ -46.822904512358306, -23.681113454818071 ], [ -46.822925515913099, -23.681100927374406 ], [ -46.82294809793067, -23.681089103708395 ], [ -46.822974520849932, -23.681071455913862 ], [ -46.822993915849224, -23.681056057945742 ], [ -46.823010877981062, -23.681034909711663 ], [ -46.823030926864128, -23.681010113318052 ], [ -46.823050211569871, -23.680986770645763 ], [ -46.823074291818983, -23.680969872780256 ], [ -46.823099990629785, -23.680956567671174 ], [ -46.823124181148778, -23.680947614496301 ], [ -46.823153036881614, -23.680935716936037 ], [ -46.823179519897046, -23.680922402581096 ], [ -46.82320049331549, -23.680907708367663 ], [ -46.823216721305869, -23.680890180573623 ], [ -46.823231310669222, -23.680867615529387 ], [ -46.823241988956497, -23.680845818898799 ], [ -46.823244764889246, -23.680819781135725 ], [ -46.823245218242405, -23.680795937809933 ], [ -46.823244897402894, -23.680772825963199 ], [ -46.823242163749782, -23.680745408346734 ], [ -46.823233960619326, -23.680719499857304 ], [ -46.82321949376967, -23.680694387482426 ], [ -46.82319959755214, -23.680673673212709 ], [ -46.823185200895409, -23.680653616550476 ], [ -46.82315911114901, -23.680638754104969 ], [ -46.823131513125084, -23.680628243592867 ], [ -46.823115538022066, -23.680607483144321 ], [ -46.823097220295494, -23.680587472638322 ], [ -46.823077424365657, -23.680573980803402 ], [ -46.823050540403692, -23.680558405325399 ], [ -46.823024480765319, -23.680545709590881 ], [ -46.823003096363848, -23.680530791720244 ], [ -46.822987161391907, -23.680512920237586 ], [ -46.822971980568099, -23.680492872784551 ], [ -46.822946685118382, -23.680478723312451 ], [ -46.822922938060053, -23.680463110880822 ], [ -46.82290226773118, -23.680443128044761 ], [ -46.822880853287742, -23.68042604341899 ], [ -46.82286955347967, -23.680403060812868 ], [ -46.822852754133663, -23.680379420582621 ], [ -46.82283833751552, -23.680357919391337 ], [ -46.822827841985486, -23.680336372040298 ], [ -46.822818130675621, -23.68031481545674 ], [ -46.822810772018343, -23.680293231177739 ], [ -46.822808008401843, -23.680263646809497 ], [ -46.822804490641687, -23.680236238408806 ], [ -46.822799414475121, -23.680209570716151 ], [ -46.822795082432847, -23.680180004809959 ], [ -46.822789171938489, -23.680149735120661 ], [ -46.822784900041796, -23.680124502686425 ], [ -46.822780598077024, -23.680097103515504 ], [ -46.822776225951237, -23.680064648626018 ], [ -46.822774226519314, -23.680033610533364 ], [ -46.822774619825999, -23.680005433728727 ], [ -46.822781256779216, -23.679975016337671 ], [ -46.82280126546685, -23.679947330996008 ], [ -46.822819876117286, -23.679931942287894 ], [ -46.822846278786479, -23.679912850035095 ], [ -46.82287590851783, -23.679900221060425 ], [ -46.822896911889913, -23.679887693630523 ], [ -46.822916246590225, -23.679867962207538 ], [ -46.822938798332345, -23.679853971817838 ], [ -46.822960595928578, -23.679842157393466 ], [ -46.82298241356942, -23.679831787457058 ], [ -46.823008011931485, -23.679811259920541 ], [ -46.823020178414154, -23.679783666877608 ], [ -46.823026021064607, -23.67975253646641 ], [ -46.823031089524477, -23.679722137532867 ], [ -46.823033905589959, -23.679698988750449 ], [ -46.823038280055378, -23.67967509925769 ], [ -46.823042644494933, -23.679650487519471 ], [ -46.823044606173347, -23.67962229225154 ], [ -46.823046557826764, -23.679593374738118 ], [ -46.823050902213964, -23.67956731850887 ], [ -46.823057619284427, -23.679542679072849 ], [ -46.823065934849922, -23.679520187907773 ], [ -46.82307662309681, -23.679499113535456 ], [ -46.823084134395913, -23.679475187111432 ], [ -46.823086880276712, -23.679446982610465 ], [ -46.823099136937195, -23.679425889771764 ], [ -46.823112147730342, -23.679402620963373 ], [ -46.823126002879356, -23.679383676393687 ], [ -46.823139677574893, -23.679351731405994 ], [ -46.823146294370325, -23.679319869513314 ], [ -46.823146707656029, -23.679293137201096 ], [ -46.823146306656916, -23.679264247385451 ], [ -46.823150630968009, -23.679236746663445 ], [ -46.823161269055959, -23.67921206105984 ], [ -46.82316954448622, -23.679186680909105 ], [ -46.823169937718625, -23.679158504105914 ], [ -46.823167264289268, -23.679135419952047 ], [ -46.823163012417787, -23.679111632018351 ], [ -46.823148949043791, -23.679059065061807 ], [ -46.823146702860683, -23.678974936166064 ], [ -46.823116898675892, -23.678925534274516 ], [ -46.823104614636996, -23.678817504966521 ], [ -46.823104306851697, -23.678752947354742 ], [ -46.823037915960946, -23.678716436942739 ], [ -46.822956538796632, -23.678702135006489 ], [ -46.822915941354736, -23.678694486324144 ], [ -46.82278929195062, -23.678695977154383 ], [ -46.822697512476168, -23.678659765434443 ], [ -46.822639288883245, -23.678632459142786 ], [ -46.822630949797464, -23.678589666953162 ], [ -46.822631105136729, -23.678487811854104 ], [ -46.822667192360612, -23.678403592930287 ], [ -46.822715886948913, -23.678323559789391 ], [ -46.822760936358982, -23.678228129018983 ], [ -46.822788021411007, -23.678173452349224 ], [ -46.822836511331026, -23.678085746471918 ], [ -46.822865322893669, -23.67803538364965 ], [ -46.82289097883185, -23.677983703536903 ], [ -46.823015855127196, -23.677932209853783 ], [ -46.823052221170734, -23.677903428975714 ], [ -46.823092023878729, -23.677825577205287 ], [ -46.823134299724856, -23.677749321628554 ], [ -46.823190851132999, -23.677663236362456 ], [ -46.82326297061779, -23.677582746696078 ], [ -46.823326579802931, -23.677524840764075 ], [ -46.823387598229964, -23.677449809179489 ], [ -46.823455485572943, -23.67738228151094 ], [ -46.823579145991559, -23.677292697052604 ], [ -46.823632251141802, -23.677269136665096 ], [ -46.823691884082081, -23.677235566890534 ], [ -46.823803916329076, -23.677198219661935 ], [ -46.824044098587329, -23.677182839810374 ], [ -46.824112691072955, -23.677208488439305 ], [ -46.824163600038091, -23.677238589220259 ], [ -46.824214084796502, -23.677252261215152 ], [ -46.82425737957913, -23.677235317450453 ], [ -46.824298434032038, -23.677205307231084 ], [ -46.824312300762614, -23.677166045966729 ], [ -46.82433590349401, -23.677121884351891 ], [ -46.824363026091874, -23.67708409224241 ], [ -46.824384311086547, -23.677049529238605 ], [ -46.824411762837947, -23.677014261515492 ], [ -46.824439114265076, -23.676971771337445 ], [ -46.824455752981528, -23.676941506946683 ], [ -46.824497381212957, -23.676924582754463 ], [ -46.824534591629082, -23.676921345206264 ], [ -46.824578746299849, -23.676931028371566 ], [ -46.824675528188756, -23.676960407921076 ], [ -46.824783910662546, -23.67699913173325 ], [ -46.824862967164975, -23.677051113277845 ], [ -46.824907592100487, -23.677144043153824 ], [ -46.824967020563669, -23.677173411200808 ], [ -46.825003554700778, -23.677177946909651 ], [ -46.825058426277735, -23.677161588861154 ], [ -46.825088310540238, -23.677139114303611 ], [ -46.825141197246886, -23.677092801552266 ], [ -46.825195622202521, -23.677044303565715 ], [ -46.825232242685615, -23.677012720052527 ], [ -46.825242352108482, -23.676999417776543 ], [ -46.825252229101892, -23.676983499673444 ], [ -46.825252548978852, -23.676957129652482 ], [ -46.825229575785329, -23.67691956665222 ], [ -46.825181494933481, -23.676867220231642 ], [ -46.825135704684705, -23.676831551444572 ], [ -46.825114015524946, -23.676808781734366 ], [ -46.825110398153448, -23.676781284273012 ], [ -46.825122375611656, -23.676747192050826 ], [ -46.82515915714734, -23.67670603534819 ], [ -46.82526101921156, -23.676614178258376 ], [ -46.825334655585337, -23.676558320468811 ], [ -46.825376213316893, -23.676536340340661 ], [ -46.825425835354139, -23.67651616135019 ], [ -46.82547829881868, -23.676495858555963 ], [ -46.825522430221476, -23.676475653961027 ], [ -46.825561743212752, -23.676461465648224 ], [ -46.825596113590535, -23.676444355843085 ], [ -46.825630590605044, -23.676434919880268 ], [ -46.825671739361646, -23.676432899774941 ], [ -46.825726269414943, -23.676441376760312 ], [ -46.825821790629952, -23.676471763710495 ], [ -46.825883410915004, -23.676489547765257 ], [ -46.825943158432146, -23.676520717588794 ], [ -46.825981058465359, -23.676524785493076 ], [ -46.826015598213147, -23.676519863473079 ], [ -46.82611343635002, -23.676448911529697 ], [ -46.826196494099911, -23.676379668841843 ], [ -46.82627634445906, -23.676319493471638 ], [ -46.826355850956162, -23.676227538155654 ], [ -46.826401437653736, -23.676192146539645 ], [ -46.826445484698006, -23.67616589289937 ], [ -46.826468112454805, -23.676129237010873 ], [ -46.826516883545786, -23.676097239030984 ], [ -46.826540508868106, -23.676153485277318 ], [ -46.82659603872137, -23.67619156703956 ], [ -46.826684326552176, -23.676202354387627 ], [ -46.826759985444042, -23.676228550563067 ], [ -46.826817638978149, -23.67628538861975 ], [ -46.826877087312603, -23.676330286496214 ], [ -46.826960635397633, -23.676402078938501 ], [ -46.827005051271968, -23.676423496722315 ], [ -46.827033277800602, -23.676472194084099 ], [ -46.827069732929914, -23.676555648354906 ], [ -46.827196588237918, -23.676703048671545 ], [ -46.827378650446335, -23.676837065804797 ], [ -46.827462308758882, -23.676874454130346 ], [ -46.827552439620035, -23.676862645381568 ], [ -46.827624016720172, -23.676785681746377 ], [ -46.82770845982553, -23.676738544277157 ], [ -46.827822835472034, -23.676679495685715 ], [ -46.828044265992446, -23.676577828125357 ], [ -46.828133643947851, -23.676526027126197 ], [ -46.828267517200125, -23.676452029929642 ], [ -46.828578115988911, -23.676227229735417 ], [ -46.829404048836608, -23.675632091335665 ], [ -46.830014752624088, -23.675168794977449 ], [ -46.83040239495795, -23.674851882830705 ], [ -46.830656291716082, -23.674639126116087 ], [ -46.830982724596019, -23.674305960640034 ], [ -46.831186162952228, -23.674081519510231 ], [ -46.831409891134349, -23.673793541284294 ], [ -46.831705405275521, -23.673331437330294 ], [ -46.831867985570561, -23.673024497331255 ], [ -46.832029614726899, -23.672649395568936 ], [ -46.832139332881859, -23.672348137126637 ], [ -46.832222620501113, -23.672056762569657 ], [ -46.832301728915397, -23.671648505140823 ], [ -46.832344809170969, -23.671321126907319 ], [ -46.832361209248518, -23.670901331115633 ], [ -46.832369084275996, -23.670784125081656 ], [ -46.832363133280097, -23.670357370058277 ], [ -46.832318674441758, -23.67001639950568 ], [ -46.83223728353255, -23.669592974763201 ], [ -46.83213699144715, -23.669142775217132 ], [ -46.831986740996058, -23.6686249934884 ], [ -46.83179465797366, -23.668144275778044 ], [ -46.831480595111437, -23.667274653501938 ], [ -46.831307143248722, -23.66680102856802 ], [ -46.830971372642409, -23.665892653839535 ], [ -46.830709673122342, -23.665163993416034 ], [ -46.830443127828843, -23.664474306884198 ], [ -46.829997610980115, -23.663286768389941 ], [ -46.8298459184454, -23.662854329631859 ], [ -46.829654767827677, -23.662249170080781 ], [ -46.829581890160739, -23.661957383330392 ], [ -46.829496902159882, -23.66156316394796 ], [ -46.82947462465544, -23.661406403298518 ], [ -46.829429451619454, -23.661090722180944 ], [ -46.829394134450034, -23.660652032611832 ], [ -46.829393314670433, -23.660395874213133 ], [ -46.829407595755946, -23.659900525554402 ], [ -46.829437280450009, -23.659561115788257 ], [ -46.829487457031476, -23.659172704541131 ], [ -46.829551776930423, -23.658842637718323 ], [ -46.829674962150776, -23.658375258842874 ], [ -46.830118157232484, -23.657108869045043 ], [ -46.830352335224923, -23.656425456358811 ], [ -46.830392943261863, -23.656300549630814 ], [ -46.830491020023885, -23.655931076149908 ], [ -46.830555778772798, -23.65563278779576 ], [ -46.830592245846262, -23.655400568683785 ], [ -46.830647535989961, -23.654992502612895 ], [ -46.830671623261289, -23.654638530893038 ], [ -46.830673551139093, -23.654389744213379 ], [ -46.83067707457807, -23.654072494741076 ], [ -46.830669028716592, -23.653494518398194 ], [ -46.830619993212416, -23.651880163493239 ], [ -46.830615205781491, -23.651719313530933 ], [ -46.830564850279153, -23.650573336434988 ], [ -46.830549476058053, -23.650187053372864 ], [ -46.830888039916722, -23.650053390190131 ], [ -46.831011410366379, -23.649959199400648 ], [ -46.83114070863224, -23.649868369717435 ], [ -46.831264884158401, -23.649782747299064 ], [ -46.83133215975591, -23.649735901760337 ], [ -46.831428793739676, -23.649692682306412 ], [ -46.831507158736024, -23.649646789212209 ], [ -46.831586727323455, -23.649595825313202 ], [ -46.831629361102266, -23.649553243837499 ], [ -46.831634095393362, -23.649548311938247 ], [ -46.83166703564239, -23.649513520114478 ], [ -46.831702811572612, -23.649464157207198 ], [ -46.831730051171768, -23.649421215852868 ], [ -46.831777627201738, -23.649318258578056 ], [ -46.831797418487803, -23.649275405236573 ], [ -46.831831737956527, -23.649212966676757 ], [ -46.831878136747498, -23.649131062127477 ], [ -46.83190705597432, -23.649075008056872 ], [ -46.831931351282392, -23.649003658405299 ], [ -46.831957555149394, -23.648935627125049 ], [ -46.831979201665987, -23.64885004209307 ], [ -46.832006674053318, -23.648739376364361 ], [ -46.832023104760907, -23.64863118881707 ], [ -46.832042008152499, -23.648524597360762 ], [ -46.832039697579063, -23.648407962955002 ], [ -46.832029470757199, -23.648349301491866 ], [ -46.831913279747333, -23.64835356417607 ], [ -46.831666159557962, -23.648359554578295 ], [ -46.831507226639751, -23.648349332976697 ], [ -46.831074853288477, -23.648292137299386 ], [ -46.830535615858523, -23.648176878291007 ], [ -46.829997982490831, -23.648057083641895 ], [ -46.82966084871871, -23.64936438903203 ], [ -46.829529153590506, -23.649790332473838 ], [ -46.829197853146091, -23.65072121647616 ], [ -46.828880122798886, -23.651493380841536 ], [ -46.828619749877099, -23.651998947628147 ], [ -46.828276567773493, -23.652647074316778 ], [ -46.828007510192528, -23.653106421076746 ], [ -46.827104922983821, -23.654468427743197 ], [ -46.826803120049647, -23.654857367043665 ], [ -46.825992590677693, -23.65598902247384 ], [ -46.825624621077594, -23.656569082470789 ], [ -46.825226517419011, -23.657266519734517 ], [ -46.824823358728693, -23.657988485763443 ], [ -46.824596616198448, -23.658440015189026 ], [ -46.82450886539781, -23.658650714802612 ], [ -46.824508866650639, -23.658650805083461 ], [ -46.824497658338238, -23.658648408777982 ], [ -46.824473198521055, -23.658644723768706 ], [ -46.824448827946256, -23.658640405635559 ], [ -46.824422068782937, -23.658633497049049 ], [ -46.824389481885568, -23.658623406430031 ], [ -46.824365637997538, -23.658614657597887 ], [ -46.824334389436373, -23.658602113228582 ], [ -46.824304722832913, -23.658590543479768 ], [ -46.8242758816586, -23.65858194376225 ], [ -46.824251033876479, -23.658571491113889 ], [ -46.824224915716002, -23.658561324303776 ], [ -46.824193909547347, -23.658552117988663 ], [ -46.824163589457932, -23.658542903590462 ], [ -46.824132922421789, -23.65853694391236 ], [ -46.82410674509434, -23.658529576941955 ], [ -46.824077644982523, -23.65852350851145 ], [ -46.824049955851237, -23.658520222630141 ], [ -46.824022642481594, -23.658515758477598 ], [ -46.823992506841435, -23.658512772271145 ], [ -46.823962095956716, -23.65851114373287 ], [ -46.823934603782128, -23.658514988866113 ], [ -46.823908697311396, -23.658520079468651 ], [ -46.823882834996141, -23.65852128683559 ], [ -46.823854229631237, -23.658522616780019 ], [ -46.823824616605947, -23.658521972075654 ], [ -46.823797352081797, -23.658521028837374 ], [ -46.823771117758021, -23.658523685294149 ], [ -46.823746100888009, -23.658529307173325 ], [ -46.82372358688098, -23.658538692007827 ], [ -46.823696918849464, -23.658545416859873 ], [ -46.823572740663892, -23.658568188051934 ], [ -46.823548018148905, -23.658566763376637 ], [ -46.823519514876786, -23.658561319886019 ], [ -46.823495133413559, -23.658549146008387 ], [ -46.823468012660967, -23.658537365544305 ], [ -46.823442098440168, -23.658520694913072 ], [ -46.823417636858274, -23.658502743044522 ], [ -46.82339667327058, -23.658489625974585 ], [ -46.823373439163149, -23.658475361775618 ], [ -46.823353149138924, -23.658461333817051 ], [ -46.823332450799853, -23.658446136816835 ], [ -46.823308502732694, -23.658436937564161 ], [ -46.823279448095455, -23.658427076028612 ], [ -46.82325016489002, -23.658414869490066 ], [ -46.823224943054072, -23.658398642151091 ], [ -46.823199625717351, -23.658382596522628 ], [ -46.823171092812686, -23.658367943157799 ], [ -46.823144217332377, -23.658352638217391 ], [ -46.8231197629663, -23.658342271047356 ], [ -46.823095648069057, -23.658328107462076 ], [ -46.823067078515521, -23.658317878994822 ], [ -46.823036149199872, -23.658307136510331 ], [ -46.823009395541007, -23.658293545729183 ], [ -46.822986936830262, -23.658278640276205 ], [ -46.822971575318668, -23.658259497725698 ], [ -46.822955843048838, -23.658241894561218 ], [ -46.822938126788721, -23.658222599117423 ], [ -46.822920689544986, -23.658202216841051 ], [ -46.822904269089435, -23.658177398113811 ], [ -46.822891315308148, -23.658155157177248 ], [ -46.822875236459844, -23.658133765662644 ], [ -46.822862100435472, -23.658112520119179 ], [ -46.822842102429384, -23.658091264999545 ], [ -46.822824598499245, -23.65807314088639 ], [ -46.822809641594461, -23.658054896514081 ], [ -46.822794389410952, -23.658036565317804 ], [ -46.822772324447193, -23.65801470243208 ], [ -46.822750020529305, -23.657996815362779 ], [ -46.82272618099158, -23.657981294040251 ], [ -46.822707465923834, -23.657960655879652 ], [ -46.82269395292186, -23.657940498301489 ], [ -46.822673282663793, -23.657920244316625 ], [ -46.822654115106921, -23.657902320340963 ], [ -46.822627786542235, -23.657884029112282 ], [ -46.822605799223624, -23.657867763618064 ], [ -46.822587741083737, -23.657852083976209 ], [ -46.822564518436103, -23.657838632171011 ], [ -46.822542003139603, -23.657826707069027 ], [ -46.82251949910976, -23.657815594492117 ], [ -46.822496352810504, -23.657807649814146 ], [ -46.82247488810772, -23.657793725840751 ], [ -46.822452508377751, -23.657784508000798 ], [ -46.822428792796025, -23.657777924442641 ], [ -46.822403962408515, -23.657775778479643 ], [ -46.82238935718776, -23.657761683526697 ], [ -46.822386860602187, -23.657737152462875 ], [ -46.822402090074, -23.657690200195823 ], [ -46.82240582609861, -23.657662706371863 ], [ -46.822404714168989, -23.657639061980674 ], [ -46.822505584017847, -23.657575481358087 ], [ -46.822624040320171, -23.657444062366359 ], [ -46.822896457954009, -23.657161483208878 ], [ -46.823290103799401, -23.656968766217847 ], [ -46.823669491101384, -23.656610342976251 ], [ -46.823415526139343, -23.656491522651656 ], [ -46.823245447315443, -23.656349773105973 ], [ -46.823424207265653, -23.656248073705964 ], [ -46.823539206498175, -23.65588165517865 ], [ -46.823246019401793, -23.655238678153825 ], [ -46.823074551257221, -23.655194554288244 ], [ -46.823005513038524, -23.655036897501898 ], [ -46.822933675395795, -23.655108624653518 ], [ -46.822673514351024, -23.655320448341193 ], [ -46.82218351383851, -23.655590957648343 ], [ -46.822064132112281, -23.655443283102265 ], [ -46.821996733810245, -23.655481728833248 ], [ -46.821638861855973, -23.655560700792464 ], [ -46.821628566517354, -23.655532198065387 ], [ -46.821624880621826, -23.65552086413004 ], [ -46.821546966850491, -23.655359247641091 ], [ -46.821521913348604, -23.655298502203596 ], [ -46.821493408781528, -23.655229219228303 ], [ -46.821475633283193, -23.655184370582099 ], [ -46.82144313012035, -23.655102402892499 ], [ -46.821426879805841, -23.655061509324948 ], [ -46.821423120163999, -23.655044848800721 ], [ -46.821409429493627, -23.65498351830896 ], [ -46.821355770754664, -23.654860353488235 ], [ -46.821332785149608, -23.654807349138398 ], [ -46.821307575864637, -23.654749494946905 ], [ -46.821259180044137, -23.654638277563382 ], [ -46.821216161761519, -23.65453313707572 ], [ -46.821174153638516, -23.65443015179882 ], [ -46.821129310099828, -23.654320608234624 ], [ -46.821082503496413, -23.65421795019742 ], [ -46.821034488374721, -23.654112958651801 ], [ -46.821023483493981, -23.65408274858531 ], [ -46.820998010226454, -23.654012888089841 ], [ -46.820993117092208, -23.653999310923538 ], [ -46.82099130339774, -23.653882489512249 ], [ -46.820989565971772, -23.653771175244938 ], [ -46.820989730697967, -23.653662728090712 ], [ -46.820988702114263, -23.653637999135437 ], [ -46.820988295563758, -23.653559085409 ], [ -46.820971088042839, -23.653519828340563 ], [ -46.820952056400003, -23.653476258505002 ], [ -46.820922247234577, -23.653440129252846 ], [ -46.82083365135734, -23.653370558870382 ], [ -46.820813315692831, -23.653324837235491 ], [ -46.820782006496628, -23.653286558476548 ], [ -46.820705758941358, -23.6532097095712 ], [ -46.820478528152719, -23.652613898344242 ], [ -46.820173978701924, -23.652671020739824 ], [ -46.820029887652126, -23.652784499121918 ], [ -46.820104224765281, -23.653070405625698 ], [ -46.820172258224545, -23.653162882197822 ], [ -46.820080482409232, -23.653097231418847 ], [ -46.819870876350713, -23.652981495617592 ], [ -46.819691911300858, -23.652962016284171 ], [ -46.819441876587497, -23.652984816870735 ], [ -46.819136165903842, -23.652880140773288 ], [ -46.818700970017588, -23.652747276236695 ], [ -46.818555370177599, -23.652659591836365 ], [ -46.818427055922861, -23.652560146608604 ], [ -46.818318669642281, -23.652462815159932 ], [ -46.818283770857519, -23.652377533807798 ], [ -46.818132117650379, -23.65245461967513 ], [ -46.817929860154088, -23.652466112096278 ], [ -46.817552803445572, -23.65244741862244 ], [ -46.817164043369459, -23.65243301505522 ], [ -46.817021315836726, -23.652432521320893 ], [ -46.816878916514789, -23.65244159497519 ], [ -46.816815897537822, -23.652449376805539 ], [ -46.816753516477021, -23.652460762969987 ], [ -46.816691964352422, -23.652475390046771 ], [ -46.816631438420288, -23.652493346020925 ], [ -46.81659841244096, -23.6525080901765 ], [ -46.816566490714756, -23.652524717597199 ], [ -46.816535768753532, -23.652543046572394 ], [ -46.816506345810396, -23.652563166235456 ], [ -46.816478318644613, -23.652584985157169 ], [ -46.816451879528614, -23.652608230197036 ], [ -46.816427030956334, -23.652633081918498 ], [ -46.816403867193948, -23.6526592683297 ], [ -46.816382583008611, -23.652686696852836 ], [ -46.816363079147266, -23.652715278355902 ], [ -46.816345648384385, -23.652744919112425 ], [ -46.816330192714155, -23.652775620271601 ], [ -46.816316903164072, -23.652807018411501 ], [ -46.816305779735544, -23.652839113532604 ], [ -46.816299341438821, -23.65286266592868 ], [ -46.816294476239044, -23.652886561072815 ], [ -46.816291478158014, -23.652910795519418 ], [ -46.816290049435189, -23.652935101870245 ], [ -46.816290384838631, -23.652959387546801 ], [ -46.816292386362292, -23.652983653697635 ], [ -46.816296149520412, -23.653007718611377 ], [ -46.816301575059988, -23.65303149315509 ], [ -46.816404536770449, -23.653431651891378 ], [ -46.816428395541074, -23.653548034599407 ], [ -46.81643103327977, -23.653568681451365 ], [ -46.816432202154196, -23.653589435814752 ], [ -46.816432096931678, -23.653610205110979 ], [ -46.816430619604091, -23.653630990488789 ], [ -46.816427766429818, -23.653651521104212 ], [ -46.816423539902203, -23.653671977519842 ], [ -46.816418034287182, -23.653692087743014 ], [ -46.816411152823626, -23.653711943203582 ], [ -46.816402890523015, -23.653731182776209 ], [ -46.816393545148543, -23.65375007385861 ], [ -46.816317688761806, -23.653878821925094 ], [ -46.816232250662736, -23.654002264494888 ], [ -46.816085180290187, -23.654198485417812 ], [ -46.816026752932949, -23.654276192511194 ], [ -46.815889196525148, -23.654458667099973 ], [ -46.815832246069604, -23.654529765220492 ], [ -46.815770942051891, -23.654597934565103 ], [ -46.815705572260839, -23.654662720277365 ], [ -46.815636331464979, -23.654724029774496 ], [ -46.815596394514543, -23.654756552717089 ], [ -46.815399960740358, -23.654913259969124 ], [ -46.815390079780897, -23.654921773239625 ], [ -46.815380794349494, -23.654930821309161 ], [ -46.81537220120839, -23.654940312748444 ], [ -46.815364203595436, -23.654950338986943 ], [ -46.815356898272917, -23.65496080859538 ], [ -46.815350282748291, -23.654971541011136 ], [ -46.815344458769253, -23.654982805930256 ], [ -46.81533932334208, -23.654994243375505 ], [ -46.815334976968167, -23.655006032761563 ], [ -46.815331515163699, -23.655017992377761 ], [ -46.815314319097347, -23.655078872685987 ], [ -46.81529354485162, -23.655136183068176 ], [ -46.81526863677405, -23.655192277726364 ], [ -46.815239882654787, -23.655246701808135 ], [ -46.815177465984128, -23.655347932294628 ], [ -46.815108529536928, -23.655445536988768 ], [ -46.815033362345631, -23.655539151313381 ], [ -46.81493123258057, -23.655632359011545 ], [ -46.814871912662106, -23.655681000876484 ], [ -46.814799382960523, -23.655653226442329 ], [ -46.814712882839913, -23.655628866222131 ], [ -46.814637306608468, -23.655607628693264 ], [ -46.814551986388338, -23.655583525451842 ], [ -46.814464886273193, -23.655544092686185 ], [ -46.814389524023795, -23.655509940201799 ], [ -46.814314161811559, -23.655475787678217 ], [ -46.814237845244044, -23.655457718973111 ], [ -46.814133599481963, -23.655433114682658 ], [ -46.814077805444164, -23.655417604828941 ], [ -46.814059666310222, -23.655417275386228 ], [ -46.814004209628884, -23.655376478678967 ], [ -46.813938142733896, -23.655326866838845 ], [ -46.813880010871777, -23.65527689120411 ], [ -46.81382172002543, -23.655222492901903 ], [ -46.813778640883775, -23.655176494660392 ], [ -46.813768789825808, -23.655165864731284 ], [ -46.813722525877232, -23.655116382202092 ], [ -46.813712085530597, -23.655105668869563 ], [ -46.813656092252273, -23.655047270583172 ], [ -46.813618101320614, -23.655007714055472 ], [ -46.813613328420537, -23.655002803631024 ], [ -46.813572998648169, -23.654957134332886 ], [ -46.813561745620056, -23.654944353690919 ], [ -46.813540697249245, -23.654917872385887 ], [ -46.813519152267055, -23.654883812023897 ], [ -46.813514241524707, -23.654876013736551 ], [ -46.813484782063369, -23.654829585134188 ], [ -46.813476263334742, -23.654816050120452 ], [ -46.813450289733666, -23.65473806740976 ], [ -46.813428294119781, -23.654671325146715 ], [ -46.813399614039128, -23.654603216358908 ], [ -46.813389225792925, -23.654539408331477 ], [ -46.813330507918927, -23.654546416105063 ], [ -46.813281567792288, -23.654537417353282 ], [ -46.813271055503968, -23.654656550509568 ], [ -46.813264579242485, -23.654677394369333 ], [ -46.813256826379096, -23.654698072573471 ], [ -46.813247691435471, -23.654718044579791 ], [ -46.813237274909334, -23.65473748980428 ], [ -46.813225576800207, -23.654756408246712 ], [ -46.81306637101811, -23.654997103883293 ], [ -46.812901409597025, -23.655296739719809 ], [ -46.812864506063022, -23.655407151984875 ], [ -46.812790151446812, -23.655453169784948 ], [ -46.812744047357278, -23.655479262860812 ], [ -46.812701857390849, -23.655504858660098 ], [ -46.812630828748112, -23.655550386004421 ], [ -46.812589142470628, -23.655576969139933 ], [ -46.812540753273986, -23.655607964872353 ], [ -46.812476923691804, -23.655649525220728 ], [ -46.812462933555636, -23.65565862815129 ], [ -46.812382151392363, -23.655714834098244 ], [ -46.812373797252931, -23.655720349562465 ], [ -46.812317550074162, -23.655757306371356 ], [ -46.812304822837781, -23.655765581855093 ], [ -46.812270910268623, -23.655794331401712 ], [ -46.812224803461575, -23.655820243772581 ], [ -46.812183069732626, -23.655843396111283 ], [ -46.812171120333296, -23.655851211008674 ], [ -46.812142754154934, -23.655869872809998 ], [ -46.812094678674804, -23.655902309480776 ], [ -46.812061235888009, -23.655922475366928 ], [ -46.812047924294262, -23.655931028552036 ], [ -46.812020718020904, -23.655948502921152 ], [ -46.81198224714035, -23.655973693866528 ], [ -46.811919163950975, -23.65601253639176 ], [ -46.811879719155705, -23.656038190180809 ], [ -46.811801912862464, -23.656096979638306 ], [ -46.811760897376054, -23.656122471170701 ], [ -46.811720270180203, -23.656147687265307 ], [ -46.811706468492105, -23.65615624615269 ], [ -46.811638724199099, -23.65619830342553 ], [ -46.811560484364627, -23.656246984679672 ], [ -46.811528992892192, -23.656266495575188 ], [ -46.811517492417906, -23.656271325407587 ], [ -46.811481881037814, -23.656297746955399 ], [ -46.811434158714775, -23.656327380128889 ], [ -46.811398150045903, -23.656346311729116 ], [ -46.811349909271478, -23.656381007518323 ], [ -46.811294344380094, -23.65639637524465 ], [ -46.811237566281974, -23.656416181639067 ], [ -46.81116729863264, -23.656431630868806 ], [ -46.81107932870102, -23.656457129225657 ], [ -46.810971036882705, -23.656473293636498 ], [ -46.811029389328198, -23.65668878051962 ], [ -46.810984244199425, -23.656699150381431 ], [ -46.810933482644685, -23.656707418758419 ], [ -46.81088404619193, -23.656719373773665 ], [ -46.810843304034229, -23.656729150366878 ], [ -46.810833826891383, -23.656731428217519 ], [ -46.810843106595456, -23.656764639034822 ], [ -46.81079796266576, -23.656775099126293 ], [ -46.810750568223717, -23.656785856390211 ], [ -46.810701924505352, -23.656798434159032 ], [ -46.810656348726383, -23.65680600978143 ], [ -46.81063686236007, -23.656729214899745 ], [ -46.810591147349548, -23.656548705367012 ], [ -46.810491757930563, -23.656556458194089 ], [ -46.810393959030186, -23.656565817706511 ], [ -46.810287249715053, -23.65656877992847 ], [ -46.810191001364679, -23.656569723662521 ], [ -46.81018003791084, -23.656570844985634 ], [ -46.810166038630889, -23.656572182361842 ], [ -46.810147880846593, -23.656577631636921 ], [ -46.810124617837587, -23.656582508470233 ], [ -46.810099655272026, -23.656592100549776 ], [ -46.810075528809577, -23.656598341903265 ], [ -46.810054429472004, -23.656603735230313 ], [ -46.81005228567809, -23.656604663231636 ], [ -46.810046816998046, -23.656606171845258 ], [ -46.810004751122847, -23.656619485229008 ], [ -46.809975116532549, -23.656638612950445 ], [ -46.80996442862498, -23.656645509991634 ], [ -46.809930425654976, -23.656660625401472 ], [ -46.809882279391815, -23.656673738881057 ], [ -46.809830939790082, -23.656689869412833 ], [ -46.809733268392741, -23.656694260739012 ], [ -46.809667191350449, -23.656715078131434 ], [ -46.809640232633257, -23.656729208256632 ], [ -46.809609965170274, -23.656745092641753 ], [ -46.809540404296477, -23.656762067931137 ], [ -46.809514336202319, -23.656769686314359 ], [ -46.809469522197524, -23.656782760758876 ], [ -46.809448139950774, -23.656788969974446 ], [ -46.809422061905998, -23.656795866089769 ], [ -46.809330446310597, -23.656820051606129 ], [ -46.80923082240438, -23.656846407379074 ], [ -46.809152392164648, -23.656867097895109 ], [ -46.809072794468364, -23.656888434074556 ], [ -46.809049858921867, -23.656895744923862 ], [ -46.809012166039281, -23.656906298112411 ], [ -46.808923210218239, -23.656931445603039 ], [ -46.808828394848661, -23.65695819647464 ], [ -46.808742315926047, -23.656978705180041 ], [ -46.808727972971361, -23.656983567990299 ], [ -46.808685432910828, -23.656998060412075 ], [ -46.808642502040179, -23.657012647680059 ], [ -46.808586926566043, -23.657027292216274 ], [ -46.808540142219684, -23.657039667026783 ], [ -46.808482498565844, -23.657053613294458 ], [ -46.808451527332053, -23.657061108133249 ], [ -46.80842712900737, -23.657068977741151 ], [ -46.808376771630037, -23.657085276935966 ], [ -46.80835871790589, -23.657091176274442 ], [ -46.808329822258855, -23.657099911014736 ], [ -46.808278180785521, -23.657115502793886 ], [ -46.808264513937232, -23.657119635303822 ], [ -46.808229554036821, -23.657129343751159 ], [ -46.808212852582095, -23.657133782555203 ], [ -46.808177592433921, -23.657143043013793 ], [ -46.808158913382265, -23.657146240741209 ], [ -46.808126644377701, -23.657152035032414 ], [ -46.808073404825585, -23.657158344886046 ], [ -46.808006784987342, -23.657168242088911 ], [ -46.807974687161789, -23.657172228428294 ], [ -46.807906321790959, -23.657190633794734 ], [ -46.807780754722756, -23.657469037082809 ], [ -46.807729959799005, -23.657581867799699 ], [ -46.807688498044861, -23.657674814763709 ], [ -46.807529889625442, -23.658038391436229 ], [ -46.807438658243235, -23.658247497992793 ], [ -46.807391423415254, -23.658355501394631 ], [ -46.807456055282763, -23.658372084395321 ], [ -46.807459006798965, -23.658372862633783 ], [ -46.807565177044459, -23.658401873422171 ], [ -46.807676934040025, -23.658437952359908 ], [ -46.807785269429743, -23.658481836602085 ], [ -46.807910882368738, -23.658541772494345 ], [ -46.808033237511026, -23.658607164060232 ], [ -46.808285991403132, -23.658745437892389 ], [ -46.808341132723228, -23.658777571900519 ], [ -46.808394157546445, -23.658812620064623 ], [ -46.808444868609463, -23.658850494392869 ], [ -46.808476585081145, -23.658875768337843 ], [ -46.808516647578664, -23.6590018056548 ], [ -46.808519744510164, -23.659020280217948 ], [ -46.808515268537178, -23.659044080342831 ], [ -46.808499336335501, -23.659068826841398 ], [ -46.807695394577941, -23.659253021107698 ], [ -46.807564555982808, -23.659290756190948 ], [ -46.807435564683132, -23.659334519462998 ], [ -46.807072454429793, -23.659483228410359 ], [ -46.807045671025136, -23.659495911337402 ], [ -46.806708495933179, -23.659655874925328 ], [ -46.806743359888692, -23.659731858990412 ], [ -46.806800358652772, -23.659849211486016 ], [ -46.806806699712041, -23.659861237234914 ], [ -46.806913018742904, -23.659908125322893 ], [ -46.806957102188555, -23.659934519509275 ], [ -46.806999258900433, -23.659963374148315 ], [ -46.807039486398054, -23.659994508678103 ], [ -46.807077392631179, -23.660027927672303 ], [ -46.807113073131141, -23.660063449426097 ], [ -46.807146329390356, -23.66010089566381 ], [ -46.807325462064298, -23.660331589877501 ], [ -46.807378455226939, -23.660399958019148 ], [ -46.807436109632249, -23.660465111401034 ], [ -46.807498029505844, -23.660526783746263 ], [ -46.807564113110971, -23.660584705348096 ], [ -46.807633964669748, -23.660638609930061 ], [ -46.808091228191465, -23.660934954106686 ], [ -46.808122034451898, -23.660958161907185 ], [ -46.80815129858447, -23.660983283915847 ], [ -46.808178623568821, -23.661009963582181 ], [ -46.808204108660135, -23.661038290044988 ], [ -46.808227652119434, -23.661067993604135 ], [ -46.808249056677376, -23.661098986266587 ], [ -46.80826822431969, -23.661131269177137 ], [ -46.808285150078014, -23.661164481210154 ], [ -46.808299737179404, -23.661198713791965 ], [ -46.808311981896829, -23.661233696078401 ], [ -46.808321686959559, -23.661269340076316 ], [ -46.808328947895674, -23.661305464079117 ], [ -46.808330104760465, -23.661346806200676 ], [ -46.808335848222967, -23.661557670903147 ], [ -46.808287724562042, -23.661551189453959 ], [ -46.808143534776306, -23.661637569958309 ], [ -46.808036681681514, -23.661701662988555 ], [ -46.808037735971922, -23.661785445490956 ], [ -46.807997765021199, -23.661801533146821 ], [ -46.807978226930523, -23.661820723322332 ], [ -46.807946572335624, -23.661842763763588 ], [ -46.807896927904075, -23.66187539816687 ], [ -46.807882274280708, -23.661886224093511 ], [ -46.807812224315974, -23.661924875519986 ], [ -46.807780408334061, -23.661942312709851 ], [ -46.807713955037322, -23.661978755022552 ], [ -46.807662527615349, -23.662010055716049 ], [ -46.807621112461149, -23.662035189742987 ], [ -46.807574447968712, -23.662063545365164 ], [ -46.807520103635206, -23.662096595670722 ], [ -46.807505613708052, -23.662105071954812 ], [ -46.807492484807348, -23.662112719694843 ], [ -46.80741361087302, -23.66215842669348 ], [ -46.807367416501009, -23.662185332034742 ], [ -46.807309744536887, -23.662218782272639 ], [ -46.807209962439401, -23.662276742447634 ], [ -46.807170970202442, -23.662306994981098 ], [ -46.807069415116253, -23.662385743866146 ], [ -46.807029161034897, -23.662416914045401 ], [ -46.807002099164961, -23.662437907484222 ], [ -46.80698559057106, -23.662449296743045 ], [ -46.806949757011537, -23.662474004320966 ], [ -46.806898288273892, -23.662509458882273 ], [ -46.806856725175692, -23.662538115993645 ], [ -46.80681894864567, -23.662564110348374 ], [ -46.806806809731192, -23.662572468858428 ], [ -46.806740677185388, -23.662618026951328 ], [ -46.806699599127597, -23.662646317182723 ], [ -46.80666192054894, -23.662672310359664 ], [ -46.806581415709125, -23.662727787965324 ], [ -46.806534393418936, -23.6627658091566 ], [ -46.806511980275616, -23.662775551587725 ], [ -46.806412091931485, -23.662818703949604 ], [ -46.806325786656103, -23.662858718117377 ], [ -46.806238893235708, -23.662898739096036 ], [ -46.80618658296271, -23.662922916225114 ], [ -46.806136416595237, -23.662946165383254 ], [ -46.806038026762728, -23.662984243460333 ], [ -46.805939734884582, -23.663022320335713 ], [ -46.805881641610277, -23.663046564774039 ], [ -46.805803663609005, -23.663079077316098 ], [ -46.80574950332813, -23.66309704542973 ], [ -46.805715473386698, -23.663110354398974 ], [ -46.805635322845461, -23.663141718329737 ], [ -46.805555658619369, -23.663172805664786 ], [ -46.805444012753135, -23.663216455633727 ], [ -46.805398389607582, -23.663235046515158 ], [ -46.805219503684334, -23.663300789749385 ], [ -46.805058983248415, -23.663526052811584 ], [ -46.805045027554677, -23.663552040119793 ], [ -46.805038596812324, -23.663569181025025 ] ] ] } },
{ "type": "Feature", "properties": { "nome": "DOM JOSE-SANTO EDUARDO", "codigo": 2, "regiao": "LESTE", "populacao_2010": 17827, "mulheres_2010": 9274, "homens_2010": 8553, "domicilios": 5382, "populacao_2015": 18801, "area_km2": 1.05, "densidade_2015": 17916.73, "fonte_cartografica": "Base oficial de Limites Administrativos de Embu das Artes", "crs_origem": "SIRGAS 2000 / UTM zone 23S (EPSG:31983)", "status_geometria": "oficial", "nota_demografica": "Atributos populacionais da base referem-se principalmente a 2010 e 2015; não devem ser apresentados como dados atuais." }, "geometry": { "type": "Polygon", "coordinates": [ [ [ -46.794973945763417, -23.668187575132521 ], [ -46.794995247576487, -23.668254238007339 ], [ -46.795033307104163, -23.668334792948801 ], [ -46.795138673145182, -23.668483915622957 ], [ -46.795230524207916, -23.668583802659306 ], [ -46.795284844704703, -23.668641865841494 ], [ -46.795315800814862, -23.668711938331732 ], [ -46.795328912186122, -23.668738785023123 ], [ -46.795347458553451, -23.668790309958094 ], [ -46.79535104930536, -23.668866568867919 ], [ -46.795345832478645, -23.668951146836047 ], [ -46.795323675136601, -23.669101747275551 ], [ -46.795316783172481, -23.669156998300867 ], [ -46.795320694619896, -23.669256730575874 ], [ -46.795347542848305, -23.66935619701124 ], [ -46.795390989883096, -23.669457909057236 ], [ -46.795421115808644, -23.669517426442638 ], [ -46.795437321039714, -23.669584148297247 ], [ -46.795440655325727, -23.669641628501392 ], [ -46.795433635113064, -23.669687490181154 ], [ -46.79542070982194, -23.669767552370029 ], [ -46.795396892137688, -23.66988990925844 ], [ -46.795374949470435, -23.669962942539726 ], [ -46.795369717864126, -23.67004643711293 ], [ -46.795376730643468, -23.670093309993888 ], [ -46.795389578959892, -23.670122417129054 ], [ -46.795403033911107, -23.670152871678379 ], [ -46.795469849972456, -23.670285916571885 ], [ -46.795531393900902, -23.670406200443772 ], [ -46.795642188972892, -23.670672645085759 ], [ -46.795681475854707, -23.670749664001587 ], [ -46.795705359164174, -23.670818644501598 ], [ -46.795744710289469, -23.670900358066504 ], [ -46.795799288671688, -23.670977199664755 ], [ -46.795846431193254, -23.671069477846075 ], [ -46.79587520325498, -23.671123141531748 ], [ -46.795887602163589, -23.671191081290623 ], [ -46.795911758376633, -23.671280014094268 ], [ -46.795943401149074, -23.671357211847326 ], [ -46.795979931320829, -23.671419002528733 ], [ -46.796018229459101, -23.671466686456256 ], [ -46.796079195724751, -23.671544627715569 ], [ -46.796146566817562, -23.671624932679105 ], [ -46.79619588992454, -23.671683053389618 ], [ -46.796229727337661, -23.671734310544721 ], [ -46.796248465858945, -23.671799829032274 ], [ -46.796255607445261, -23.671856091177624 ], [ -46.796256860172129, -23.671947727514162 ], [ -46.796257318727832, -23.672074498365536 ], [ -46.79626809067431, -23.672116632165423 ], [ -46.796287750578479, -23.672156315181869 ], [ -46.79633171831383, -23.67220275940651 ], [ -46.796392251880334, -23.672249011488365 ], [ -46.796436044404793, -23.672282635621674 ], [ -46.796480060376375, -23.672332600799205 ], [ -46.796546318825925, -23.672417523571013 ], [ -46.796620622611414, -23.672538742436625 ], [ -46.796642912760078, -23.672584354450279 ], [ -46.796645830472833, -23.672611319228601 ], [ -46.796632914915598, -23.672649032346143 ], [ -46.796580822779767, -23.672754109520497 ], [ -46.796552252159394, -23.672808438164655 ], [ -46.796537859276377, -23.672874340887752 ], [ -46.796528484571212, -23.672934406434138 ], [ -46.796537918201921, -23.672971860313886 ], [ -46.796563805394179, -23.67300090637125 ], [ -46.796601289685206, -23.673039208727683 ], [ -46.796645017105831, -23.67306804782956 ], [ -46.796685955201845, -23.673079311478403 ], [ -46.796715265828965, -23.67307192834981 ], [ -46.796736720280016, -23.673056419379858 ], [ -46.796775854418875, -23.673028966780791 ], [ -46.796794792357559, -23.67301583470276 ], [ -46.796823956788074, -23.67300493169143 ], [ -46.796849442774061, -23.673004636026324 ], [ -46.796873782869433, -23.673013744474975 ], [ -46.796891719368176, -23.67302057950474 ], [ -46.796908574186752, -23.673041513317422 ], [ -46.796924218917532, -23.673067156578952 ], [ -46.796941475042772, -23.673117432055815 ], [ -46.79696403706248, -23.673182906059409 ], [ -46.796983987529266, -23.673243805242365 ], [ -46.796996050182344, -23.673287097847652 ], [ -46.797018243052321, -23.673325577505455 ], [ -46.797264253776419, -23.673965723420892 ], [ -46.79727637276855, -23.673984454728735 ], [ -46.797287927087659, -23.674004908218993 ], [ -46.797301693965096, -23.674022265956346 ], [ -46.797324020119952, -23.67405613889548 ], [ -46.79737959611807, -23.674091070711654 ], [ -46.797454026514814, -23.674121088282426 ], [ -46.797521475016964, -23.674149561512866 ], [ -46.797558630113087, -23.674163758297503 ], [ -46.797592531024634, -23.674190905220122 ], [ -46.79760530449591, -23.67422163831656 ], [ -46.797606401649162, -23.674237337147009 ], [ -46.797631335471991, -23.674261156874792 ], [ -46.797646076919321, -23.674270918372805 ], [ -46.797660267284741, -23.674283395156014 ], [ -46.797669142926217, -23.674301531998974 ], [ -46.797675972420471, -23.674320595554338 ], [ -46.797683450221648, -23.674329718986485 ], [ -46.79769621965135, -23.674345824112443 ], [ -46.797705873748711, -23.674356367024213 ], [ -46.79772320911448, -23.674376572781551 ], [ -46.797734897818934, -23.674392509855412 ], [ -46.797737309693268, -23.674396816084204 ], [ -46.797742875202708, -23.674409483267048 ], [ -46.79774606095809, -23.674420191553089 ], [ -46.797748553133466, -23.674430366111721 ], [ -46.797749888786974, -23.674441998836105 ], [ -46.797756674634755, -23.674465035932286 ], [ -46.797765941544924, -23.674497435048064 ], [ -46.797780710973576, -23.674537896961677 ], [ -46.797821706794316, -23.674589160888036 ], [ -46.797828946144605, -23.674602350414681 ], [ -46.797836586241303, -23.674616167363343 ], [ -46.797847403883878, -23.674632927204975 ], [ -46.797854294806051, -23.674642147736016 ], [ -46.797859810919512, -23.674651203633221 ], [ -46.797865523082187, -23.674660257254377 ], [ -46.797874296234895, -23.674670900676112 ], [ -46.797883467663411, -23.674681990955545 ], [ -46.797892587202448, -23.674689289390709 ], [ -46.797904082798617, -23.674698275872885 ], [ -46.797910698606955, -23.674701720629386 ], [ -46.797919964776483, -23.674705405507289 ], [ -46.797938199337686, -23.674712507829213 ], [ -46.797950402529203, -23.674715887720797 ], [ -46.797967039052097, -23.67472084147872 ], [ -46.797984550380946, -23.674725243301062 ], [ -46.798000266384946, -23.674727408555523 ], [ -46.798008615743917, -23.67472857577415 ], [ -46.798030019626012, -23.6747308555858 ], [ -46.798042864509021, -23.674730977352393 ], [ -46.798055780232666, -23.674729111776262 ], [ -46.798068793980114, -23.674727245061039 ], [ -46.798080430445246, -23.674725033149368 ], [ -46.798091481235772, -23.674723008629073 ], [ -46.798102633757082, -23.674721253815896 ], [ -46.7981136882538, -23.674719500139997 ], [ -46.79812613115304, -23.674718904196137 ], [ -46.798172387468561, -23.674717554483976 ], [ -46.798197039742462, -23.674720789817002 ], [ -46.798220978259998, -23.674729180323595 ], [ -46.79823747435259, -23.674738199016801 ], [ -46.798253101822418, -23.674748221053125 ], [ -46.798269499496314, -23.674764374294682 ], [ -46.79828880374081, -23.674792322603537 ], [ -46.79829843735164, -23.674815687788939 ], [ -46.798313706199394, -23.67487113303017 ], [ -46.79832491567565, -23.674916512216576 ], [ -46.798339939461634, -23.674961215037431 ], [ -46.798356530413933, -23.675005809362379 ], [ -46.798377593760222, -23.675019018931494 ], [ -46.798404571946236, -23.675034597815131 ], [ -46.798458892469917, -23.675078031636811 ], [ -46.798484273937127, -23.675113042753473 ], [ -46.798500049014166, -23.675148165420925 ], [ -46.798514033319101, -23.675188546067805 ], [ -46.798535784677007, -23.675237685553054 ], [ -46.798534790718293, -23.675308308806848 ], [ -46.798537646062215, -23.675373650172716 ], [ -46.798539350124742, -23.675412186905415 ], [ -46.798559091124467, -23.67544338076581 ], [ -46.798571696101824, -23.675476102236274 ], [ -46.798568202771044, -23.675507385325627 ], [ -46.7985787275653, -23.675574353250639 ], [ -46.79858449554208, -23.675608960044762 ], [ -46.798605411961901, -23.675704521507239 ], [ -46.798608267363598, -23.675769862865959 ], [ -46.798603450483697, -23.675840530511898 ], [ -46.798599963337324, -23.675872265010401 ], [ -46.79860049607813, -23.6759111765274 ], [ -46.798597277908094, -23.675948235383416 ], [ -46.798605551789045, -23.675994009812371 ], [ -46.79860025160594, -23.676029377218264 ], [ -46.798598822986413, -23.676061087809369 ], [ -46.798589748022373, -23.676100020609194 ], [ -46.798562395997898, -23.676250501000336 ], [ -46.798565644159297, -23.676280080462476 ], [ -46.798569884937166, -23.676310551359538 ], [ -46.798573558954374, -23.676335430468203 ], [ -46.798579923782725, -23.676370662400341 ], [ -46.798598157225207, -23.676427788788587 ], [ -46.79861218536125, -23.676464195866568 ], [ -46.798626399667896, -23.676499878410254 ], [ -46.798633877294471, -23.676516135193673 ], [ -46.798639006389969, -23.676525556734596 ], [ -46.7986522819904, -23.67654996314111 ], [ -46.798687781101322, -23.676593525137278 ], [ -46.798726403458353, -23.676636057589377 ], [ -46.798737407556615, -23.676652092815196 ], [ -46.798775557490124, -23.676688761481817 ], [ -46.798812461544799, -23.676727521423476 ], [ -46.798817459257421, -23.676734506483669 ], [ -46.798892957367443, -23.676813722332636 ], [ -46.79889452330687, -23.676813523550457 ], [ -46.798904798702402, -23.67681214004531 ], [ -46.799030835223164, -23.676730131695077 ], [ -46.799192839905594, -23.676640030204322 ], [ -46.799437863981154, -23.676534065072985 ], [ -46.799599308605586, -23.676524784837444 ], [ -46.800125707708489, -23.67643297592479 ], [ -46.801070868522629, -23.676343338859823 ], [ -46.801744596131563, -23.676249720776273 ], [ -46.801998972023434, -23.676132446194359 ], [ -46.802483902252483, -23.675848149014239 ], [ -46.802920468399968, -23.675554661453472 ], [ -46.803169027835615, -23.675478086032761 ], [ -46.803506016721506, -23.675287068536349 ], [ -46.804077691727052, -23.675215938881973 ], [ -46.804173113356221, -23.67516092053399 ], [ -46.80431210227713, -23.675237136597296 ], [ -46.804398700606058, -23.675296355187577 ], [ -46.805009061424514, -23.675714717944096 ], [ -46.804903535242218, -23.675383929091353 ], [ -46.804677420422685, -23.67466058343992 ], [ -46.804606430898446, -23.674395849764796 ], [ -46.804613059746892, -23.674178971565102 ], [ -46.804608580272763, -23.674045566104436 ], [ -46.804637734019217, -23.673905448028403 ], [ -46.804760109536701, -23.673685866678611 ], [ -46.805076240253356, -23.672911956854779 ], [ -46.805209608534419, -23.672472195477479 ], [ -46.805432349997297, -23.671894232488917 ], [ -46.8055798437912, -23.671440942377917 ], [ -46.805794776382704, -23.670986956247916 ], [ -46.805945011474229, -23.670647677874303 ], [ -46.806463077035438, -23.669980308294708 ], [ -46.806474974634355, -23.669961478251469 ], [ -46.807333205030034, -23.66900092028688 ], [ -46.807658261374485, -23.668614001179179 ], [ -46.807711086774148, -23.668555866138018 ], [ -46.807393181256707, -23.668094099379267 ], [ -46.806383773427562, -23.66672858654556 ], [ -46.806457738344172, -23.666689257915603 ], [ -46.806569387889915, -23.666631430569343 ], [ -46.80661884208174, -23.666599069612015 ], [ -46.806637567093659, -23.666570588555398 ], [ -46.806647373634171, -23.666513768225979 ], [ -46.806647758162597, -23.666484688389829 ], [ -46.806644950352634, -23.666472982638485 ], [ -46.806598027912102, -23.666290138408716 ], [ -46.806519764730318, -23.666038131602082 ], [ -46.806379852657102, -23.665587379398932 ], [ -46.80635214480138, -23.665468692151766 ], [ -46.806175991589591, -23.664920210307102 ], [ -46.804965003305654, -23.665327383096148 ], [ -46.804270394966458, -23.665573856240982 ], [ -46.804264080865963, -23.665578083402824 ], [ -46.804257966517248, -23.665582579126713 ], [ -46.804252249193802, -23.665587431411399 ], [ -46.804246830878547, -23.665592641398437 ], [ -46.804241808349239, -23.665598117664562 ], [ -46.804237083588816, -23.665603861351318 ], [ -46.804232754614389, -23.66560987131723 ], [ -46.804228820186687, -23.665616057280538 ], [ -46.804225280305715, -23.665622419241288 ], [ -46.804030979651984, -23.66567958205939 ], [ -46.803578420531657, -23.66581243995244 ], [ -46.802912496080801, -23.666006382064097 ], [ -46.802290924049053, -23.66616775024438 ], [ -46.802208349655047, -23.666172683910222 ], [ -46.801871100157292, -23.666193040772079 ], [ -46.801644568179, -23.666216172674783 ], [ -46.801578781959705, -23.666222897284896 ], [ -46.801434079809134, -23.666243993691563 ], [ -46.800931680302796, -23.666317105669648 ], [ -46.800905290582989, -23.666301430000541 ], [ -46.800879862491321, -23.666284388703129 ], [ -46.800855691318695, -23.666266068641576 ], [ -46.800832581029816, -23.666246472095242 ], [ -46.800810825678241, -23.666225595646427 ], [ -46.800772323795655, -23.666184506886786 ], [ -46.800736345658443, -23.66614158285434 ], [ -46.800702795722074, -23.666097005254084 ], [ -46.800621898921946, -23.665981102081908 ], [ -46.800602816403234, -23.665954957345907 ], [ -46.800581981944859, -23.665929735932629 ], [ -46.800559693310362, -23.665905705269591 ], [ -46.800536048517337, -23.665882864216996 ], [ -46.800510950785053, -23.665861304195349 ], [ -46.800352268370958, -23.665742060949327 ], [ -46.800118684884865, -23.665543775585306 ], [ -46.800066018242255, -23.665499149062221 ], [ -46.800034400828082, -23.665473962557208 ], [ -46.800001045080549, -23.665450692465807 ], [ -46.799966246286978, -23.665429425652519 ], [ -46.799930005682668, -23.665410252398448 ], [ -46.79983177017958, -23.665359653873267 ], [ -46.799824359954563, -23.665498615772396 ], [ -46.799819081826179, -23.665829071485014 ], [ -46.799819916843113, -23.665854254468908 ], [ -46.799822514940267, -23.66587932667338 ], [ -46.799826874882342, -23.665904197816289 ], [ -46.79983299543396, -23.665928777615431 ], [ -46.799840875359735, -23.665952975788535 ], [ -46.799850412933893, -23.665976522628089 ], [ -46.799861707411132, -23.665999507276929 ], [ -46.799874462266501, -23.666021752587032 ], [ -46.799888873535821, -23.666043256280364 ], [ -46.800133438267416, -23.666291709417994 ], [ -46.80024210023069, -23.666402053019272 ], [ -46.800260704115374, -23.666421882616998 ], [ -46.800342082968328, -23.667081093411944 ], [ -46.800171739972562, -23.667205695387697 ], [ -46.799500554447313, -23.666515141365235 ], [ -46.799396193545199, -23.666568544874469 ], [ -46.799337571356475, -23.666425473950746 ], [ -46.799161261157373, -23.66639347992216 ], [ -46.799126654250266, -23.666400563762512 ], [ -46.799094262668348, -23.66641908950854 ], [ -46.799054683242787, -23.666442484428764 ], [ -46.799031684458704, -23.666452503520468 ], [ -46.799009588841528, -23.666464047159248 ], [ -46.798971191781746, -23.66648787981083 ], [ -46.798943105535287, -23.666505813753279 ], [ -46.798917071037735, -23.666508915258731 ], [ -46.798876164181294, -23.666528442805582 ], [ -46.798850526292703, -23.666539034294875 ], [ -46.798828156360109, -23.666552025836562 ], [ -46.798806277749172, -23.666565101966675 ], [ -46.798785195635148, -23.66657907180943 ], [ -46.798760026409681, -23.666595256218859 ], [ -46.798733881938745, -23.666611813133571 ], [ -46.798708734940973, -23.666629622612163 ], [ -46.798685769047786, -23.666649212690739 ], [ -46.798659935908738, -23.66666703012854 ], [ -46.798637729436457, -23.666684805455478 ], [ -46.798624578936625, -23.666705274825436 ], [ -46.798609686343916, -23.666727389755586 ], [ -46.798598791491308, -23.666747923231522 ], [ -46.798594979897381, -23.666770270693743 ], [ -46.798592366761319, -23.666794229576691 ], [ -46.798587518971637, -23.666819659146441 ], [ -46.798580721933327, -23.666845924014471 ], [ -46.79857190233696, -23.666874830959596 ], [ -46.798561080362383, -23.666900691074481 ], [ -46.798547197574585, -23.666924961389366 ], [ -46.798534807296932, -23.666950839710509 ], [ -46.79851955965426, -23.666975667647307 ], [ -46.798504386550555, -23.666998779085983 ], [ -46.798489199851637, -23.667020897420866 ], [ -46.798473928719233, -23.667044009995013 ], [ -46.798460323896279, -23.667067103223058 ], [ -46.79844747974365, -23.667088471987746 ], [ -46.798432652978498, -23.667108238432995 ], [ -46.798418205929018, -23.66712709750486 ], [ -46.798400879274737, -23.667143281113027 ], [ -46.798364479337273, -23.667169799334602 ], [ -46.798337571941154, -23.667202257211873 ], [ -46.798311967187423, -23.667236776780452 ], [ -46.798300397237732, -23.66725813074294 ], [ -46.79828881863709, -23.667278852730348 ], [ -46.798278156790509, -23.667302092374232 ], [ -46.798267796408489, -23.66732587029643 ], [ -46.798255859076065, -23.667349034448744 ], [ -46.798232154924897, -23.667386331131841 ], [ -46.798206501502641, -23.667424463106251 ], [ -46.798191371961884, -23.667443600971019 ], [ -46.798159594409718, -23.667478372762762 ], [ -46.798141608721863, -23.667496550515704 ], [ -46.798115335023667, -23.667532341970276 ], [ -46.79809665120073, -23.667563981985843 ], [ -46.798077167958105, -23.667601681137349 ], [ -46.798049966349737, -23.667634142385726 ], [ -46.79801663858472, -23.667655929462597 ], [ -46.797978930832613, -23.667680024779184 ], [ -46.797958053136043, -23.667694624222786 ], [ -46.797938142038539, -23.667708219184743 ], [ -46.797903932853103, -23.667737240181435 ], [ -46.797884889881807, -23.667756965217226 ], [ -46.797867206821032, -23.667775771503997 ], [ -46.79784726437606, -23.667794242825011 ], [ -46.797814010638234, -23.667821446786853 ], [ -46.797790182778087, -23.667849715205314 ], [ -46.797765015985149, -23.667880437162164 ], [ -46.797737826069095, -23.667863596385526 ], [ -46.797703315599342, -23.667849097967519 ], [ -46.797653674378694, -23.667832156530032 ], [ -46.797627184977976, -23.667823524577326 ], [ -46.797599799824603, -23.667813909753736 ], [ -46.797572109503712, -23.667803485798458 ], [ -46.79754272693026, -23.667791185249637 ], [ -46.797516763916576, -23.667778032348245 ], [ -46.797489439754123, -23.667765707903893 ], [ -46.79746096900282, -23.667755563872621 ], [ -46.797434266303163, -23.667745670210454 ], [ -46.797406562425714, -23.667734253120763 ], [ -46.797380207359488, -23.667721104744043 ], [ -46.797353312814217, -23.66770435076484 ], [ -46.79732776708272, -23.667685865499177 ], [ -46.797303409933356, -23.667668269403123 ], [ -46.797280817132531, -23.667650652832982 ], [ -46.797255854596727, -23.66763179960239 ], [ -46.797232274210792, -23.667613652703615 ], [ -46.797207696356992, -23.667594253222969 ], [ -46.797185005562476, -23.667576637774285 ], [ -46.797161040527712, -23.667559037104617 ], [ -46.797138718364408, -23.66753970173967 ], [ -46.797114152883438, -23.667521205063458 ], [ -46.797089881466022, -23.667502704971614 ], [ -46.797064628631894, -23.66748412596408 ], [ -46.797040663629694, -23.667466525273575 ], [ -46.796970542377856, -23.667421558392732 ], [ -46.796859246921677, -23.667326412762282 ], [ -46.796832082706345, -23.667282753471167 ], [ -46.796807522540995, -23.66724312731067 ], [ -46.796824389960271, -23.667214849473382 ], [ -46.796817250200739, -23.667187391869433 ], [ -46.796807024961979, -23.667156538787467 ], [ -46.796790696143553, -23.66713099369171 ], [ -46.79677402462876, -23.667109064426629 ], [ -46.796754407624128, -23.667086808136457 ], [ -46.796728804086165, -23.667064079497717 ], [ -46.796708258748289, -23.667045626418901 ], [ -46.796682990011305, -23.667025873671662 ], [ -46.796659017738783, -23.66700773122006 ], [ -46.796633483346952, -23.666990058363428 ], [ -46.796609579486116, -23.666969747995054 ], [ -46.796585075180019, -23.666948541621469 ], [ -46.796562692211204, -23.66693191576174 ], [ -46.796538588109065, -23.666918470234442 ], [ -46.796510729690695, -23.666902901125791 ], [ -46.796480868950574, -23.66688428515199 ], [ -46.796452074081266, -23.666864753847154 ], [ -46.796421710925117, -23.666845240722523 ], [ -46.796391568494847, -23.666827530961271 ], [ -46.796364305626589, -23.666812496697144 ], [ -46.796335675442329, -23.666797839468533 ], [ -46.796307869434287, -23.666778928743582 ], [ -46.796281996655544, -23.666758009074702 ], [ -46.796255453797151, -23.666738271024744 ], [ -46.796243933128721, -23.666727388436787 ], [ -46.796139633508737, -23.666785394230956 ], [ -46.79600862649918, -23.666976626008744 ], [ -46.795992175378615, -23.667042552570077 ], [ -46.795969975306868, -23.667068002660599 ], [ -46.795918173397453, -23.667144000766534 ], [ -46.79580677354334, -23.667299428277246 ], [ -46.795779200969427, -23.667340652211088 ], [ -46.795754788421689, -23.66738355514282 ], [ -46.79573343294922, -23.667427777081286 ], [ -46.79572480805453, -23.667449457919229 ], [ -46.795717855647403, -23.667471570852062 ], [ -46.795712476476091, -23.667494026733969 ], [ -46.79570876856036, -23.667516824428898 ], [ -46.795706729433952, -23.667539783372515 ], [ -46.795706356630532, -23.667562723000458 ], [ -46.795710402855832, -23.667607734041979 ], [ -46.795561148020063, -23.66758282663897 ], [ -46.795557908457525, -23.667582503002208 ], [ -46.795554766914059, -23.667582178229249 ], [ -46.795551532285465, -23.667582215721101 ], [ -46.79554829765685, -23.667582253212892 ], [ -46.79554516351422, -23.667582470132878 ], [ -46.795541936286426, -23.667583049317674 ], [ -46.795538807077627, -23.667583627366316 ], [ -46.795535778354804, -23.667584384843149 ], [ -46.795532754565777, -23.667585503448709 ], [ -46.795529828795758, -23.667586620918097 ], [ -46.795526905492608, -23.667587918951817 ], [ -46.795524180694422, -23.66758939527767 ], [ -46.795521458363091, -23.667591052167868 ], [ -46.795518934536709, -23.667592887350221 ], [ -46.795516508729314, -23.667594721396419 ], [ -46.795514185874723, -23.667596915435279 ], [ -46.79551205905819, -23.667599107201916 ], [ -46.795510030260644, -23.66760129783243 ], [ -46.795508199968062, -23.667603666755149 ], [ -46.795490327430073, -23.667644507325633 ], [ -46.795482747390139, -23.667663738036712 ], [ -46.795476446530557, -23.667683315107336 ], [ -46.795471620890147, -23.667703236265499 ], [ -46.795468074431241, -23.667723503783414 ], [ -46.795466097511657, -23.66774384340637 ], [ -46.795463079536653, -23.667795618273239 ], [ -46.795463002485739, -23.667797154206578 ], [ -46.795462729396377, -23.667798692412056 ], [ -46.795462357054369, -23.6678001414714 ], [ -46.795461984712361, -23.667801590530757 ], [ -46.795461416331896, -23.667803041862246 ], [ -46.795460749932218, -23.667804494329804 ], [ -46.795459984279873, -23.667805857651235 ], [ -46.795459217394075, -23.66780713069047 ], [ -46.795458254469828, -23.667808406001825 ], [ -46.795457290312136, -23.667809591030991 ], [ -46.795456130115973, -23.667810778332285 ], [ -46.795454968686371, -23.667811875351379 ], [ -46.795453708004104, -23.667812883224347 ], [ -46.795452446088397, -23.66781380081509 ], [ -46.795451084920003, -23.667814629259716 ], [ -46.795449625732381, -23.667815458840387 ], [ -46.795448164077904, -23.667816107856648 ], [ -46.795446604404169, -23.667816758008978 ], [ -46.795445042263594, -23.667817227596885 ], [ -46.795434011726776, -23.667820696412328 ], [ -46.795423185861623, -23.667824794930283 ], [ -46.795412661453838, -23.66782943173256 ], [ -46.795402438503352, -23.667834606819248 ], [ -46.795399909737185, -23.667836080871194 ], [ -46.795397481456973, -23.667837734351476 ], [ -46.795395152429343, -23.667839476977878 ], [ -46.795393021906911, -23.667841397896591 ], [ -46.795390991870434, -23.667843498243624 ], [ -46.795389061086524, -23.667845687736826 ], [ -46.795387327574439, -23.667847965240163 ], [ -46.795385791334198, -23.667850330753605 ], [ -46.795384354346538, -23.667852785413217 ], [ -46.795288444054293, -23.668008303965387 ], [ -46.795214497797623, -23.668128262002405 ], [ -46.795002623958133, -23.668076539319255 ], [ -46.794993018079921, -23.668091007769778 ], [ -46.794979643750303, -23.668138207219158 ], [ -46.794973945763417, -23.668187575132521 ] ] ] } },
{ "type": "Feature", "properties": { "nome": "ENGENHO VELHO", "codigo": 15, "regiao": "CENTRO", "populacao_2010": 2828, "mulheres_2010": 1489, "homens_2010": 1339, "domicilios": 908, "populacao_2015": 3053, "area_km2": 2.27, "densidade_2015": 1342.13, "fonte_cartografica": "Base oficial de Limites Administrativos de Embu das Artes", "crs_origem": "SIRGAS 2000 / UTM zone 23S (EPSG:31983)", "status_geometria": "oficial", "nota_demografica": "Atributos populacionais da base referem-se principalmente a 2010 e 2015; não devem ser apresentados como dados atuais." }, "geometry": { "type": "Polygon", "coordinates": [ [ [ -46.85351879750376, -23.663505855739395 ], [ -46.854364030491368, -23.665404476904701 ], [ -46.854876678615639, -23.666512122046978 ], [ -46.855094382303918, -23.666982658150012 ], [ -46.855348080435704, -23.667704232752119 ], [ -46.855429684877997, -23.667936305278893 ], [ -46.855688507182137, -23.66873583205361 ], [ -46.855946683214398, -23.66983640741983 ], [ -46.856059082031315, -23.670436963025288 ], [ -46.856115763101791, -23.670937869097433 ], [ -46.856154669692629, -23.671270047335632 ], [ -46.856295933488155, -23.672477125017508 ], [ -46.856443832331493, -23.673834372514296 ], [ -46.856532632809092, -23.674512772900371 ], [ -46.85669605747038, -23.67521312296978 ], [ -46.85687796149066, -23.675826568626164 ], [ -46.857022365964973, -23.676235314986595 ], [ -46.857081212316295, -23.676375649014254 ], [ -46.857117735769378, -23.676462615902068 ], [ -46.857117835067974, -23.676462705005559 ], [ -46.857117836344266, -23.676462795284547 ], [ -46.857152423652416, -23.676551500970263 ], [ -46.857177495173609, -23.676605105992511 ], [ -46.857222238110488, -23.676711748722497 ], [ -46.857446315520001, -23.677180397353293 ], [ -46.858072634019663, -23.678521067085725 ], [ -46.858268187536609, -23.679065903515902 ], [ -46.858386123821774, -23.679529683968553 ], [ -46.858418455979404, -23.679701396694618 ], [ -46.858423933922261, -23.679728238623721 ], [ -46.858548609446842, -23.679718976968726 ], [ -46.858678148781145, -23.67970008564803 ], [ -46.858757984836764, -23.679688382329168 ], [ -46.858807689347991, -23.679681284500067 ], [ -46.859160584801835, -23.679663684386668 ], [ -46.8596876628283, -23.679657355223025 ], [ -46.860011885747667, -23.679671249003903 ], [ -46.860118215084732, -23.679661122931936 ], [ -46.86007539775207, -23.679393012176632 ], [ -46.860063363139211, -23.679173200183609 ], [ -46.860109458115211, -23.678932012568822 ], [ -46.860231129298775, -23.67860684645369 ], [ -46.860286986139904, -23.678397325070904 ], [ -46.86041998995254, -23.67792403057901 ], [ -46.860478565838569, -23.677761158552041 ], [ -46.86051660611124, -23.67753279908522 ], [ -46.860541271340225, -23.677336112962859 ], [ -46.860567381017866, -23.677234489227988 ], [ -46.860614971802732, -23.677195903603536 ], [ -46.860683425640268, -23.677169798768915 ], [ -46.860731375714025, -23.677156581450728 ], [ -46.860855357315664, -23.677167732880179 ], [ -46.86141539695975, -23.677357301687312 ], [ -46.861518974388694, -23.677381429299839 ], [ -46.861594827059115, -23.677393158657132 ], [ -46.861684926375112, -23.677372481708353 ], [ -46.861731822737852, -23.677347177337801 ], [ -46.861772102486469, -23.677276986032709 ], [ -46.861831980384949, -23.677136942338123 ], [ -46.861886173323505, -23.677073084910525 ], [ -46.861954625524795, -23.677046889254473 ], [ -46.862574274186144, -23.677077451562781 ], [ -46.862711539252594, -23.677050518219453 ], [ -46.862772590713611, -23.676986397419888 ], [ -46.862865078293538, -23.676719368829875 ], [ -46.8629044610515, -23.676585982198993 ], [ -46.86295188003303, -23.676528436209228 ], [ -46.862999469822228, -23.676489849908364 ], [ -46.863081465289881, -23.676450849683231 ], [ -46.863204727934878, -23.676411352928795 ], [ -46.863445209192079, -23.676383177126308 ], [ -46.86354788705593, -23.676343927796502 ], [ -46.863660758778629, -23.676256158113013 ], [ -46.863792078001829, -23.676100445800373 ], [ -46.863939739411343, -23.675838982952811 ], [ -46.864033040588055, -23.675622598961436 ], [ -46.864112339875987, -23.675393651999677 ], [ -46.864273194410892, -23.675087876295095 ], [ -46.864326296971882, -23.674954233927252 ], [ -46.864363995400602, -23.674854276073287 ], [ -46.864490499788964, -23.674787741439051 ], [ -46.864663102500138, -23.674646700873772 ], [ -46.864795994834957, -23.674367175757137 ], [ -46.864924329705751, -23.674105041879351 ], [ -46.865003031221597, -23.673999894866324 ], [ -46.865129656212588, -23.673941936241686 ], [ -46.865478311059796, -23.673903064205945 ], [ -46.865689628147656, -23.67385121823364 ], [ -46.865991807431719, -23.673729112075918 ], [ -46.866296998523907, -23.673612025525745 ], [ -46.866601991713168, -23.673494850490588 ], [ -46.866738638976052, -23.673473067996824 ], [ -46.866938322466225, -23.673458110241004 ], [ -46.8671531635094, -23.673468071219702 ], [ -46.867231439494063, -23.673436608178712 ], [ -46.867404694201284, -23.673272802834173 ], [ -46.867528129452559, -23.673156099425288 ], [ -46.867616665758092, -23.67309471548019 ], [ -46.867669735557023, -23.673055610309909 ], [ -46.867900795975466, -23.672965238711988 ], [ -46.867959952140652, -23.672940507076326 ], [ -46.868185177663399, -23.672846593687396 ], [ -46.86831552681614, -23.672795630580598 ], [ -46.868606043508123, -23.672687926670786 ], [ -46.868854589682236, -23.672558787248473 ], [ -46.868983983673544, -23.67244760909113 ], [ -46.869031094612964, -23.672403157755728 ], [ -46.869040054082774, -23.672385171444766 ], [ -46.869175927687415, -23.672116171494356 ], [ -46.869314334494689, -23.671790978062109 ], [ -46.86944041167785, -23.671432976067155 ], [ -46.869457627962774, -23.671388975729077 ], [ -46.869241349809975, -23.671270863019441 ], [ -46.868647210398557, -23.670970942405035 ], [ -46.868469906356914, -23.670884141810387 ], [ -46.868123951428352, -23.670712331782433 ], [ -46.868069352501266, -23.670685179738477 ], [ -46.868086128828296, -23.670182672089069 ], [ -46.868121788301671, -23.669780975630651 ], [ -46.868156671922456, -23.669593646400585 ], [ -46.868209590406686, -23.669350930033549 ], [ -46.868265640833897, -23.669059597720441 ], [ -46.868348898647923, -23.668799540120911 ], [ -46.868462575606934, -23.668562230825202 ], [ -46.868474044012984, -23.668534552830561 ], [ -46.868483447666172, -23.668506448270982 ], [ -46.868490684701229, -23.668477647493557 ], [ -46.868495760254021, -23.668448511612453 ], [ -46.868498674325963, -23.668419040627825 ], [ -46.868506724832947, -23.668337137182871 ], [ -46.868510614577559, -23.668259076272577 ], [ -46.868509014170279, -23.668180991291653 ], [ -46.868502024203515, -23.668103061613987 ], [ -46.868484808664704, -23.668002320607243 ], [ -46.868475568015405, -23.667966043596198 ], [ -46.868463787959115, -23.667930429272111 ], [ -46.868449469781204, -23.667895567912822 ], [ -46.868432715349222, -23.667861729170749 ], [ -46.868391625970865, -23.667791795467597 ], [ -46.868442040538461, -23.667621254120743 ], [ -46.868548417817429, -23.667332565267333 ], [ -46.868714417680096, -23.667114218488155 ], [ -46.868877456084554, -23.666873785257764 ], [ -46.8689808184821, -23.66669718735227 ], [ -46.868988738427262, -23.666675060070915 ], [ -46.868987997162222, -23.666650509053959 ], [ -46.868984511497459, -23.666625991147487 ], [ -46.868990063689644, -23.666602808904781 ], [ -46.868997957951649, -23.666578876053503 ], [ -46.869009788187121, -23.666555979242489 ], [ -46.869018948484552, -23.666538351693752 ], [ -46.869015770945545, -23.666535500623485 ], [ -46.869013451179931, -23.666510246299179 ], [ -46.869023506880957, -23.666486648545156 ], [ -46.869035285749838, -23.666460140593472 ], [ -46.869045720661511, -23.666435635323406 ], [ -46.869055366320957, -23.666410778399282 ], [ -46.869059755163633, -23.666388513130279 ], [ -46.869060953630779, -23.666362494006769 ], [ -46.869061581987715, -23.666337745877257 ], [ -46.869064379492912, -23.666313874516312 ], [ -46.869076016235702, -23.666291160623807 ], [ -46.869087802782481, -23.666265194340159 ], [ -46.869104090265637, -23.666238631986491 ], [ -46.869119678368989, -23.666218037471804 ], [ -46.869136447770913, -23.666197789878609 ], [ -46.869154235825413, -23.66618023881216 ], [ -46.869174381345566, -23.666163020475064 ], [ -46.86919254090266, -23.666144020218656 ], [ -46.869206746514863, -23.666122720025516 ], [ -46.869218976437011, -23.666100360142458 ], [ -46.869230226216466, -23.666078012085116 ], [ -46.869239121091731, -23.666055511853884 ], [ -46.86924644260678, -23.666032669430887 ], [ -46.869279229743277, -23.665966900977796 ], [ -46.869286866261717, -23.66593863711423 ], [ -46.869290050641517, -23.665914399906555 ], [ -46.869292868645822, -23.66589197299902 ], [ -46.869295630152806, -23.665865573838548 ], [ -46.869301907311879, -23.665838229316719 ], [ -46.869311604247102, -23.665816983519644 ], [ -46.869320852627538, -23.665791770200013 ], [ -46.869332066413655, -23.665766894339917 ], [ -46.869344311693617, -23.665745617791103 ], [ -46.869358447903238, -23.665719442549694 ], [ -46.869368070346582, -23.665692960598463 ], [ -46.869373503884418, -23.665668335073278 ], [ -46.869373544107518, -23.665643594040635 ], [ -46.869370274983993, -23.665620518232821 ], [ -46.869362812251858, -23.66559207539018 ], [ -46.869354609072758, -23.665566711476696 ], [ -46.869331633683679, -23.665550374622462 ], [ -46.869307584858845, -23.665541274234755 ], [ -46.869304300342712, -23.66551711508264 ], [ -46.869304139418063, -23.665492015300149 ], [ -46.86930568623945, -23.665462921976498 ], [ -46.869307859660871, -23.665436529911144 ], [ -46.869317904967723, -23.665412209915605 ], [ -46.869328141161816, -23.665387526440316 ], [ -46.869331155181627, -23.665365097166429 ], [ -46.869330635585086, -23.665342349355001 ], [ -46.869326982131263, -23.665319819946049 ], [ -46.869321734786411, -23.665295503890004 ], [ -46.869317060115527, -23.66527009739584 ], [ -46.869315295028528, -23.665242488737888 ], [ -46.869312975246999, -23.665217234416264 ], [ -46.869312615730934, -23.665191956441316 ], [ -46.86931224080756, -23.665165595124488 ], [ -46.869311894132331, -23.665141219934192 ], [ -46.869311371974931, -23.665118291564834 ], [ -46.869311012460848, -23.665093013589527 ], [ -46.869310438945377, -23.665066474080675 ], [ -46.869304980183308, -23.665041077045963 ], [ -46.869298673120838, -23.665011175547754 ], [ -46.869292419987964, -23.664985065745373 ], [ -46.86928540586478, -23.664960590416307 ], [ -46.869279534518178, -23.664933753654516 ], [ -46.869275868250192, -23.664910321457111 ], [ -46.869269042457418, -23.664885302090465 ], [ -46.869263622231308, -23.664862613407404 ], [ -46.869253110469572, -23.664840347333485 ], [ -46.869232668155348, -23.664822896364683 ], [ -46.869213004814362, -23.664805074818208 ], [ -46.869196447078885, -23.664785048742921 ], [ -46.869171083593884, -23.664766212437154 ], [ -46.869152028888635, -23.664749828242378 ], [ -46.869130379635315, -23.664730224764661 ], [ -46.869108152581795, -23.664711350606481 ], [ -46.869086987826329, -23.664698242443695 ], [ -46.869064440624847, -23.664684428604442 ], [ -46.86904194734619, -23.664674406458669 ], [ -46.869018110133652, -23.664666386990746 ], [ -46.868995373337398, -23.664653026897994 ], [ -46.868981658475626, -23.66462610415666 ], [ -46.868976821254307, -23.664603047250466 ], [ -46.868975499657644, -23.664579044991921 ], [ -46.868975498891778, -23.664551415039149 ], [ -46.86897960439132, -23.664523013196771 ], [ -46.868979853566884, -23.664499172576352 ], [ -46.868979458183148, -23.664471366796022 ], [ -46.868979006316771, -23.664439588761219 ], [ -46.868978094746097, -23.664416845671621 ], [ -46.868971790364974, -23.664387124708227 ], [ -46.868966700649388, -23.664360097910784 ], [ -46.868960406544019, -23.664331099174461 ], [ -46.868958056050943, -23.664303678155139 ], [ -46.868959876001142, -23.664279999172621 ], [ -46.868960063566178, -23.664251825182813 ], [ -46.868958443261214, -23.664220603006498 ], [ -46.868957011280465, -23.664188836794164 ], [ -46.868956685225996, -23.664165906052038 ], [ -46.868958967450624, -23.664133372680702 ], [ -46.868962866653163, -23.664104250974557 ], [ -46.868971457612687, -23.664074169728529 ], [ -46.868981859004258, -23.664047317225481 ], [ -46.86898916507468, -23.66402339147113 ], [ -46.868994268658305, -23.663996241702925 ], [ -46.868998990460533, -23.663969818892333 ], [ -46.868999745556366, -23.66394019335134 ], [ -46.869002460897789, -23.663910544162178 ], [ -46.869007941120643, -23.663882306321852 ], [ -46.86900833497517, -23.663854852194582 ], [ -46.869005154177501, -23.663824190607187 ], [ -46.869000061918186, -23.663796983250993 ], [ -46.868993600058396, -23.663769973004925 ], [ -46.868987787890887, -23.663747289032766 ], [ -46.868996990006316, -23.663718825704805 ], [ -46.869002124389489, -23.663693842620582 ], [ -46.869006103164864, -23.663670318181207 ], [ -46.869013731944214, -23.663641512656767 ], [ -46.869014378306751, -23.663618028418718 ], [ -46.869022391428075, -23.663588676493305 ], [ -46.869026682657292, -23.66355955005594 ], [ -46.869026946479359, -23.663509162819885 ], [ -46.869028947036405, -23.663484398128752 ], [ -46.869030743867043, -23.663459094131259 ], [ -46.869032576640564, -23.663436317932192 ], [ -46.869036261822053, -23.663405934689628 ], [ -46.86903984083672, -23.663381873308005 ], [ -46.869044315245517, -23.663351841720093 ], [ -46.869047043411442, -23.663323095314617 ], [ -46.869048657051948, -23.663298696466772 ], [ -46.869051828611404, -23.663273556472248 ], [ -46.869053607466121, -23.663246988575057 ], [ -46.869057560550786, -23.663221658564144 ], [ -46.869065080567623, -23.663198994341997 ], [ -46.869081439608891, -23.663177487601459 ], [ -46.86909617910915, -23.663152388637613 ], [ -46.869106990434418, -23.663126795298886 ], [ -46.869112888335415, -23.663100358296234 ], [ -46.869119206522903, -23.66307590269103 ], [ -46.869125364629454, -23.663053977249021 ], [ -46.869136978007319, -23.663029638348462 ], [ -46.869150536208068, -23.663004192456008 ], [ -46.869157218189073, -23.662977745992539 ], [ -46.86916217190474, -23.662953848611586 ], [ -46.869166356931629, -23.662931044032419 ], [ -46.86916891985571, -23.662904466674835 ], [ -46.869168916507874, -23.662876656161952 ], [ -46.869168559626907, -23.6628515587343 ], [ -46.869168220718805, -23.662827725205826 ], [ -46.869167110557044, -23.662804803922086 ], [ -46.869165590377946, -23.662780623468802 ], [ -46.869159327140437, -23.662753791417419 ], [ -46.869158369357777, -23.662727798298729 ], [ -46.869158430201345, -23.662704501711058 ], [ -46.869159664613917, -23.662681010376957 ], [ -46.869158467163501, -23.662651950153226 ], [ -46.869156750967242, -23.662627772064063 ], [ -46.869154222439803, -23.662601617306851 ], [ -46.869107210155185, -23.662549362474323 ], [ -46.868956602729028, -23.662381336281111 ], [ -46.868949434257154, -23.662373567174264 ], [ -46.8689362921425, -23.662386908632126 ], [ -46.868907043645493, -23.662405049369987 ], [ -46.86888382398601, -23.662405961516448 ], [ -46.868847785865327, -23.662401610638124 ], [ -46.868817348967589, -23.662391323077795 ], [ -46.868780229471973, -23.662359174667873 ], [ -46.868758593525087, -23.662340473889493 ], [ -46.86871946601206, -23.662291193818323 ], [ -46.868701179145461, -23.662273626458607 ], [ -46.868622200010378, -23.662241350822157 ], [ -46.868552461860716, -23.662197135176577 ], [ -46.868494255861144, -23.662129755442155 ], [ -46.868452954305397, -23.662079237396163 ], [ -46.86842583100016, -23.662026200712081 ], [ -46.86838408643586, -23.661985891213146 ], [ -46.868354961706927, -23.661950666575351 ], [ -46.868327965498139, -23.661906567447648 ], [ -46.868310330169862, -23.661886554239647 ], [ -46.868285676065682, -23.661876196833557 ], [ -46.868264557056015, -23.661880063255584 ], [ -46.868248642383222, -23.661891451620043 ], [ -46.868220001980191, -23.661917891948143 ], [ -46.868195833358563, -23.661934797476366 ], [ -46.868160871435641, -23.661923390517554 ], [ -46.868077758454397, -23.661869222973724 ], [ -46.868054918841416, -23.661841687782029 ], [ -46.868030816133952, -23.661821842809889 ], [ -46.868013558531928, -23.66178701678562 ], [ -46.868004231086623, -23.661765278081077 ], [ -46.867987500243594, -23.661739926578107 ], [ -46.867957522569419, -23.661713651251556 ], [ -46.867925668076957, -23.661693267659388 ], [ -46.867889463405405, -23.66167718032581 ], [ -46.867844218150985, -23.66166643902773 ], [ -46.867803020320039, -23.661664588035983 ], [ -46.867781487006724, -23.66163929440247 ], [ -46.867746807219781, -23.661599441311466 ], [ -46.867715570197937, -23.66153281966584 ], [ -46.867679363643603, -23.661475197029311 ], [ -46.867657772668622, -23.66144584083705 ], [ -46.867649188443806, -23.661386711400883 ], [ -46.867639943492321, -23.661350073152267 ], [ -46.867624680900185, -23.661317660966407 ], [ -46.867599888969124, -23.66129069099355 ], [ -46.86757571076172, -23.66126551950012 ], [ -46.867552276350317, -23.661244402270551 ], [ -46.867540988817453, -23.661222687156599 ], [ -46.867541186247372, -23.661188282732873 ], [ -46.867551851748544, -23.661166212716552 ], [ -46.867567765121343, -23.661154734145811 ], [ -46.867575885659114, -23.661139828035935 ], [ -46.867570414084838, -23.66112039046671 ], [ -46.867541012413781, -23.661086342812393 ], [ -46.867437885579911, -23.660982664070083 ], [ -46.867361428471227, -23.66092083116612 ], [ -46.867323288241117, -23.660906482599387 ], [ -46.867244402564843, -23.660880706243621 ], [ -46.867170578098083, -23.660845478268442 ], [ -46.867159866463226, -23.660815990888416 ], [ -46.867178483312827, -23.66076709802309 ], [ -46.86717478609053, -23.66073454640885 ], [ -46.867165886648088, -23.660701515720302 ], [ -46.867146272790656, -23.660673309439282 ], [ -46.867149422011835, -23.660625867087695 ], [ -46.867134786722197, -23.660589293752388 ], [ -46.867109233316008, -23.660557005510707 ], [ -46.867061933123637, -23.660511976963107 ], [ -46.867049752531621, -23.66046878256881 ], [ -46.867070393120997, -23.660431242386181 ], [ -46.867104605768468, -23.660389926891661 ], [ -46.867116906528913, -23.66035185514151 ], [ -46.867110753405598, -23.660325834292443 ], [ -46.867092450364929, -23.660307093085216 ], [ -46.867045217805646, -23.660287526649199 ], [ -46.866995503677082, -23.660272685393188 ], [ -46.866934889399246, -23.660263393104099 ], [ -46.866842681401558, -23.660252043508638 ], [ -46.866682626371322, -23.660239795665774 ], [ -46.866554650095054, -23.660243052985294 ], [ -46.866444784489616, -23.660251509688873 ], [ -46.866380560021668, -23.660264111847319 ], [ -46.866328736029011, -23.660280176379871 ], [ -46.86628783211426, -23.660298998777126 ], [ -46.866251925466187, -23.660331485682029 ], [ -46.866222427762466, -23.660338974206052 ], [ -46.866181627505156, -23.660337479147842 ], [ -46.866181744125342, -23.660345694509569 ], [ -46.86617462284287, -23.660375757932737 ], [ -46.866173774798938, -23.66039888344536 ], [ -46.866165452377146, -23.660420293097939 ], [ -46.866146676832955, -23.660437313941536 ], [ -46.866122121880686, -23.660447722623569 ], [ -46.866112251078455, -23.660449827977054 ], [ -46.866097884637327, -23.660452890415574 ], [ -46.866073260478238, -23.660458424040261 ], [ -46.866045247597256, -23.660460025530739 ], [ -46.866020770759157, -23.660462126195686 ], [ -46.865995336886812, -23.66046586367699 ], [ -46.865970305303449, -23.660470318662554 ], [ -46.865945678571485, -23.660475671710063 ], [ -46.865920247256241, -23.660479589736724 ], [ -46.865893201652241, -23.660480276610063 ], [ -46.865866935001435, -23.660480592921733 ], [ -46.865839296211654, -23.66048092575237 ], [ -46.865812242918146, -23.66048107093928 ], [ -46.865786179973405, -23.660481926549156 ], [ -46.865761988832141, -23.660490344323687 ], [ -46.865737560667846, -23.660495875535911 ], [ -46.865707450488557, -23.660501655751212 ], [ -46.865650876347345, -23.66052147932303 ], [ -46.865577781557, -23.660275134031227 ], [ -46.865456795350752, -23.659810763102218 ], [ -46.865193442505387, -23.65891559667299 ], [ -46.865141993067489, -23.658771474393781 ], [ -46.865143346650768, -23.658763241329694 ], [ -46.865085442257929, -23.658613237303832 ], [ -46.86506672156947, -23.658571927305175 ], [ -46.865045468040776, -23.658531731319549 ], [ -46.865021584945659, -23.65849274080421 ], [ -46.864995367591526, -23.658455042497824 ], [ -46.86489498475413, -23.65833029024629 ], [ -46.864869787841137, -23.658302331407164 ], [ -46.864842557094015, -23.658276112629913 ], [ -46.864813487248846, -23.658251541275721 ], [ -46.864722022919786, -23.658195756632111 ], [ -46.864288326501729, -23.657999799580502 ], [ -46.863902390979682, -23.657826111200421 ], [ -46.863672846475183, -23.657717539303523 ], [ -46.863462854007977, -23.657605210445368 ], [ -46.863334131084216, -23.657949876558458 ], [ -46.86320126633678, -23.658320506840138 ], [ -46.86315237498669, -23.658474324073779 ], [ -46.863114892198844, -23.658630803243796 ], [ -46.863105890911143, -23.658687345385744 ], [ -46.863101110390453, -23.658744288249281 ], [ -46.863100840830704, -23.658801357462487 ], [ -46.863109329491252, -23.658943830030751 ], [ -46.863125453928561, -23.659085578723094 ], [ -46.863153279915821, -23.659195312836538 ], [ -46.86313130916156, -23.659263568589349 ], [ -46.863122901074682, -23.65928588207526 ], [ -46.863112819153031, -23.659307673921482 ], [ -46.863101258134883, -23.659328851491971 ], [ -46.863088117451703, -23.659349235407117 ], [ -46.863073691130609, -23.659368822131235 ], [ -46.862670843478092, -23.659828206692815 ], [ -46.862464611016563, -23.660057595248226 ], [ -46.862455163372083, -23.660068815004699 ], [ -46.862446605487854, -23.660080565831379 ], [ -46.862438839354219, -23.66009284890643 ], [ -46.862431960423244, -23.660105482494156 ], [ -46.86242606798389, -23.660118555695448 ], [ -46.86242106274765, -23.660131979409567 ], [ -46.862416943435832, -23.660145663357728 ], [ -46.862416207957018, -23.660149103380292 ], [ -46.86241390606839, -23.660159605183821 ], [ -46.862411850077905, -23.660173625508165 ], [ -46.862447487763518, -23.660440377880409 ], [ -46.862499855968252, -23.660704852351113 ], [ -46.862515979656365, -23.660784298071036 ], [ -46.862527994606509, -23.660864334943586 ], [ -46.862533867217685, -23.660932887985389 ], [ -46.862535039172478, -23.661001768415197 ], [ -46.862531208757517, -23.661070438094846 ], [ -46.862522570706965, -23.6611388043892 ], [ -46.862509118617965, -23.661206415903546 ], [ -46.862399545535169, -23.661623086605672 ], [ -46.861495767678022, -23.661431869029041 ], [ -46.861087661833849, -23.661347560859483 ], [ -46.861058388153189, -23.661343217179933 ], [ -46.861028742879874, -23.661340322666952 ], [ -46.860999025157518, -23.661339234904545 ], [ -46.860969327883588, -23.661339591599713 ], [ -46.860939656169123, -23.661341753868374 ], [ -46.860910200922604, -23.661345358240439 ], [ -46.860817468132964, -23.6613592937783 ], [ -46.860488112148779, -23.661408937912146 ], [ -46.860379533425942, -23.661425320825245 ], [ -46.860269985698956, -23.661435575283321 ], [ -46.860173285968159, -23.661439354810788 ], [ -46.860076512137212, -23.661437898096111 ], [ -46.860037161213363, -23.661434939322593 ], [ -46.859998063447762, -23.661429088080993 ], [ -46.859959711452298, -23.661420519046519 ], [ -46.859922205794803, -23.661409411601042 ], [ -46.859378207298924, -23.661226142166218 ], [ -46.859368911877404, -23.661262010285071 ], [ -46.859265659038343, -23.661544064823463 ], [ -46.859260108775068, -23.661560565001039 ], [ -46.859255738474069, -23.661577321902051 ], [ -46.859252548135785, -23.661594335526559 ], [ -46.859193047741051, -23.661594507750983 ], [ -46.859165049500191, -23.661708072851749 ], [ -46.859107062552042, -23.661739017264864 ], [ -46.859097534647304, -23.66187628873541 ], [ -46.858970994850949, -23.66200900476354 ], [ -46.859036401103523, -23.662294724010845 ], [ -46.858911536988316, -23.663024265652581 ], [ -46.858351016807724, -23.662698977483714 ], [ -46.855586371615438, -23.662196035164627 ], [ -46.855839873312625, -23.662876528059751 ], [ -46.853952936429131, -23.663378402448522 ], [ -46.853544700886943, -23.663500579638171 ], [ -46.85351879750376, -23.663505855739395 ] ] ] } },
{ "type": "Feature", "properties": { "nome": "INDEPENDENCIA-CASA BRANCA", "codigo": 10, "regiao": "LESTE", "populacao_2010": 19443, "mulheres_2010": 10007, "homens_2010": 9436, "domicilios": 6104, "populacao_2015": 20502, "area_km2": 1.14, "densidade_2015": 17964.94, "fonte_cartografica": "Base oficial de Limites Administrativos de Embu das Artes", "crs_origem": "SIRGAS 2000 / UTM zone 23S (EPSG:31983)", "status_geometria": "oficial", "nota_demografica": "Atributos populacionais da base referem-se principalmente a 2010 e 2015; não devem ser apresentados como dados atuais." }, "geometry": { "type": "Polygon", "coordinates": [ [ [ -46.791740178565306, -23.651659541238466 ], [ -46.791764420634784, -23.651726532095019 ], [ -46.791783725518201, -23.651769290188881 ], [ -46.791809474701509, -23.651817391585531 ], [ -46.79185763634451, -23.651920495493592 ], [ -46.791904356641993, -23.652032916613429 ], [ -46.7919484193161, -23.652158912956221 ], [ -46.791978852059536, -23.652248586975972 ], [ -46.792021480446785, -23.652377218477259 ], [ -46.792065708216938, -23.65251531262782 ], [ -46.792096461819355, -23.652642907542326 ], [ -46.792122077228363, -23.652745910844398 ], [ -46.792149047988737, -23.652854858052621 ], [ -46.792182742819023, -23.652953704558676 ], [ -46.792228489522024, -23.653102526384689 ], [ -46.792310142138099, -23.653361365880539 ], [ -46.792365847530583, -23.653521630459295 ], [ -46.79240296239233, -23.653626848409193 ], [ -46.792452855536581, -23.653777789300324 ], [ -46.792492838737552, -23.653906451195194 ], [ -46.792509209834122, -23.653985632675759 ], [ -46.792537547395035, -23.654137274317261 ], [ -46.792579230984707, -23.654261221077874 ], [ -46.792609417582241, -23.654375909946729 ], [ -46.792652504010945, -23.654538035964134 ], [ -46.792710086912592, -23.654692138457655 ], [ -46.792761500911631, -23.654817959113846 ], [ -46.792815757300012, -23.654943746864422 ], [ -46.792867440312683, -23.655096472779171 ], [ -46.792910990593796, -23.655184730611971 ], [ -46.792937283024486, -23.655279779750508 ], [ -46.792941650733631, -23.655319730659073 ], [ -46.792940590715389, -23.655428911637394 ], [ -46.792894635436951, -23.655588455800135 ], [ -46.792863277101091, -23.655646698773232 ], [ -46.792833265339432, -23.655688672756011 ], [ -46.792849956192455, -23.655740942046595 ], [ -46.792865000414167, -23.655773094219846 ], [ -46.792858224018353, -23.655808117439669 ], [ -46.792858754553876, -23.655847029180254 ], [ -46.792879581409387, -23.655879114451459 ], [ -46.792906148105715, -23.655893615753524 ], [ -46.792926662308339, -23.655902769273087 ], [ -46.792955980223617, -23.655910556780281 ], [ -46.792940566321114, -23.655959134143142 ], [ -46.792951572645293, -23.656011469184971 ], [ -46.792971068971127, -23.656060997096876 ], [ -46.79300942700727, -23.656084752810592 ], [ -46.793010791769532, -23.656084195240027 ], [ -46.792988659170014, -23.656150458197875 ], [ -46.792964360651943, -23.656237604748718 ], [ -46.792963493973474, -23.656360960058755 ], [ -46.793012175553699, -23.656466043938604 ], [ -46.793119541700761, -23.656539928492453 ], [ -46.793246845859294, -23.656523195270406 ], [ -46.793345284521145, -23.656452798577355 ], [ -46.793445591404776, -23.656346893611627 ], [ -46.793498738883223, -23.656362531928774 ], [ -46.793506371964114, -23.656404702431733 ], [ -46.793492194968778, -23.656479270966329 ], [ -46.793487527533131, -23.656589848111754 ], [ -46.793483434340644, -23.656677844442186 ], [ -46.793445408643876, -23.656786279342455 ], [ -46.793388399999927, -23.656904415073168 ], [ -46.793355422735203, -23.657009269960408 ], [ -46.79334165368472, -23.657120945694473 ], [ -46.793360123757914, -23.65726051119217 ], [ -46.79335788608396, -23.657376748901328 ], [ -46.793344926943888, -23.657454373415916 ], [ -46.793332681672453, -23.657490904684231 ], [ -46.793314739187004, -23.657576894160741 ], [ -46.793281207912955, -23.657734578996962 ], [ -46.793270684964156, -23.657803958316592 ], [ -46.793265195829115, -23.657868674252345 ], [ -46.793270506991277, -23.657977781458172 ], [ -46.793287285583595, -23.658086755954304 ], [ -46.793314274715506, -23.658196876434648 ], [ -46.79338697231335, -23.658294639051718 ], [ -46.7934746717685, -23.658371098581377 ], [ -46.793518537544294, -23.658410501996169 ], [ -46.793611515481068, -23.658543335750085 ], [ -46.793652977135544, -23.658593331656128 ], [ -46.793731967906503, -23.65867810881884 ], [ -46.793793656132046, -23.65871613198043 ], [ -46.793832185269316, -23.658737989227511 ], [ -46.793901358393356, -23.658764187132242 ], [ -46.79395403147403, -23.658795271454387 ], [ -46.794006785884569, -23.658832314393354 ], [ -46.794053280377561, -23.658877556485855 ], [ -46.794102501323259, -23.658928636275995 ], [ -46.794129883405532, -23.658974099627962 ], [ -46.794153443010643, -23.65901960723269 ], [ -46.794184867170301, -23.658987729861614 ], [ -46.794204637531259, -23.658971066959019 ], [ -46.794247733121381, -23.658946819943452 ], [ -46.794437473863724, -23.658871934017853 ], [ -46.794669895512342, -23.658785537367184 ], [ -46.794823126460493, -23.658700328538359 ], [ -46.795375363205935, -23.658452387756821 ], [ -46.795484618489539, -23.658405973568335 ], [ -46.795741483714565, -23.658358119679381 ], [ -46.79604987654524, -23.658300548195648 ], [ -46.796108557281777, -23.658269076914532 ], [ -46.796139023887875, -23.65831784510759 ], [ -46.796175894607835, -23.658368977068125 ], [ -46.796215776600221, -23.658418087588252 ], [ -46.796331976095523, -23.658535570869716 ], [ -46.796646793873087, -23.658854911780395 ], [ -46.7968041857958, -23.659016884721318 ], [ -46.797247406484033, -23.659471263625488 ], [ -46.797266495248309, -23.659490817156126 ], [ -46.797297718087862, -23.659523142342305 ], [ -46.797371986800179, -23.659613660946565 ], [ -46.797421402537907, -23.659686047316054 ], [ -46.797465953471828, -23.659761108697978 ], [ -46.797505632190742, -23.659838303403717 ], [ -46.797540049104406, -23.659917816549829 ], [ -46.797569293578007, -23.659999015027918 ], [ -46.79759326388686, -23.660081629131927 ], [ -46.797608672246589, -23.660147457115116 ], [ -46.797662360619739, -23.660137985195213 ], [ -46.797878772841166, -23.660099536307889 ], [ -46.798045065840988, -23.660073497558248 ], [ -46.798134315221397, -23.660069482092098 ], [ -46.798351108416298, -23.660044572605962 ], [ -46.798529683750665, -23.660020648205414 ], [ -46.798647199599984, -23.660011970119026 ], [ -46.798961080002648, -23.659968415263751 ], [ -46.798978649488944, -23.659962883791206 ], [ -46.798984691315226, -23.659945928208661 ], [ -46.798985746876276, -23.659865461814711 ], [ -46.798997752722727, -23.659782881764343 ], [ -46.799015534715089, -23.659728407144218 ], [ -46.799056071356716, -23.659660485050228 ], [ -46.79907505664589, -23.659607982975643 ], [ -46.799079006010309, -23.659538408852939 ], [ -46.799082546447337, -23.659438951351536 ], [ -46.79910106470625, -23.659352322637424 ], [ -46.799127157099029, -23.659267592502129 ], [ -46.799145467756134, -23.659165796389683 ], [ -46.799150299612506, -23.65904609748495 ], [ -46.799156946347154, -23.65888709854789 ], [ -46.799168757662606, -23.658797477619515 ], [ -46.79919013545355, -23.658690589287431 ], [ -46.799182942265027, -23.658558930273589 ], [ -46.799135605788592, -23.658373469171625 ], [ -46.799115840765808, -23.658311664981063 ], [ -46.799104514635133, -23.658293466298449 ], [ -46.799091297867882, -23.658273212746714 ], [ -46.799086552130781, -23.658255930923943 ], [ -46.799041718772735, -23.658188909680423 ], [ -46.799024591435156, -23.658169423894396 ], [ -46.799015652625641, -23.658146592367736 ], [ -46.799003383888476, -23.658123980092242 ], [ -46.798988532261141, -23.658098869500257 ], [ -46.798975682874477, -23.658076805741842 ], [ -46.798964386857385, -23.658053640390946 ], [ -46.798957339127988, -23.658025730303198 ], [ -46.798950727917855, -23.658001065820304 ], [ -46.798941516526014, -23.657972639070806 ], [ -46.798937605180804, -23.657944692570911 ], [ -46.798934534751723, -23.657920889946354 ], [ -46.798928499270097, -23.65789531581337 ], [ -46.798921905366704, -23.657871915278037 ], [ -46.798915438317053, -23.65784345666696 ], [ -46.798908991033983, -23.657816442569526 ], [ -46.798906119108267, -23.65779281823222 ], [ -46.798904031276308, -23.657769184792382 ], [ -46.79890308499818, -23.657743009799059 ], [ -46.798899009763524, -23.657717412907679 ], [ -46.798895368573376, -23.657694881057608 ], [ -46.798892283338681, -23.657669995044998 ], [ -46.79888663992601, -23.657644416357272 ], [ -46.798882385968589, -23.657620085690287 ], [ -46.79887733062921, -23.657594500175183 ], [ -46.798874473538909, -23.657571959221702 ], [ -46.798868274181224, -23.65754873469481 ], [ -46.798865221071289, -23.657526196016413 ], [ -46.79885860249906, -23.657500989832652 ], [ -46.798847894626796, -23.657477817640853 ], [ -46.798839144514695, -23.657454442128998 ], [ -46.798829389590274, -23.657429272350775 ], [ -46.798821041411408, -23.657406614543607 ], [ -46.798809740546361, -23.657383088045801 ], [ -46.798799409917265, -23.657358827912567 ], [ -46.798792384502036, -23.657332542889222 ], [ -46.798785413434175, -23.657310230279876 ], [ -46.798773271681277, -23.657282559900892 ], [ -46.798763283709604, -23.657254683927274 ], [ -46.798755263376108, -23.657227326892091 ], [ -46.798745898061775, -23.657201971990933 ], [ -46.798736900094752, -23.657174806895178 ], [ -46.798729470309404, -23.657147623596128 ], [ -46.798723454674061, -23.657123493962597 ], [ -46.798714657680385, -23.65709668771802 ], [ -46.798703957280985, -23.657074057204504 ], [ -46.798691456871488, -23.657048828984717 ], [ -46.798681930142571, -23.657026004253261 ], [ -46.798672989013184, -23.657002992130966 ], [ -46.798666417440572, -23.656981216655566 ], [ -46.798658037213492, -23.656956211498784 ], [ -46.798643014475353, -23.65693290877643 ], [ -46.798627195305684, -23.656908712331255 ], [ -46.798614547069853, -23.656887007382391 ], [ -46.798596593900584, -23.656864461038758 ], [ -46.79857984403656, -23.656843887249689 ], [ -46.79856190569835, -23.656822424287185 ], [ -46.798545584935773, -23.656804554408517 ], [ -46.798525894762456, -23.656784014738143 ], [ -46.798504656180086, -23.656764937779482 ], [ -46.798487514300291, -23.656744368528493 ], [ -46.798469806588393, -23.656725431179172 ], [ -46.798449376806559, -23.656708150755403 ], [ -46.798427133443582, -23.656687279515594 ], [ -46.798409778277595, -23.656665448578906 ], [ -46.798394971396782, -23.656643588066935 ], [ -46.798376437643896, -23.656621590210385 ], [ -46.798357712814941, -23.656599955754675 ], [ -46.798344119121445, -23.656580790053351 ], [ -46.798329557672574, -23.656562538546126 ], [ -46.798313415709806, -23.656543402413256 ], [ -46.798298581695825, -23.656519555681921 ], [ -46.798283799545004, -23.656499500800493 ], [ -46.798266503693874, -23.656482003389144 ], [ -46.79824803912804, -23.656465061316496 ], [ -46.798232892111542, -23.65644699718661 ], [ -46.798218127264413, -23.656428206248258 ], [ -46.798199258323734, -23.656410365896154 ], [ -46.798181768943877, -23.656393051312694 ], [ -46.798163642120755, -23.656372132262874 ], [ -46.798151983998963, -23.656351138151958 ], [ -46.79814165358291, -23.656326877959479 ], [ -46.798130392449409, -23.65630624042614 ], [ -46.798116560824489, -23.656284007380172 ], [ -46.798100602603576, -23.656263966124097 ], [ -46.798083983839518, -23.656159776172327 ], [ -46.798280294188416, -23.65630052796358 ], [ -46.798335728749784, -23.656332842907272 ], [ -46.798393178341804, -23.656361974067526 ], [ -46.798829252761607, -23.656545090728542 ], [ -46.799126704569382, -23.656655501538189 ], [ -46.799344377295242, -23.656723947279563 ], [ -46.799513867189532, -23.656774260857258 ], [ -46.799648358245221, -23.656809991483083 ], [ -46.799868222583683, -23.656852315333474 ], [ -46.799945313085374, -23.656862526398704 ], [ -46.800023030348001, -23.656868395915168 ], [ -46.800100884309707, -23.65686992957491 ], [ -46.80019797965484, -23.656866363665646 ], [ -46.800294601364186, -23.656856843633125 ], [ -46.800390261843326, -23.656841555736573 ], [ -46.800620029580386, -23.656798162431336 ], [ -46.80082988580422, -23.656761050041993 ], [ -46.800871370622936, -23.656755330756191 ], [ -46.800913083608229, -23.656751956514729 ], [ -46.800955025998853, -23.656751017599412 ], [ -46.80099690129191, -23.656752336862965 ], [ -46.801038711962782, -23.656756094869415 ], [ -46.801080064734421, -23.656762205893131 ], [ -46.801182208247269, -23.656783683101619 ], [ -46.801282383849049, -23.656811774753248 ], [ -46.801380198274416, -23.656846395126166 ], [ -46.802179039651513, -23.657127138963027 ], [ -46.80234935040702, -23.657122810505378 ], [ -46.802519591356209, -23.657127692901721 ], [ -46.802890341965025, -23.657235979481015 ], [ -46.80297212330526, -23.657259408003373 ], [ -46.803765821405392, -23.657486386582239 ], [ -46.803993676301623, -23.6571321203404 ], [ -46.80423980995829, -23.656759852620716 ], [ -46.804258494903209, -23.656714216031315 ], [ -46.804339994059262, -23.656695659340109 ], [ -46.80441670248819, -23.656578013049746 ], [ -46.804569887850718, -23.656361594992976 ], [ -46.803866131027299, -23.655895010435554 ], [ -46.803873788289764, -23.655838666690954 ], [ -46.803987368293797, -23.655772060319002 ], [ -46.804034854136177, -23.655739362044784 ], [ -46.804080151535729, -23.655704341529205 ], [ -46.804123158766387, -23.655666729069491 ], [ -46.804160395788422, -23.655630086738451 ], [ -46.804195451803402, -23.655591663864445 ], [ -46.804228130792829, -23.65555146273104 ], [ -46.804258436473994, -23.655509754185349 ], [ -46.804265517144771, -23.655489987150798 ], [ -46.80422585499096, -23.655457039274843 ], [ -46.804204851523188, -23.655440849870736 ], [ -46.804182689287956, -23.655425938102358 ], [ -46.804163045576729, -23.655408829898512 ], [ -46.804140518563955, -23.655395908889371 ], [ -46.804114999247744, -23.655379230266011 ], [ -46.804090633756424, -23.655360912872123 ], [ -46.804069248191198, -23.655345450266598 ], [ -46.80404555747036, -23.655333445752802 ], [ -46.804024223934832, -23.655321774980703 ], [ -46.80400114109564, -23.655311208124662 ], [ -46.803976063392042, -23.655298136189092 ], [ -46.803952198962087, -23.655287759016176 ], [ -46.803925952585388, -23.655275242453865 ], [ -46.803899544872216, -23.655265256062169 ], [ -46.80387629327948, -23.655256677670138 ], [ -46.803851820992392, -23.655244862814961 ], [ -46.803831189479716, -23.655241491106203 ], [ -46.803769602773649, -23.655225232229103 ], [ -46.803744423205252, -23.65521902396144 ], [ -46.80371817933672, -23.655206687925631 ], [ -46.803689235790507, -23.655197633974211 ], [ -46.803665011557683, -23.655189608647436 ], [ -46.803635894288931, -23.65518218204171 ], [ -46.803616825986431, -23.655178430925034 ], [ -46.803608766929152, -23.655176899383751 ], [ -46.803578528036766, -23.655173458859846 ], [ -46.803548534693846, -23.655173627326199 ], [ -46.803521484107982, -23.655173942132791 ], [ -46.803492299603093, -23.655175907102276 ], [ -46.803466335593448, -23.655183974740435 ], [ -46.803442939635119, -23.655193457231309 ], [ -46.803421240591604, -23.655212310792404 ], [ -46.803398683178081, -23.655225756558306 ], [ -46.803375540179488, -23.655239389728127 ], [ -46.803352007614421, -23.655253208020618 ], [ -46.803332410279403, -23.655268064074022 ], [ -46.803309686541752, -23.655283678875715 ], [ -46.803284891183146, -23.655291191108031 ], [ -46.803259644357198, -23.655294374364683 ], [ -46.803230149490204, -23.655302302457155 ], [ -46.803206187719113, -23.655313416832087 ], [ -46.803185575598782, -23.655325756377692 ], [ -46.802718223953072, -23.655106445865616 ], [ -46.800861619705707, -23.654010522708937 ], [ -46.800828905619952, -23.653990947327411 ], [ -46.800488033843337, -23.653801763671943 ], [ -46.800624892383915, -23.653645495816832 ], [ -46.80076005159799, -23.653272084610762 ], [ -46.800724273803112, -23.653143286071884 ], [ -46.800704647952081, -23.652955607153622 ], [ -46.800604726812352, -23.652788365145931 ], [ -46.800730260388647, -23.652649836620618 ], [ -46.800851152879879, -23.652480209649802 ], [ -46.800874988764441, -23.6524241294738 ], [ -46.800841761019299, -23.652388487269196 ], [ -46.80082586225641, -23.652372779821867 ], [ -46.800809093792509, -23.652357985442475 ], [ -46.800791259612701, -23.652344106408261 ], [ -46.800772654975262, -23.65233122958475 ], [ -46.800753281116087, -23.652319445253809 ], [ -46.800733136798748, -23.652308663133045 ], [ -46.800710722245277, -23.652296733531859 ], [ -46.800689269227803, -23.652283438308704 ], [ -46.800668682211601, -23.652268959166879 ], [ -46.80064915844774, -23.652253384111514 ], [ -46.80063069670036, -23.652236622860887 ], [ -46.80061339744902, -23.652218854840978 ], [ -46.800597359937086, -23.652200169195659 ], [ -46.800582582928342, -23.652180475643252 ], [ -46.800569170610032, -23.652160224456086 ], [ -46.800557216044929, -23.65213905336751 ], [ -46.800539503994507, -23.652091131108815 ], [ -46.800525796657475, -23.652042169062774 ], [ -46.800444640959832, -23.651698991922824 ], [ -46.80035818387536, -23.651348020490381 ], [ -46.800347328027144, -23.651314014513392 ], [ -46.800334129912166, -23.651280758114005 ], [ -46.800318594475087, -23.651248612420119 ], [ -46.80030081478057, -23.651217215163992 ], [ -46.800280798244422, -23.651187108037657 ], [ -46.800258739644825, -23.65115819848139 ], [ -46.800234544683057, -23.65113075847901 ], [ -46.800199898405971, -23.651091701315497 ], [ -46.800162634395249, -23.651054751366061 ], [ -46.800122949899631, -23.651019996634428 ], [ -46.800117393577658, -23.65101509485822 ], [ -46.800112126332905, -23.651009828538392 ], [ -46.800107248643108, -23.65100437710106 ], [ -46.800102856043416, -23.650998558843682 ], [ -46.800098754992185, -23.650992556607118 ], [ -46.800095140266656, -23.650986277832757 ], [ -46.800091915095962, -23.650979813941014 ], [ -46.800089177486498, -23.65097316379368 ], [ -46.800086927438208, -23.650966327390794 ], [ -46.800085166186634, -23.650959395014539 ], [ -46.800083894967322, -23.650952456947103 ], [ -46.800083013302576, -23.65094533376239 ], [ -46.800082720911959, -23.650938294030446 ], [ -46.800082917317773, -23.650931158325214 ], [ -46.800083604991144, -23.650924107210958 ], [ -46.800084684690013, -23.650917051543782 ], [ -46.800086354898291, -23.650910169611542 ], [ -46.800088515138285, -23.650903281988139 ], [ -46.800091069874782, -23.650896570376101 ], [ -46.800094117114099, -23.650890033637165 ], [ -46.800097658091779, -23.650883762053475 ], [ -46.800101495559446, -23.650877667619341 ], [ -46.800222494087492, -23.650708671988905 ], [ -46.800233758160189, -23.650693732533203 ], [ -46.800238094297356, -23.65068826437976 ], [ -46.800242729395585, -23.65068315393988 ], [ -46.800247760225396, -23.650678309793054 ], [ -46.80025309001627, -23.650673823359714 ], [ -46.8002587175325, -23.650669604357692 ], [ -46.800264644009815, -23.650665743069112 ], [ -46.800270869448219, -23.650662239493915 ], [ -46.800399470921285, -23.650590404767303 ], [ -46.800421000513033, -23.65058067355092 ], [ -46.800441725043328, -23.650569416642799 ], [ -46.800461452207074, -23.6505569071666 ], [ -46.800483679326476, -23.650540847084429 ], [ -46.800504711829362, -23.650523446428931 ], [ -46.800524552187397, -23.650504885764938 ], [ -46.800543103630517, -23.650485256513491 ], [ -46.800294300004431, -23.650161182916563 ], [ -46.799915234090307, -23.649672837127238 ], [ -46.799588294825398, -23.649247273236512 ], [ -46.799569711372975, -23.649221573881121 ], [ -46.799941364427575, -23.648974992990787 ], [ -46.799681348335447, -23.648647797661724 ], [ -46.799511068284765, -23.648424304089986 ], [ -46.799419840910566, -23.648304636641029 ], [ -46.799382646758197, -23.64825838508543 ], [ -46.799342734442895, -23.648214061299729 ], [ -46.799300495982898, -23.648171660731357 ], [ -46.799255141169091, -23.648130741067877 ], [ -46.799225607398796, -23.648107064989443 ], [ -46.799194429792614, -23.648085033323095 ], [ -46.799159731450438, -23.648063584293816 ], [ -46.799086014743835, -23.648027327999543 ], [ -46.798750739237533, -23.647887647376699 ], [ -46.798528671279712, -23.647804893832994 ], [ -46.798513514454164, -23.647800374268304 ], [ -46.798497977956409, -23.647796762073146 ], [ -46.798482355798548, -23.647794053836197 ], [ -46.798466453206323, -23.647792342113874 ], [ -46.798450562957463, -23.647791533212644 ], [ -46.798434588281808, -23.6477917185519 ], [ -46.798418625948855, -23.647792806712292 ], [ -46.798402871966573, -23.647794795419781 ], [ -46.798387229564774, -23.647797776093778 ], [ -46.798371795513027, -23.647801657315011 ], [ -46.798113424778521, -23.647866868980138 ], [ -46.797922747379062, -23.647914951394895 ], [ -46.797911704979661, -23.64791742718457 ], [ -46.797900457933693, -23.647919273270801 ], [ -46.797889202249848, -23.647920487380119 ], [ -46.797877839923984, -23.647921070649186 ], [ -46.797866468960564, -23.647921021941304 ], [ -46.797855089359736, -23.647920341256452 ], [ -46.797843897130214, -23.647919026321251 ], [ -46.79783269502974, -23.647916989126799 ], [ -46.797821681534778, -23.647914407964343 ], [ -46.797810856645484, -23.647911282833913 ], [ -46.797757761430283, -23.647884899935566 ], [ -46.797952590519287, -23.647724621172941 ], [ -46.798003285205674, -23.647682948204032 ], [ -46.798147703269017, -23.64756361652211 ], [ -46.798421738538686, -23.647346524799431 ], [ -46.79861870233858, -23.647184775755601 ], [ -46.798538934470542, -23.64710019039844 ], [ -46.798470364779661, -23.647038861894554 ], [ -46.798444943606356, -23.647000509880769 ], [ -46.79842780337853, -23.64695844992513 ], [ -46.798419651096587, -23.646914208870673 ], [ -46.798411328027775, -23.646828794543101 ], [ -46.798395244232651, -23.64647682435459 ], [ -46.798391807218692, -23.646469189016145 ], [ -46.79838698211654, -23.646460395925132 ], [ -46.798378378591408, -23.646447673617029 ], [ -46.798372897089244, -23.646441055259231 ], [ -46.798367028511777, -23.646434802578128 ], [ -46.798360771624829, -23.646428825291427 ], [ -46.798211259628808, -23.646311639063363 ], [ -46.798203940763869, -23.646306847944636 ], [ -46.798196812969358, -23.646301693422629 ], [ -46.798190170254458, -23.646296172086927 ], [ -46.798183912148055, -23.646290104509774 ], [ -46.798178043586304, -23.646283851820453 ], [ -46.798159230299227, -23.646255626613275 ], [ -46.797825909153389, -23.64545522050615 ], [ -46.797824445285528, -23.645455688966159 ], [ -46.797732301556366, -23.645232821862962 ], [ -46.797732105551809, -23.645232824135945 ], [ -46.797693590800264, -23.645247627935802 ], [ -46.797365674175815, -23.645373330694195 ], [ -46.793420004171871, -23.646886530760781 ], [ -46.793045177713637, -23.647030285031352 ], [ -46.792689657978109, -23.647166681709898 ], [ -46.792732133121405, -23.64739924652153 ], [ -46.792733430552396, -23.647400947155759 ], [ -46.792735573959973, -23.647414376589435 ], [ -46.792744102025182, -23.647443172935393 ], [ -46.792739969854267, -23.647442046866203 ], [ -46.792729645750342, -23.647619509167107 ], [ -46.792724635030474, -23.647719345071593 ], [ -46.792696127724355, -23.64796510143751 ], [ -46.792647042187056, -23.648196919185207 ], [ -46.792613081073661, -23.648323005065929 ], [ -46.792586720742946, -23.648395457045812 ], [ -46.792560263611044, -23.648468000438246 ], [ -46.792483365920937, -23.648629798571605 ], [ -46.792345186888483, -23.649056423400911 ], [ -46.792324567194434, -23.649132962616488 ], [ -46.792326640886792, -23.649191631551435 ], [ -46.79234781090463, -23.649248996109741 ], [ -46.792377135925101, -23.64934373953016 ], [ -46.792429570254356, -23.649451128150766 ], [ -46.792457574561702, -23.649542455543532 ], [ -46.792497460217085, -23.649664075542876 ], [ -46.792512217023599, -23.6497615157053 ], [ -46.792521454723662, -23.649835181341743 ], [ -46.792352000031528, -23.650074350567166 ], [ -46.792266801907637, -23.650180982974753 ], [ -46.792230147949866, -23.650296535199686 ], [ -46.792239222350759, -23.650775454680637 ], [ -46.792239596763984, -23.650896448029592 ], [ -46.792237405783638, -23.651016206886176 ], [ -46.792222585851874, -23.651144328778578 ], [ -46.792154031372291, -23.651256728282334 ], [ -46.79205304546857, -23.651334196700979 ], [ -46.79193823836723, -23.651418868000963 ], [ -46.791831838104116, -23.651465878571685 ], [ -46.791745046070126, -23.651549142299512 ], [ -46.791740178565306, -23.651659541238466 ] ] ] } },
{ "type": "Feature", "properties": { "nome": "NOSSA SENHORA DE FATIMA", "codigo": 4, "regiao": "LESTE", "populacao_2010": 10054, "mulheres_2010": 5101, "homens_2010": 4953, "domicilios": 2981, "populacao_2015": 10600, "area_km2": 0.53, "densidade_2015": 20118.78, "fonte_cartografica": "Base oficial de Limites Administrativos de Embu das Artes", "crs_origem": "SIRGAS 2000 / UTM zone 23S (EPSG:31983)", "status_geometria": "oficial", "nota_demografica": "Atributos populacionais da base referem-se principalmente a 2010 e 2015; não devem ser apresentados como dados atuais." }, "geometry": { "type": "Polygon", "coordinates": [ [ [ -46.811299210821971, -23.645048081203726 ], [ -46.81144318682999, -23.645118455272421 ], [ -46.81151751293595, -23.64516327662313 ], [ -46.81187765936275, -23.645386162583115 ], [ -46.81215914416336, -23.645583871608203 ], [ -46.812534764582992, -23.645905268709008 ], [ -46.812650818862835, -23.646004953095773 ], [ -46.812832670929154, -23.646191996958585 ], [ -46.81315104425078, -23.646491487809985 ], [ -46.813579347921845, -23.646894164424452 ], [ -46.814129724240779, -23.647406114100558 ], [ -46.814163090269403, -23.647437417527915 ], [ -46.814198684237127, -23.647466798654758 ], [ -46.814236401915004, -23.647493807219153 ], [ -46.814275946802539, -23.647518266097737 ], [ -46.814317223385508, -23.64754035699929 ], [ -46.81448418791846, -23.647599984591142 ], [ -46.814616813069911, -23.647614595076988 ], [ -46.814766831345622, -23.647618166295185 ], [ -46.815237438141054, -23.647456082690269 ], [ -46.815358728413521, -23.647409333684376 ], [ -46.815546890163851, -23.64734292951308 ], [ -46.81598581313726, -23.647207671540642 ], [ -46.816431689765331, -23.647093369850854 ], [ -46.816963676834391, -23.646968576531751 ], [ -46.817119405252164, -23.646931445385739 ], [ -46.817207660804073, -23.646912983679428 ], [ -46.817297066691495, -23.646899745604188 ], [ -46.817387229667474, -23.646891645471992 ], [ -46.817477760227128, -23.646888868439735 ], [ -46.817555617820354, -23.646891115928906 ], [ -46.817633247519176, -23.646898151736639 ], [ -46.817710160567358, -23.646910071889963 ], [ -46.817785961221098, -23.646926610142422 ], [ -46.817860452235692, -23.646947678512433 ], [ -46.818020416728331, -23.647004314280057 ], [ -46.818176004251079, -23.647070482286647 ], [ -46.818326525071342, -23.647145919746762 ], [ -46.818817752080101, -23.647412308660293 ], [ -46.81913732600772, -23.64758481621643 ], [ -46.819799686861508, -23.647942559300574 ], [ -46.820018057327538, -23.648054761519528 ], [ -46.820182389951746, -23.648129402815222 ], [ -46.820515718657411, -23.648275650319608 ], [ -46.820952312816523, -23.64844677947189 ], [ -46.821325311004301, -23.648569623979231 ], [ -46.82143043501376, -23.648601346697838 ], [ -46.821677798768981, -23.648096124239768 ], [ -46.821739473861896, -23.647970249427839 ], [ -46.821807065458231, -23.647825704123939 ], [ -46.821914217719339, -23.647600511150966 ], [ -46.821987088907719, -23.647469177210422 ], [ -46.822086526285119, -23.647316853232162 ], [ -46.821725429416588, -23.646722526380813 ], [ -46.821681630625847, -23.646659924319007 ], [ -46.821700655330325, -23.64655441582066 ], [ -46.821783667699826, -23.646100787315731 ], [ -46.821941863836614, -23.645484735932083 ], [ -46.82223873546809, -23.644931164437942 ], [ -46.822101641303838, -23.644296461175756 ], [ -46.82202015978681, -23.644195203962532 ], [ -46.821869539438943, -23.644020445750794 ], [ -46.821691551255441, -23.643808716776071 ], [ -46.821308739152414, -23.643004253927863 ], [ -46.82127814183071, -23.642939329462923 ], [ -46.821406363745858, -23.642699893488654 ], [ -46.821183506309637, -23.642517856471741 ], [ -46.821065355954197, -23.642486466918925 ], [ -46.820754687109229, -23.64240424436047 ], [ -46.82025217660383, -23.641554862135749 ], [ -46.82017086929109, -23.641572250561669 ], [ -46.820170370557527, -23.641571624345321 ], [ -46.820084398792595, -23.641627352960455 ], [ -46.819995608724525, -23.641684830237555 ], [ -46.819598298697422, -23.64168064470833 ], [ -46.818920322461196, -23.641772033652924 ], [ -46.818530166888429, -23.641718188965697 ], [ -46.818141509762562, -23.641772771193569 ], [ -46.817254380863247, -23.641808274279139 ], [ -46.816848266866479, -23.641904774683457 ], [ -46.816152429084156, -23.642143904727217 ], [ -46.81610391790084, -23.642137249307961 ], [ -46.816055504720325, -23.642130592725302 ], [ -46.816008074025397, -23.642124105211195 ], [ -46.815957303893249, -23.642117115020799 ], [ -46.815910658443592, -23.642110708574844 ], [ -46.815761981520687, -23.642090237077717 ], [ -46.815640829469046, -23.642082716618738 ], [ -46.8155148659364, -23.642060353554474 ], [ -46.815403639648672, -23.64204052670452 ], [ -46.815388025431346, -23.642038361838619 ], [ -46.815382026205462, -23.64210082667838 ], [ -46.815378427166458, -23.64213834169464 ], [ -46.815373795380168, -23.642186252852873 ], [ -46.815368561052487, -23.642240220903659 ], [ -46.815364613607727, -23.642280900361804 ], [ -46.815360496320451, -23.642323478026199 ], [ -46.815358438298979, -23.642344811999063 ], [ -46.815355605404797, -23.642373920507982 ], [ -46.81535080252133, -23.642423639590067 ], [ -46.815346681491668, -23.642465946409406 ], [ -46.815344452380515, -23.642489088306874 ], [ -46.815342829546502, -23.642506444156197 ], [ -46.81533999913912, -23.642535733227664 ], [ -46.815338365094114, -23.64255227654348 ], [ -46.815333903130913, -23.642598289493517 ], [ -46.815327506933407, -23.642639087919019 ], [ -46.815320210455724, -23.642685675834738 ], [ -46.81531354391926, -23.642728193050576 ], [ -46.815306515275317, -23.642772881611929 ], [ -46.815298492086306, -23.642823631655318 ], [ -46.815225990569175, -23.643394158510198 ], [ -46.815103446698018, -23.643363989670757 ], [ -46.81494839812796, -23.643315148791682 ], [ -46.814929232868764, -23.643325576614576 ], [ -46.814910164361009, -23.643335913006496 ], [ -46.81442217939108, -23.643544610565861 ], [ -46.814223965944564, -23.64362097306234 ], [ -46.813643266007396, -23.643844658834333 ], [ -46.813011182647081, -23.644088176521802 ], [ -46.812941276986216, -23.644115179915286 ], [ -46.812659522634895, -23.644217890638924 ], [ -46.812524253585387, -23.644267238880666 ], [ -46.812195947027504, -23.644448689538386 ], [ -46.812081922300003, -23.64452469733185 ], [ -46.811894859629824, -23.644649415683304 ], [ -46.811769763121227, -23.644732866656685 ], [ -46.81153653025968, -23.644907155013655 ], [ -46.811507716004726, -23.64492871132374 ], [ -46.811299210821971, -23.645048081203726 ] ] ] } },
{ "type": "Feature", "properties": { "nome": "OLIVEIRAS", "codigo": 17, "regiao": "CENTRO", "populacao_2010": 4788, "mulheres_2010": 2417, "homens_2010": 2371, "domicilios": 1141, "populacao_2015": 5168, "area_km2": 1.12, "densidade_2015": 4607.46, "fonte_cartografica": "Base oficial de Limites Administrativos de Embu das Artes", "crs_origem": "SIRGAS 2000 / UTM zone 23S (EPSG:31983)", "status_geometria": "oficial", "nota_demografica": "Atributos populacionais da base referem-se principalmente a 2010 e 2015; não devem ser apresentados como dados atuais." }, "geometry": { "type": "Polygon", "coordinates": [ [ [ -46.809738678180551, -23.619304388665991 ], [ -46.809787212015472, -23.619534439833952 ], [ -46.80981363637818, -23.619588941580165 ], [ -46.80980517553067, -23.619807648118837 ], [ -46.809830655044124, -23.619950290267045 ], [ -46.809869151292659, -23.62002036276656 ], [ -46.809905892692228, -23.620133888341684 ], [ -46.809977792863442, -23.620652254401325 ], [ -46.810070109311368, -23.620944731256674 ], [ -46.810174986628795, -23.621217015650824 ], [ -46.810347136357912, -23.621364176713733 ], [ -46.810553203923085, -23.621526292132099 ], [ -46.810734369487143, -23.622093948376193 ], [ -46.810947367239621, -23.622375083293701 ], [ -46.811147655801193, -23.622701153269279 ], [ -46.811302765503918, -23.623019984937237 ], [ -46.811369884297164, -23.623118888504617 ], [ -46.811479334912683, -23.623196078076955 ], [ -46.811697500430547, -23.623318320040376 ], [ -46.811875811991634, -23.623421523137608 ], [ -46.811958826455168, -23.623536042625673 ], [ -46.811999653780319, -23.623761126133779 ], [ -46.812061365199646, -23.62383733782001 ], [ -46.812179854325741, -23.623937446839459 ], [ -46.812165103874285, -23.624083357510401 ], [ -46.812163867188865, -23.624135924450606 ], [ -46.811927452330742, -23.62456786473448 ], [ -46.811850260456048, -23.624698522253162 ], [ -46.811806093811249, -23.624779221301818 ], [ -46.811745547797578, -23.624887471445927 ], [ -46.811706213418333, -23.624970371442469 ], [ -46.811574366766976, -23.625160269509923 ], [ -46.811535553061979, -23.625238287384196 ], [ -46.811504661207358, -23.625307995768029 ], [ -46.811433725765241, -23.625423319957424 ], [ -46.81133211564098, -23.625481664097279 ], [ -46.81122753307617, -23.62558753878654 ], [ -46.811080793264352, -23.625670880036449 ], [ -46.810926267216622, -23.625815171832613 ], [ -46.810812837534236, -23.6258906293662 ], [ -46.810617267059378, -23.626178881014297 ], [ -46.810581702200288, -23.626364945565562 ], [ -46.810592547009456, -23.626512182721175 ], [ -46.810666486503585, -23.626593850559164 ], [ -46.810802198087458, -23.626770330836965 ], [ -46.811039068591079, -23.626962425049076 ], [ -46.811260417041453, -23.62717312057454 ], [ -46.811326385512899, -23.627252352831942 ], [ -46.811495333866404, -23.627351331183277 ], [ -46.811625273725639, -23.627414465803806 ], [ -46.811753441164583, -23.627533965939268 ], [ -46.812000835899454, -23.627650267258119 ], [ -46.812188216087918, -23.627813771952475 ], [ -46.812290844352496, -23.627893388104052 ], [ -46.812353322106652, -23.628017989413753 ], [ -46.812515220065784, -23.628231183492971 ], [ -46.812595307655691, -23.628488765972236 ], [ -46.812677444665084, -23.62874569236147 ], [ -46.812896651678471, -23.629241746571576 ], [ -46.812864719457359, -23.629527727006664 ], [ -46.812945622447018, -23.62978746677322 ], [ -46.813129786886762, -23.629987577663346 ], [ -46.813208597520415, -23.630152259714691 ], [ -46.813449681099762, -23.630336444658379 ], [ -46.813513072683847, -23.630384914913535 ], [ -46.813789047077734, -23.630611762618535 ], [ -46.814651658446479, -23.630985702108838 ], [ -46.814735989788126, -23.631088556030576 ], [ -46.814745800775981, -23.631131964009938 ], [ -46.814723236948801, -23.63124410504431 ], [ -46.814779665319591, -23.631334824539934 ], [ -46.814873477820917, -23.631421584994175 ], [ -46.815194810120751, -23.631589838699075 ], [ -46.815421473035784, -23.631673147618741 ], [ -46.815605382261396, -23.631733479699779 ], [ -46.815655759761817, -23.631804675395639 ], [ -46.815785629880196, -23.631975981810207 ], [ -46.815834822103632, -23.63205360234193 ], [ -46.81592253947975, -23.632167341715896 ], [ -46.816018010508081, -23.632232140013823 ], [ -46.816091445005718, -23.632369072044561 ], [ -46.816108557298378, -23.632451492641046 ], [ -46.816155969857995, -23.632527960038622 ], [ -46.816210549395016, -23.632903675229855 ], [ -46.816235216712698, -23.63346972377725 ], [ -46.81634030771319, -23.633777034870313 ], [ -46.816395709914552, -23.633906863885855 ], [ -46.816468348162097, -23.634021501827423 ], [ -46.816527369524032, -23.634079773855849 ], [ -46.816544525993457, -23.634165354210072 ], [ -46.816548650220206, -23.634244044121015 ], [ -46.816599602042224, -23.634370945395755 ], [ -46.816677054875527, -23.634486429773421 ], [ -46.816793096657612, -23.634727786278685 ], [ -46.816986249095308, -23.634974559914053 ], [ -46.817066420307412, -23.635031319738943 ], [ -46.817304609444356, -23.635104196701985 ], [ -46.817538175171478, -23.63516872993852 ], [ -46.817652876929706, -23.635213526820241 ], [ -46.817831621335444, -23.635282675193167 ], [ -46.818039921824841, -23.635490623071505 ], [ -46.81822007124142, -23.635696914197734 ], [ -46.818236046373713, -23.635824586094397 ], [ -46.818498703885197, -23.636043814977331 ], [ -46.818566642605305, -23.636108934344477 ], [ -46.818641231981346, -23.636165939331718 ], [ -46.818801445624786, -23.636277020581286 ], [ -46.819135809276943, -23.636216844001016 ], [ -46.819245363484249, -23.636172758440601 ], [ -46.819424643214269, -23.636003968601631 ], [ -46.81956100579233, -23.635935278658994 ], [ -46.820005962259415, -23.635856646295494 ], [ -46.820159254307896, -23.635835704318019 ], [ -46.820252911017761, -23.635825665668712 ], [ -46.820401374599882, -23.635852456409022 ], [ -46.820489231034813, -23.635869484204328 ], [ -46.820546415932448, -23.63587982895789 ], [ -46.820619876009992, -23.635897657765373 ], [ -46.820690320184873, -23.635924190360072 ], [ -46.82075049766442, -23.635980821728879 ], [ -46.820820322142744, -23.636012147222797 ], [ -46.820899172573661, -23.636022869513202 ], [ -46.820966878477272, -23.636028575764318 ], [ -46.821203781711411, -23.636043672218602 ], [ -46.821333025463858, -23.636048474968852 ], [ -46.821518986038271, -23.636107691911921 ], [ -46.816983674780687, -23.637847992169959 ], [ -46.817150918338548, -23.6379499630896 ], [ -46.817260370867025, -23.637983534642238 ], [ -46.817338921357297, -23.638000853826224 ], [ -46.817774864373447, -23.638106356455676 ], [ -46.818295133547309, -23.638235700390844 ], [ -46.818887592910912, -23.638375934195462 ], [ -46.818935095939501, -23.638387747505949 ], [ -46.819964407683969, -23.638642223112907 ], [ -46.820156289297898, -23.638682861353061 ], [ -46.8204852857803, -23.63850355395822 ], [ -46.820487486652603, -23.638506778772129 ], [ -46.820688282391828, -23.638759597443993 ], [ -46.820713782640581, -23.638760833042099 ], [ -46.820737412328675, -23.638775634991383 ], [ -46.820764114879466, -23.638792929139012 ], [ -46.820790153947229, -23.638811856399681 ], [ -46.820812601451998, -23.638826220739158 ], [ -46.820830210919759, -23.638838023307311 ], [ -46.820856618256869, -23.638855230608446 ], [ -46.820879774234946, -23.638871211944231 ], [ -46.820900646323352, -23.638885052995267 ], [ -46.820921264401477, -23.638901786495939 ], [ -46.820942367469549, -23.638918153114183 ], [ -46.820964309479514, -23.638938482897323 ], [ -46.82098099842019, -23.63896167354396 ], [ -46.820997635452677, -23.638974029287269 ], [ -46.821027952698643, -23.638990468269693 ], [ -46.821054891153203, -23.638996472601956 ], [ -46.821082998769988, -23.639009054799878 ], [ -46.821102917324872, -23.639038979694043 ], [ -46.821120181787983, -23.639061260604816 ], [ -46.821139026693523, -23.639084425909733 ], [ -46.821154820676767, -23.639113767168649 ], [ -46.821165079933479, -23.63913269910741 ], [ -46.821161620935783, -23.639151882469157 ], [ -46.821152207889277, -23.639172851386121 ], [ -46.821150677039483, -23.639196797784304 ], [ -46.821151042401944, -23.639216116818915 ], [ -46.821150441542436, -23.639236440457243 ], [ -46.821133191809238, -23.639250638928729 ], [ -46.821111411741995, -23.639263265281667 ], [ -46.821093932275659, -23.63927502845765 ], [ -46.821073049161541, -23.639288727821754 ], [ -46.82104882416423, -23.639301744065683 ], [ -46.82102872626308, -23.639315524497956 ], [ -46.821005327704626, -23.639331601090493 ], [ -46.820982250614108, -23.639349660414545 ], [ -46.820960407497552, -23.639364815773884 ], [ -46.820943021003337, -23.639376216658459 ], [ -46.820925666986021, -23.639389964853748 ], [ -46.820899941465171, -23.639407874677886 ], [ -46.820880241764399, -23.639422101895494 ], [ -46.820859945334746, -23.639435704047109 ], [ -46.820839740651643, -23.639448853639198 ], [ -46.820819464200078, -23.639463900286028 ], [ -46.82079140796332, -23.63948337249461 ], [ -46.820774332916272, -23.639496033847163 ], [ -46.820751617772579, -23.639511921786905 ], [ -46.820727643654358, -23.639528908058601 ], [ -46.82071017161153, -23.639541212882744 ], [ -46.82068884089805, -23.639557987516273 ], [ -46.820669574927351, -23.639568146299229 ], [ -46.820651355692313, -23.639576035390569 ], [ -46.820625153746519, -23.63958076756094 ], [ -46.820599544775597, -23.639585853947995 ], [ -46.820572674333533, -23.6395918581022 ], [ -46.820547165852638, -23.639597123892699 ], [ -46.820525441777455, -23.639599636366452 ], [ -46.820505466657067, -23.639601044750812 ], [ -46.820425251715797, -23.639307621808534 ], [ -46.819860643357693, -23.639509108396659 ], [ -46.819321609145263, -23.639696026163801 ], [ -46.819276701894026, -23.639801115827915 ], [ -46.819278550598689, -23.639849763665595 ], [ -46.819509215179906, -23.639824302389798 ], [ -46.819885253081715, -23.639871177208228 ], [ -46.82020054625152, -23.639955153491833 ], [ -46.820345468503966, -23.639973588092921 ], [ -46.820482891033834, -23.63996709864103 ], [ -46.820622385683563, -23.639940358448992 ], [ -46.821104514564517, -23.639664350446662 ], [ -46.821905372249844, -23.639182604281924 ], [ -46.822362276322501, -23.63885487857997 ], [ -46.822642970776066, -23.638556763279503 ], [ -46.822780141828474, -23.63827749100545 ], [ -46.822854479868496, -23.637898638592773 ], [ -46.822876320373219, -23.637472907684746 ], [ -46.822897371938808, -23.636968989803236 ], [ -46.822877808316392, -23.636221660166353 ], [ -46.822896090670476, -23.63591407804282 ], [ -46.82294837232822, -23.635655307490826 ], [ -46.823065486313681, -23.63547785371026 ], [ -46.823276646775696, -23.635269044993969 ], [ -46.823421321233695, -23.635192127427107 ], [ -46.823718752138873, -23.635091110244346 ], [ -46.824013852930236, -23.635083666431715 ], [ -46.824289254246395, -23.63512575534121 ], [ -46.824658729717278, -23.635301097059664 ], [ -46.82502308831863, -23.635517311775793 ], [ -46.825365172120257, -23.635653785688458 ], [ -46.825633096963124, -23.63575736127455 ], [ -46.826220091524839, -23.63587848886462 ], [ -46.82669652121082, -23.635963534222732 ], [ -46.826971972099535, -23.635698341196473 ], [ -46.826739637364852, -23.635652228304359 ], [ -46.826178111984596, -23.635494774701879 ], [ -46.825601092086984, -23.635287116347275 ], [ -46.824962950952504, -23.63496179722981 ], [ -46.824303310295363, -23.634513474391706 ], [ -46.823932815038731, -23.634207756430136 ], [ -46.823541515205044, -23.633829232749708 ], [ -46.823164384233912, -23.633405032242429 ], [ -46.822439629881131, -23.632542466019377 ], [ -46.822006605455371, -23.632009390064336 ], [ -46.821025282058272, -23.630848963964254 ], [ -46.819852278022772, -23.629426212360968 ], [ -46.819001576418785, -23.628396432048984 ], [ -46.818642541085815, -23.627960358343437 ], [ -46.817778350027488, -23.626910411716352 ], [ -46.817473946271704, -23.626547918049255 ], [ -46.816917749143279, -23.62588524885641 ], [ -46.815795575522522, -23.624553065149964 ], [ -46.814753763484127, -23.623297496442849 ], [ -46.814185203177217, -23.622624576369244 ], [ -46.81365161510179, -23.621978695118649 ], [ -46.813395538371417, -23.621708000307901 ], [ -46.813120013205783, -23.621469587519776 ], [ -46.812784671101269, -23.621199908216003 ], [ -46.812085493202311, -23.62074747427398 ], [ -46.810191789355166, -23.619573062352789 ], [ -46.809738678180551, -23.619304388665991 ] ] ] } },
{ "type": "Feature", "properties": { "nome": "PARQUE INDUSTRIAL", "codigo": 12, "regiao": "CENTRO", "populacao_2010": 5974, "mulheres_2010": 3066, "homens_2010": 2908, "domicilios": 1851, "populacao_2015": 6450, "area_km2": 5.87, "densidade_2015": 1098.91, "fonte_cartografica": "Base oficial de Limites Administrativos de Embu das Artes", "crs_origem": "SIRGAS 2000 / UTM zone 23S (EPSG:31983)", "status_geometria": "oficial", "nota_demografica": "Atributos populacionais da base referem-se principalmente a 2010 e 2015; não devem ser apresentados como dados atuais." }, "geometry": { "type": "Polygon", "coordinates": [ [ [ -46.819278550598689, -23.639849763665595 ], [ -46.81928062899987, -23.639900846798998 ], [ -46.819307453191385, -23.639976561259662 ], [ -46.819350549838134, -23.6401091518232 ], [ -46.819361693323387, -23.640170783505052 ], [ -46.819388254251216, -23.640227448584813 ], [ -46.819407685764034, -23.640264693391128 ], [ -46.819419554030354, -23.640286586336821 ], [ -46.819432218762906, -23.640309372894663 ], [ -46.819446041993665, -23.64033088171292 ], [ -46.819459478232375, -23.640352756254853 ], [ -46.819471721029899, -23.64037338065695 ], [ -46.819482790358066, -23.640394199420538 ], [ -46.819495884552261, -23.64041968981083 ], [ -46.819513966011094, -23.640451442389693 ], [ -46.819527826721377, -23.640475659637815 ], [ -46.819543014462475, -23.640496610656484 ], [ -46.819558006213377, -23.640517563973443 ], [ -46.819573754485809, -23.64053652189931 ], [ -46.819588135789871, -23.640555857049655 ], [ -46.819601031530162, -23.640581169165884 ], [ -46.819610550413337, -23.640603270257216 ], [ -46.819621270240027, -23.640627163172468 ], [ -46.81962850210374, -23.640653986492435 ], [ -46.819637691427928, -23.640680606246796 ], [ -46.819647059273592, -23.640705959761835 ], [ -46.819658942604867, -23.640728936058693 ], [ -46.819668270508302, -23.640751400570306 ], [ -46.819673688492109, -23.640774633337468 ], [ -46.819680681933427, -23.640798389389584 ], [ -46.819689617855062, -23.640820858499819 ], [ -46.819702159106988, -23.6408488836435 ], [ -46.819714489387103, -23.640875827710559 ], [ -46.819724837242454, -23.640901169716724 ], [ -46.819732828159026, -23.640926178201362 ], [ -46.81974079161175, -23.640949200496877 ], [ -46.819748569059819, -23.640972947342515 ], [ -46.819755999466103, -23.640999948914793 ], [ -46.819763871808831, -23.641030557137174 ], [ -46.8197681063575, -23.641053262013383 ], [ -46.819773720370975, -23.641076492473889 ], [ -46.819781271872934, -23.641098074866214 ], [ -46.81979446359059, -23.641130607161603 ], [ -46.819804851438683, -23.641158838160617 ], [ -46.819813430377778, -23.641183839736886 ], [ -46.819822577331628, -23.641207389910281 ], [ -46.819832101298353, -23.641229852106385 ], [ -46.819841843739539, -23.641253937064178 ], [ -46.819854905635012, -23.641277080098547 ], [ -46.819870703991725, -23.641299649235499 ], [ -46.819888268818225, -23.641322378227443 ], [ -46.81990544915012, -23.641345653505908 ], [ -46.819916709639465, -23.641366108801016 ], [ -46.819926228640654, -23.641388209864093 ], [ -46.819934179673645, -23.641410329331794 ], [ -46.819944756081917, -23.64143801632892 ], [ -46.819958066456984, -23.641464948864687 ], [ -46.819969532951944, -23.641486124103981 ], [ -46.819980677385232, -23.641512359694975 ], [ -46.819995912778275, -23.641536741343149 ], [ -46.82002981911549, -23.641578782405002 ], [ -46.82005103302108, -23.641596050781924 ], [ -46.820084398792595, -23.641627352960455 ], [ -46.820170370557527, -23.641571624345321 ], [ -46.82017086929109, -23.641572250561669 ], [ -46.82025217660383, -23.641554862135749 ], [ -46.820754687109229, -23.64240424436047 ], [ -46.821065355954197, -23.642486466918925 ], [ -46.821183506309637, -23.642517856471741 ], [ -46.821406363745858, -23.642699893488654 ], [ -46.82127814183071, -23.642939329462923 ], [ -46.821308739152414, -23.643004253927863 ], [ -46.821691551255441, -23.643808716776071 ], [ -46.821869539438943, -23.644020445750794 ], [ -46.82202015978681, -23.644195203962532 ], [ -46.822101641303838, -23.644296461175756 ], [ -46.82223873546809, -23.644931164437942 ], [ -46.821941863836614, -23.645484735932083 ], [ -46.821783667699826, -23.646100787315731 ], [ -46.821700655330325, -23.64655441582066 ], [ -46.821681630625847, -23.646659924319007 ], [ -46.821725429416588, -23.646722526380813 ], [ -46.822086526285119, -23.647316853232162 ], [ -46.821987088907719, -23.647469177210422 ], [ -46.821914217719339, -23.647600511150966 ], [ -46.821807065458231, -23.647825704123939 ], [ -46.821739473861896, -23.647970249427839 ], [ -46.821677798768981, -23.648096124239768 ], [ -46.82143043501376, -23.648601346697838 ], [ -46.821689799486251, -23.648679564966784 ], [ -46.82237673844201, -23.648857770392375 ], [ -46.822423962807711, -23.648870398351931 ], [ -46.822481771575994, -23.648882901849117 ], [ -46.82254032060149, -23.648892236268338 ], [ -46.822599315869063, -23.648898405066106 ], [ -46.822806308749591, -23.648910779520886 ], [ -46.823021388784255, -23.648891364774528 ], [ -46.823263820826043, -23.648843997504009 ], [ -46.824987597753946, -23.648462890090901 ], [ -46.826922655948941, -23.648043878055184 ], [ -46.82801794217086, -23.647848116556052 ], [ -46.828320142066133, -23.647834619900184 ], [ -46.828622682076229, -23.647838545689979 ], [ -46.828924385035755, -23.647859817511055 ], [ -46.829224072523239, -23.647898268677483 ], [ -46.829520470622867, -23.647953914230666 ], [ -46.830152546295921, -23.648091467304905 ], [ -46.830851281309378, -23.648243490338192 ], [ -46.831074853288477, -23.648292137299386 ], [ -46.831507226639751, -23.648349332976697 ], [ -46.831666159557962, -23.648359554578295 ], [ -46.831913279747333, -23.64835356417607 ], [ -46.832029470757199, -23.648349301491866 ], [ -46.832039697579063, -23.648407962955002 ], [ -46.832042008152499, -23.648524597360762 ], [ -46.832023104760907, -23.64863118881707 ], [ -46.832006674053318, -23.648739376364361 ], [ -46.831979201665987, -23.64885004209307 ], [ -46.831957555149394, -23.648935627125049 ], [ -46.831931351282392, -23.649003658405299 ], [ -46.83190705597432, -23.649075008056872 ], [ -46.831878136747498, -23.649131062127477 ], [ -46.831831737956527, -23.649212966676757 ], [ -46.831797418487803, -23.649275405236573 ], [ -46.831777627201738, -23.649318258578056 ], [ -46.831730051171768, -23.649421215852868 ], [ -46.831702811572612, -23.649464157207198 ], [ -46.83166703564239, -23.649513520114478 ], [ -46.831634095393362, -23.649548311938247 ], [ -46.831629361102266, -23.649553243837499 ], [ -46.831586727323455, -23.649595825313202 ], [ -46.831507158736024, -23.649646789212209 ], [ -46.831428793739676, -23.649692682306412 ], [ -46.83133215975591, -23.649735901760337 ], [ -46.831264884158401, -23.649782747299064 ], [ -46.83114070863224, -23.649868369717435 ], [ -46.831011410366379, -23.649959199400648 ], [ -46.830888039916722, -23.650053390190131 ], [ -46.830549476058053, -23.650187053372864 ], [ -46.830564850279153, -23.650573336434988 ], [ -46.830615205781491, -23.651719313530933 ], [ -46.830619993212416, -23.651880163493239 ], [ -46.830669028716592, -23.653494518398194 ], [ -46.83067707457807, -23.654072494741076 ], [ -46.830673551139093, -23.654389744213379 ], [ -46.830671623261289, -23.654638530893038 ], [ -46.830647535989961, -23.654992502612895 ], [ -46.830592245846262, -23.655400568683785 ], [ -46.830555778772798, -23.65563278779576 ], [ -46.830491020023885, -23.655931076149908 ], [ -46.830392943261863, -23.656300549630814 ], [ -46.830352335224923, -23.656425456358811 ], [ -46.830118157232484, -23.657108869045043 ], [ -46.830089402831909, -23.65719101628591 ], [ -46.829674962150776, -23.658375258842874 ], [ -46.829551776930423, -23.658842637718323 ], [ -46.829487457031476, -23.659172704541131 ], [ -46.829437280450009, -23.659561115788257 ], [ -46.829407595755946, -23.659900525554402 ], [ -46.829393314670433, -23.660395874213133 ], [ -46.829394134450034, -23.660652032611832 ], [ -46.829429451619454, -23.661090722180944 ], [ -46.82947462465544, -23.661406403298518 ], [ -46.829474634706678, -23.661407125543018 ], [ -46.829500542699925, -23.661409167311032 ], [ -46.82963325552462, -23.661407871103641 ], [ -46.829733673194923, -23.661431606808005 ], [ -46.829915730313161, -23.661411758849784 ], [ -46.830025748131632, -23.661392761561039 ], [ -46.83034245185155, -23.661397869560265 ], [ -46.830827199432107, -23.661418689234736 ], [ -46.831134851219794, -23.661463632517165 ], [ -46.832982231524682, -23.661163498557428 ], [ -46.833309617538077, -23.661941672480864 ], [ -46.833445620109245, -23.662063767666076 ], [ -46.833546296099207, -23.662120004068015 ], [ -46.833570457435385, -23.662116286918348 ], [ -46.833594617510656, -23.662112479484641 ], [ -46.833618568965555, -23.662107771563708 ], [ -46.833642416109043, -23.662102613397405 ], [ -46.83366585104968, -23.662096015381959 ], [ -46.833689081146623, -23.66208878772067 ], [ -46.833711601222959, -23.662079852849594 ], [ -46.833733920232838, -23.662070559174083 ], [ -46.833755936385131, -23.662060637013266 ], [ -46.833777752730057, -23.662050446328585 ], [ -46.833799063894304, -23.662039178077237 ], [ -46.833820077238002, -23.662027642462384 ], [ -46.833840787723382, -23.662015478362761 ], [ -46.833861200388029, -23.662003046899887 ], [ -46.833882213720116, -23.661991511277229 ], [ -46.833903426852395, -23.6619802441727 ], [ -46.833924939057177, -23.661969334706395 ], [ -46.833946453777251, -23.661958605797981 ], [ -46.833967766170545, -23.661947427805451 ], [ -46.833988978028245, -23.661936070409716 ], [ -46.834009889546188, -23.661924265090189 ], [ -46.834030603775219, -23.661912371808118 ], [ -46.834050713549587, -23.6618993118405 ], [ -46.834070827098635, -23.661886522711452 ], [ -46.834092139468844, -23.661875344703081 ], [ -46.834113955754518, -23.661865153974322 ], [ -46.834135470440799, -23.661854425041518 ], [ -46.834156982604142, -23.6618435155453 ], [ -46.834178497283055, -23.661832786606929 ], [ -46.834200011958316, -23.661822057665781 ], [ -46.834220923437812, -23.661810252319881 ], [ -46.834241733121679, -23.661798177290756 ], [ -46.83426254658076, -23.661786373100007 ], [ -46.834283458048567, -23.661774567746317 ], [ -46.834304770381102, -23.661763389710782 ], [ -46.834326285033818, -23.661752660753333 ], [ -46.834348603939851, -23.661743366995008 ], [ -46.834371226958567, -23.661734791994924 ], [ -46.834394558738531, -23.66172783391438 ], [ -46.834417991047992, -23.661721055230657 ], [ -46.834441019966079, -23.661713468662544 ], [ -46.834463945829349, -23.661705522130408 ], [ -46.834485460458325, -23.661694793152162 ], [ -46.834506973823743, -23.661683973890835 ], [ -46.834529391976204, -23.661674769227695 ], [ -46.834552118021847, -23.66166655416329 ], [ -46.834576065571724, -23.661661575260247 ], [ -46.834600122471485, -23.661657407715786 ], [ -46.834624389253968, -23.661654230929834 ], [ -46.834648761607333, -23.661651594661379 ], [ -46.834673141519367, -23.661649500070919 ], [ -46.834697523950354, -23.661647586037265 ], [ -46.834722016993069, -23.661646573642134 ], [ -46.834746515075281, -23.661645922364333 ], [ -46.834771013156967, -23.661645271082669 ], [ -46.834795511238127, -23.661644619797137 ], [ -46.834820011838929, -23.661644149068323 ], [ -46.834844514959485, -23.66164385889623 ], [ -46.834869006738558, -23.661642756197679 ], [ -46.834893397984182, -23.661641474095447 ], [ -46.834917874639949, -23.661639288025789 ], [ -46.83494215148918, -23.661636833433004 ], [ -46.834965789854884, -23.661630774589817 ], [ -46.834989121578737, -23.661623816422708 ], [ -46.835012047387693, -23.661615869812351 ], [ -46.835034769607354, -23.661607383838728 ], [ -46.83505769793075, -23.661599617782503 ], [ -46.835080824796606, -23.661592029961898 ], [ -46.835104156506382, -23.661585071778237 ], [ -46.835127491994356, -23.661578384432023 ], [ -46.835151336446444, -23.66157304548209 ], [ -46.835175184677325, -23.66156797736943 ], [ -46.835199030385432, -23.661562728692648 ], [ -46.835222874831011, -23.661557389732049 ], [ -46.835246107252921, -23.661550342408471 ], [ -46.835269235357771, -23.661542844841172 ], [ -46.835292159872566, -23.661534807910936 ], [ -46.83531498259071, -23.661526501297654 ], [ -46.835337909620314, -23.661518644921507 ], [ -46.835360834126057, -23.661510607981583 ], [ -46.835383356495655, -23.66150185344047 ], [ -46.835405775807793, -23.661492738936257 ], [ -46.835427287795717, -23.661481829273292 ], [ -46.8354486024948, -23.661470831649414 ], [ -46.835470315542011, -23.661460280779774 ], [ -46.835492130379485, -23.661449999586985 ], [ -46.835515876777443, -23.661444661744301 ], [ -46.835540037912665, -23.661440944298167 ], [ -46.835564449276106, -23.661441106577005 ], [ -46.835588882069594, -23.661442803616271 ], [ -46.8356123990322, -23.661449116556181 ], [ -46.835635917257477, -23.661455519772634 ], [ -46.835659809884845, -23.661460654417073 ], [ -46.835683792962101, -23.661465246215002 ], [ -46.83570749461073, -23.661470744295279 ], [ -46.835731104552309, -23.661476694934262 ], [ -46.835754151636344, -23.661484458141981 ], [ -46.835776816759498, -23.661492948233139 ], [ -46.835799199195193, -23.661502254326845 ], [ -46.835821292639956, -23.661511925021994 ], [ -46.835842813143181, -23.661522686044563 ], [ -46.835864142668299, -23.661533810507539 ], [ -46.83588556768759, -23.661544753245522 ], [ -46.835906993971129, -23.661555786260539 ], [ -46.835928131264417, -23.661567183877423 ], [ -46.835949173070567, -23.661578763213026 ], [ -46.835969061427491, -23.661591981526549 ], [ -46.835988948527444, -23.661605109557037 ], [ -46.83600902913426, -23.661618054701375 ], [ -46.836029205235505, -23.66163081812093 ], [ -46.836048996856512, -23.661644127864797 ], [ -46.836068499487943, -23.661657802211174 ], [ -46.836086843627612, -23.661672754415779 ], [ -46.836104802026505, -23.661688162665016 ], [ -46.836117325954348, -23.66170751800577 ], [ -46.836128682563292, -23.661727519244927 ], [ -46.836137406709689, -23.66174854492645 ], [ -46.836145059026578, -23.661770034785114 ], [ -46.836152612072667, -23.661791435524513 ], [ -46.836159580829296, -23.661813114073201 ], [ -46.836164399617459, -23.661835269576365 ], [ -46.836168337555421, -23.661857525813314 ], [ -46.83617198271827, -23.661879875814879 ], [ -46.836174446339228, -23.661894835615445 ], [ -46.836405987386605, -23.661943740274065 ], [ -46.83651688508661, -23.662163197454689 ], [ -46.836613703618461, -23.662223901976084 ], [ -46.836730252849733, -23.662328617148653 ], [ -46.836798230183618, -23.66238081452282 ], [ -46.836829293129242, -23.662548304914733 ], [ -46.83675622700197, -23.662805428722393 ], [ -46.836729140586982, -23.6629295444598 ], [ -46.836653629818578, -23.663018748262242 ], [ -46.836483769414649, -23.663224016142664 ], [ -46.836254126654566, -23.663262043448931 ], [ -46.83625832260276, -23.663562405660262 ], [ -46.836031544605866, -23.663812592311835 ], [ -46.835938427357092, -23.66401695018039 ], [ -46.835958994990605, -23.664113864024447 ], [ -46.836285212004626, -23.66411884678018 ], [ -46.836362821146942, -23.66417977905791 ], [ -46.836711334814424, -23.664405358479904 ], [ -46.836715766609153, -23.664469957242645 ], [ -46.836928375354418, -23.664538679356589 ], [ -46.836929734412038, -23.664572794793298 ], [ -46.836928937150361, -23.664606935797146 ], [ -46.836925981044274, -23.664640921807912 ], [ -46.836920670062852, -23.664674755149875 ], [ -46.836905372806768, -23.664751597073245 ], [ -46.836900453079892, -23.664771339738845 ], [ -46.836894154837225, -23.664790647273527 ], [ -46.836886480601606, -23.664809700237463 ], [ -46.836877424063992, -23.664828047229722 ], [ -46.836867183776789, -23.66484586648615 ], [ -46.836768822863419, -23.665039722446288 ], [ -46.836624657069912, -23.665323062071096 ], [ -46.836593420193182, -23.66538871575381 ], [ -46.836565831296319, -23.665455861201767 ], [ -46.836557483488491, -23.665475825088496 ], [ -46.836547853910915, -23.665495262399304 ], [ -46.836537040578378, -23.665514171972045 ], [ -46.836620699460603, -23.66540464547413 ], [ -46.836729694789405, -23.665221137744439 ], [ -46.83682869673293, -23.665094182877116 ], [ -46.836904700601046, -23.665019149441534 ], [ -46.836949766913506, -23.664989088588673 ], [ -46.837263877225652, -23.664801071516294 ], [ -46.83749003152289, -23.664723715315088 ], [ -46.837853071922517, -23.664648888563281 ], [ -46.837909910809913, -23.664675573685745 ], [ -46.837919337072513, -23.664683678710666 ], [ -46.837929245834744, -23.664691236240429 ], [ -46.837939733848756, -23.664698154832038 ], [ -46.837950703099843, -23.664704435648204 ], [ -46.837962054310893, -23.664709989571517 ], [ -46.837991835248744, -23.664722548453561 ], [ -46.838022476861404, -23.664733562102327 ], [ -46.838053681316651, -23.664742763165705 ], [ -46.838085547890365, -23.664750240760632 ], [ -46.838117683260336, -23.664755909258325 ], [ -46.838150284717052, -23.664759856612928 ], [ -46.83818295893817, -23.664761997195949 ], [ -46.838215803936947, -23.664762329844454 ], [ -46.838248525668185, -23.664760858047401 ], [ -46.838281125393173, -23.664757672085017 ], [ -46.838467843035986, -23.664734417687445 ], [ -46.838664166515727, -23.664718092078022 ], [ -46.838804675186523, -23.664713264106972 ], [ -46.838953563826777, -23.664704815032085 ], [ -46.839101425037484, -23.664685994082785 ], [ -46.839139927801128, -23.664677320164568 ], [ -46.839177908904986, -23.664666395054159 ], [ -46.839214977552679, -23.664653313686458 ], [ -46.839251035728253, -23.664638077225803 ], [ -46.839285985415955, -23.664620686836681 ], [ -46.839352891267744, -23.664582149185836 ], [ -46.839416997085642, -23.664539671771589 ], [ -46.83958831828938, -23.664417996688218 ], [ -46.839607813203777, -23.66440304711606 ], [ -46.839628304682535, -23.664389259543373 ], [ -46.839649595433734, -23.66437654601749 ], [ -46.839671788526189, -23.664365266494219 ], [ -46.839694587390454, -23.664355243904804 ], [ -46.839718090041231, -23.664346477085058 ], [ -46.839742200992035, -23.664339147758522 ], [ -46.839766721687802, -23.66433307769276 ], [ -46.839791556642282, -23.664328448611521 ], [ -46.83981670838358, -23.664325441074578 ], [ -46.839841975829394, -23.664323696289667 ], [ -46.839949212914448, -23.664316102094357 ], [ -46.840055461691279, -23.664300934783224 ], [ -46.840147408077868, -23.664272483323877 ], [ -46.840175710844008, -23.664263478832957 ], [ -46.840203402770221, -23.664252856282594 ], [ -46.840230286563454, -23.664240527721617 ], [ -46.840256266736816, -23.664226674874701 ], [ -46.84028114726155, -23.664211300070839 ], [ -46.840305027415361, -23.664194492426311 ], [ -46.840327614419742, -23.664176345714374 ], [ -46.840348808996517, -23.66415677081994 ], [ -46.840368712951907, -23.664136037419183 ], [ -46.840540764974982, -23.663905637497074 ], [ -46.840552771459585, -23.66388797763171 ], [ -46.840566062234124, -23.663871024867937 ], [ -46.840580345785206, -23.663854963258643 ], [ -46.840595815611941, -23.663839609914771 ], [ -46.840612182729522, -23.6638253294492 ], [ -46.84062964190138, -23.663812029252757 ], [ -46.840706269314317, -23.66376073425808 ], [ -46.840786795058712, -23.66371481060926 ], [ -46.840870730335553, -23.663674354402858 ], [ -46.841030707761803, -23.663603829282469 ], [ -46.841058656843146, -23.663590584978596 ], [ -46.841085899591413, -23.663575904343968 ], [ -46.841112242507947, -23.663559970268373 ], [ -46.841198224496267, -23.663504681196045 ], [ -46.84121455672063, -23.663494915834825 ], [ -46.841230285686279, -23.663484074101632 ], [ -46.841245021868261, -23.663472341215872 ], [ -46.841258960028938, -23.663459624568169 ], [ -46.841271905405939, -23.663446016768447 ], [ -46.84128202988871, -23.66343397750741 ], [ -46.841291362674212, -23.663421405885007 ], [ -46.841299906291887, -23.663408482461257 ], [ -46.841307560199169, -23.663395027841261 ], [ -46.841409380291559, -23.663203746797492 ], [ -46.841491563337996, -23.663024256856051 ], [ -46.841508381102351, -23.662993176084278 ], [ -46.841527073755685, -23.662962975975734 ], [ -46.841547643826566, -23.662933837089643 ], [ -46.841569995830689, -23.662905941150196 ], [ -46.841593932476549, -23.662879200206806 ], [ -46.841627487656694, -23.662846295166155 ], [ -46.841663328739997, -23.662815620320927 ], [ -46.841701360243285, -23.662787357394482 ], [ -46.841741482889141, -23.662761417270385 ], [ -46.841783407699232, -23.662738164562064 ], [ -46.841904484403585, -23.662675956702543 ], [ -46.841910425237543, -23.662673177227198 ], [ -46.841916565892021, -23.662670666260965 ], [ -46.841922810884256, -23.662668605528868 ], [ -46.841929157684206, -23.662666814471059 ], [ -46.84193570683486, -23.662665472482121 ], [ -46.841977949711207, -23.662657927264732 ], [ -46.841999642778283, -23.662652974021359 ], [ -46.842021549580487, -23.662649282363233 ], [ -46.842043769396355, -23.662646941404862 ], [ -46.842066106200882, -23.66264595347668 ], [ -46.842088362703954, -23.662646230629349 ], [ -46.842317201227651, -23.662655970387238 ], [ -46.84232907849352, -23.662657093283652 ], [ -46.842340945637041, -23.66265749393995 ], [ -46.84235280265797, -23.662657172356212 ], [ -46.842364649556153, -23.662656128532404 ], [ -46.842376389583897, -23.662654453913948 ], [ -46.842388021475706, -23.662652058220985 ], [ -46.842399448483931, -23.662649032898983 ], [ -46.84241066934306, -23.662645287668077 ], [ -46.842421489292704, -23.662640915139313 ], [ -46.842431172314541, -23.662639355272908 ], [ -46.842432104358352, -23.66263591298166 ], [ -46.842473738751949, -23.662612934432442 ], [ -46.842513773290548, -23.66258771752516 ], [ -46.842552109960472, -23.662560263426681 ], [ -46.842588455988356, -23.662530665915099 ], [ -46.842597673550628, -23.662523874468178 ], [ -46.842606297973759, -23.662516728895113 ], [ -46.842614520221225, -23.662508865745131 ], [ -46.842622051316887, -23.662500649634829 ], [ -46.842629084755174, -23.662491897673199 ], [ -46.842635427041792, -23.662482792751401 ], [ -46.842641178720527, -23.662473514263624 ], [ -46.842646236716789, -23.662463702256058 ], [ -46.842650505549031, -23.662453538454201 ], [ -46.842654186304785, -23.662443381646277 ], [ -46.842657295435913, -23.662434405470801 ], [ -46.842661191198758, -23.66242560052962 ], [ -46.842665678833427, -23.662417059433956 ], [ -46.842670759605369, -23.66240887246364 ], [ -46.842676433514491, -23.662401039618597 ], [ -46.842709296442479, -23.662360738409983 ], [ -46.842743106977245, -23.662423000965603 ], [ -46.842837695459068, -23.662597138385799 ], [ -46.842925909570248, -23.662771080670243 ], [ -46.843003788978898, -23.662949028507562 ], [ -46.843221577194271, -23.663366128370054 ], [ -46.843271226642074, -23.663432355905002 ], [ -46.843325442257559, -23.663495639656894 ], [ -46.843383922406218, -23.663555441440391 ], [ -46.843446469795431, -23.66361167330329 ], [ -46.843512786585578, -23.663664067900065 ], [ -46.843582674215142, -23.663712446999025 ], [ -46.843655736827827, -23.66375654442156 ], [ -46.843834872791916, -23.66385689727791 ], [ -46.843938471283714, -23.663918419229475 ], [ -46.844038221514765, -23.663985133718224 ], [ -46.844100624989871, -23.664031073387697 ], [ -46.844167726354627, -23.664083458338556 ], [ -46.844280963303419, -23.664168161384115 ], [ -46.844389374443317, -23.664258249186179 ], [ -46.844606221695543, -23.664433187138808 ], [ -46.844834364843138, -23.664595710146422 ], [ -46.845128941064075, -23.664769902271708 ], [ -46.845613511668518, -23.66507745327392 ], [ -46.845883998645455, -23.665253375541507 ], [ -46.846383370569455, -23.665532665902006 ], [ -46.846419712676088, -23.665551646135583 ], [ -46.846457103783997, -23.665568537077512 ], [ -46.846495547696726, -23.665583609566081 ], [ -46.846534943861407, -23.665596684209561 ], [ -46.846574995695278, -23.665607583952951 ], [ -46.847083553990053, -23.665731184556666 ], [ -46.847402667386767, -23.665844311137143 ], [ -46.847465497555135, -23.665871643532867 ], [ -46.847526320196934, -23.665902611632287 ], [ -46.847584838732992, -23.665937038385152 ], [ -46.847640854598197, -23.665974745572701 ], [ -46.84766999210926, -23.665997242622144 ], [ -46.84769748495092, -23.666021294291788 ], [ -46.84772323891594, -23.666047172590297 ], [ -46.847747050358969, -23.666074338179136 ], [ -46.847768921818172, -23.6661029716184 ], [ -46.847788752739461, -23.666132893518878 ], [ -46.847806343284063, -23.666163835380839 ], [ -46.847821792735367, -23.666195886315563 ], [ -46.847834899984733, -23.666228687543732 ], [ -46.847845567015511, -23.666262240235145 ], [ -46.847944514200911, -23.666613209314615 ], [ -46.848099340632963, -23.667145455473978 ], [ -46.848137031909218, -23.667323066944626 ], [ -46.848213953618718, -23.667613439884036 ], [ -46.848256750417249, -23.667700966588008 ], [ -46.848305293417233, -23.667785806169242 ], [ -46.848359382784011, -23.667867690122367 ], [ -46.848418821220797, -23.667946530500874 ], [ -46.848483503096645, -23.668021786790867 ], [ -46.848527721650321, -23.668084916873358 ], [ -46.848567366486847, -23.66815044918231 ], [ -46.848602435062141, -23.668218203162386 ], [ -46.848632629511464, -23.668287911487671 ], [ -46.848657849272158, -23.668359394772057 ], [ -46.848677988700636, -23.668432112511113 ], [ -46.848693045249298, -23.66850588414826 ], [ -46.848702819066254, -23.668580441186549 ], [ -46.848722739315114, -23.668742101767897 ], [ -46.848777109305445, -23.669192294068722 ], [ -46.848777110575583, -23.669192384348218 ], [ -46.848777338363405, -23.669194638995776 ], [ -46.848885933539243, -23.669039480773169 ], [ -46.849065814181479, -23.668864509694505 ], [ -46.849087177430839, -23.668843035440045 ], [ -46.849100061260778, -23.668832046287161 ], [ -46.849111321990129, -23.66882414652645 ], [ -46.84912424265606, -23.668815775476617 ], [ -46.849132607333665, -23.668811070597961 ], [ -46.849134647906517, -23.668809782113918 ], [ -46.849136302762943, -23.668808949707511 ], [ -46.84913776158529, -23.668808119641209 ], [ -46.84915168401421, -23.668801271639701 ], [ -46.849166109230431, -23.668795320581342 ], [ -46.849180838659336, -23.668790088247249 ], [ -46.849283459623166, -23.668753828839943 ], [ -46.849383455854557, -23.668712183025775 ], [ -46.84948063131062, -23.668665153150933 ], [ -46.849581746605466, -23.668612477909008 ], [ -46.849645236812911, -23.668582103173986 ], [ -46.849710843796096, -23.668555856690595 ], [ -46.849792514067673, -23.668528605709906 ], [ -46.849875916671181, -23.668506029320348 ], [ -46.849896541020279, -23.668501719764304 ], [ -46.849917477210234, -23.66849867060613 ], [ -46.84993852666635, -23.668496703627895 ], [ -46.849959693201811, -23.668496089667837 ], [ -46.849980876258698, -23.668496649337587 ], [ -46.850001980362677, -23.668498564366573 ], [ -46.850022903684817, -23.668501565087077 ], [ -46.850043650038522, -23.668505922337463 ], [ -46.850077669327057, -23.668513010489871 ], [ -46.850112053994749, -23.668518198083866 ], [ -46.850146802769089, -23.668521394839843 ], [ -46.8501816228693, -23.668522694549228 ], [ -46.85021651302273, -23.668522006932676 ], [ -46.85043148182254, -23.668506797898779 ], [ -46.850648363965682, -23.668481272126336 ], [ -46.851042896044326, -23.668414977237237 ], [ -46.851335322201457, -23.668365793549196 ], [ -46.851576768130059, -23.668309453359669 ], [ -46.851815810665094, -23.668235624391187 ], [ -46.852173399628079, -23.668100963872082 ], [ -46.852688982489305, -23.667880439123294 ], [ -46.853869503113636, -23.667186307820717 ], [ -46.853922814381775, -23.667143321700866 ], [ -46.854014799344874, -23.667048224264622 ], [ -46.854330678365777, -23.666591074840021 ], [ -46.854347286023987, -23.666573088030795 ], [ -46.85436508387027, -23.666556080212359 ], [ -46.854383973889476, -23.666540052557657 ], [ -46.854403762599155, -23.66652518797131 ], [ -46.854424545466799, -23.666511304721215 ], [ -46.854446228299068, -23.666498674817969 ], [ -46.854468613792392, -23.666487210328604 ], [ -46.854491703221015, -23.666477001532048 ], [ -46.854515398570406, -23.666468049601303 ], [ -46.854572663292231, -23.666448221632351 ], [ -46.854631448312517, -23.666466660299541 ], [ -46.854804415165617, -23.666538901794834 ], [ -46.854871823734939, -23.666515430777988 ], [ -46.854876678615639, -23.666512122046978 ], [ -46.854364030491368, -23.665404476904701 ], [ -46.852998951937636, -23.662337883549025 ], [ -46.852769873339305, -23.661893755223499 ], [ -46.852420884616627, -23.661364467596687 ], [ -46.851835844353907, -23.660605220857885 ], [ -46.851534750268314, -23.660183892539013 ], [ -46.851477249955842, -23.660103314446534 ], [ -46.851319913550725, -23.659831601591495 ], [ -46.851297542640566, -23.659781394163304 ], [ -46.851197209814373, -23.659554960043991 ], [ -46.851053038437229, -23.659159927617356 ], [ -46.850859266289277, -23.658409726394424 ], [ -46.850691127716786, -23.657718542228622 ], [ -46.850555768895433, -23.657245930963754 ], [ -46.850447323884758, -23.656923429128589 ], [ -46.85032945943351, -23.656642033456972 ], [ -46.850161782792256, -23.656338568409542 ], [ -46.849918887788448, -23.655962952619912 ], [ -46.849479840906064, -23.655370712653689 ], [ -46.849176883305049, -23.65495481843007 ], [ -46.849020168014725, -23.654719483912988 ], [ -46.848827350157592, -23.65438435267594 ], [ -46.848618033532709, -23.653935375589992 ], [ -46.848061531722053, -23.65273359688204 ], [ -46.847893864518646, -23.652430038316041 ], [ -46.847655789230615, -23.652040635826786 ], [ -46.847252196310556, -23.651507379474129 ], [ -46.846905207696317, -23.651123788392017 ], [ -46.846548781180289, -23.650779948323606 ], [ -46.846443544028176, -23.650677814371043 ], [ -46.845967563502164, -23.650273093503564 ], [ -46.845306947551947, -23.649765736810885 ], [ -46.844645759300988, -23.649217209301643 ], [ -46.844134874447469, -23.648790052925712 ], [ -46.843236950453509, -23.647952501515853 ], [ -46.843228496325146, -23.647943753129926 ], [ -46.842403139606603, -23.647086822813421 ], [ -46.841232118803696, -23.645832902479274 ], [ -46.840040814557909, -23.644542733468271 ], [ -46.839116210846925, -23.643559554503021 ], [ -46.838483151702874, -23.64288759124317 ], [ -46.838056075965596, -23.64243666395457 ], [ -46.837598990898222, -23.641963246293209 ], [ -46.837072178833907, -23.641458688752859 ], [ -46.836434934110905, -23.640850514048278 ], [ -46.836224230655176, -23.640620499013814 ], [ -46.836183025080004, -23.640575478142029 ], [ -46.836148154307949, -23.640534897005804 ], [ -46.835761420925543, -23.640115178403505 ], [ -46.834816380331105, -23.638870716428038 ], [ -46.834663758598133, -23.638672608260613 ], [ -46.834627217687974, -23.63862464225814 ], [ -46.834344796914536, -23.638262467587975 ], [ -46.833744847153227, -23.63749410623198 ], [ -46.833236084757843, -23.63686164241081 ], [ -46.832997700087994, -23.636627705644361 ], [ -46.832997602094039, -23.636627706802741 ], [ -46.832965107950891, -23.63659576510695 ], [ -46.832614983522291, -23.636340032823785 ], [ -46.832501154586623, -23.636287923079305 ], [ -46.832500561596333, -23.63628756890478 ], [ -46.832052050996147, -23.63608211868959 ], [ -46.831574848483207, -23.635941747935107 ], [ -46.831009305604148, -23.635848198658707 ], [ -46.830226873026525, -23.635825470812097 ], [ -46.829167696118155, -23.635833453570942 ], [ -46.828454924756343, -23.63583725461746 ], [ -46.827860669409574, -23.63582150598927 ], [ -46.827260817488295, -23.635755616588593 ], [ -46.826971972099535, -23.635698341196473 ], [ -46.82669652121082, -23.635963534222732 ], [ -46.826220091524839, -23.63587848886462 ], [ -46.825633096963124, -23.63575736127455 ], [ -46.825365172120257, -23.635653785688458 ], [ -46.82502308831863, -23.635517311775793 ], [ -46.824658729717278, -23.635301097059664 ], [ -46.824289254246395, -23.63512575534121 ], [ -46.824013852930236, -23.635083666431715 ], [ -46.823718752138873, -23.635091110244346 ], [ -46.823421321233695, -23.635192127427107 ], [ -46.823276646775696, -23.635269044993969 ], [ -46.823065486313681, -23.63547785371026 ], [ -46.82294837232822, -23.635655307490826 ], [ -46.822896090670476, -23.63591407804282 ], [ -46.822877808316392, -23.636221660166353 ], [ -46.822897371938808, -23.636968989803236 ], [ -46.822876320373219, -23.637472907684746 ], [ -46.822854479868496, -23.637898638592773 ], [ -46.822780141828474, -23.63827749100545 ], [ -46.822642970776066, -23.638556763279503 ], [ -46.822362276322501, -23.63885487857997 ], [ -46.821905372249844, -23.639182604281924 ], [ -46.821104514564517, -23.639664350446662 ], [ -46.820622385683563, -23.639940358448992 ], [ -46.820482891033834, -23.63996709864103 ], [ -46.820345468503966, -23.639973588092921 ], [ -46.82020054625152, -23.639955153491833 ], [ -46.819885253081715, -23.639871177208228 ], [ -46.819509215179906, -23.639824302389798 ], [ -46.819278550598689, -23.639849763665595 ] ] ] } },
{ "type": "Feature", "properties": { "nome": "PINHEIRINHO", "codigo": 7, "regiao": "CENTRO", "populacao_2010": 12416, "mulheres_2010": 6305, "homens_2010": 6111, "domicilios": 3603, "populacao_2015": 13404, "area_km2": 4.81, "densidade_2015": 2784.48, "fonte_cartografica": "Base oficial de Limites Administrativos de Embu das Artes", "crs_origem": "SIRGAS 2000 / UTM zone 23S (EPSG:31983)", "status_geometria": "oficial", "nota_demografica": "Atributos populacionais da base referem-se principalmente a 2010 e 2015; não devem ser apresentados como dados atuais." }, "geometry": { "type": "Polygon", "coordinates": [ [ [ -46.828267906782713, -23.676451844739891 ], [ -46.828392262733885, -23.676398456825932 ], [ -46.828544598071161, -23.676368937593971 ], [ -46.828594257183205, -23.676365552096645 ], [ -46.828669677698755, -23.676360507965349 ], [ -46.828776826460441, -23.676324659626648 ], [ -46.828851270402062, -23.676277639642962 ], [ -46.828883559116676, -23.676251885368092 ], [ -46.829079561445013, -23.676302664191553 ], [ -46.829150451678046, -23.676359525582011 ], [ -46.829287070935095, -23.676461661132951 ], [ -46.829433239991253, -23.676531448338665 ], [ -46.829526759031339, -23.676601044738725 ], [ -46.82962457586224, -23.676634291617717 ], [ -46.829732946210015, -23.676615764871499 ], [ -46.829819829165459, -23.676596047213931 ], [ -46.8299706117445, -23.676638058744711 ], [ -46.830094042113743, -23.676694208524591 ], [ -46.830164515388823, -23.676721096331622 ], [ -46.83032403476976, -23.676848333225141 ], [ -46.830348438107372, -23.67687585572607 ], [ -46.830679547454253, -23.677208472151971 ], [ -46.830700125583824, -23.677242902242675 ], [ -46.830726247773022, -23.677316364606643 ], [ -46.830759068844195, -23.677420267543543 ], [ -46.830782820486064, -23.677541704660264 ], [ -46.83087214777548, -23.677641056836588 ], [ -46.831079481859554, -23.677674633214629 ], [ -46.831159413472363, -23.677676667815827 ], [ -46.831209017858271, -23.677683395163967 ], [ -46.831290701626799, -23.677698592071849 ], [ -46.831321196402016, -23.677712949565585 ], [ -46.831393228314056, -23.677717966908766 ], [ -46.83145551550848, -23.677720210019633 ], [ -46.831505239343052, -23.677728470876147 ], [ -46.831538825457038, -23.67773249811674 ], [ -46.831585359967576, -23.677751090314942 ], [ -46.831614081196022, -23.677750750615093 ], [ -46.831650860588638, -23.67775176032211 ], [ -46.831702156784843, -23.677767316423587 ], [ -46.831732785977344, -23.677777247780803 ], [ -46.831766274082604, -23.677781276130283 ], [ -46.831832037667908, -23.677793771613448 ], [ -46.831881442110678, -23.67779318720039 ], [ -46.831907313617869, -23.677813468448363 ], [ -46.83196166085083, -23.677815805278172 ], [ -46.832017941574215, -23.677795093954845 ], [ -46.832060395954201, -23.677781228024795 ], [ -46.832071671689803, -23.677795361258752 ], [ -46.832113848358645, -23.677782672436535 ], [ -46.832166922906573, -23.677799200587572 ], [ -46.832231230472352, -23.677784624585563 ], [ -46.832368070603088, -23.67774770009596 ], [ -46.832448206258412, -23.677764359423595 ], [ -46.832489892128869, -23.677772715072305 ], [ -46.832606475893741, -23.67788610055953 ], [ -46.832677744612624, -23.677955867925998 ], [ -46.832735925268494, -23.678008092310236 ], [ -46.832781503595506, -23.678063535855745 ], [ -46.83283741044805, -23.678177639255939 ], [ -46.83291239070644, -23.678288537136254 ], [ -46.832989285709147, -23.678417200442691 ], [ -46.833063438740517, -23.678475827164885 ], [ -46.833108117012685, -23.678515931084323 ], [ -46.833146587724841, -23.678539765061501 ], [ -46.833208735695138, -23.678574154145089 ], [ -46.833376669548684, -23.678615507660844 ], [ -46.833474159892283, -23.678660313608997 ], [ -46.833641790188665, -23.678679909308094 ], [ -46.833791324752255, -23.678667393479259 ], [ -46.833873846772484, -23.678693414456706 ], [ -46.833956392477411, -23.678714107699236 ], [ -46.834024270971128, -23.678737593165238 ], [ -46.834048061758473, -23.678756273359014 ], [ -46.834124665800289, -23.678779745731021 ], [ -46.834195183809214, -23.678781619337887 ], [ -46.834292032799169, -23.678780472165574 ], [ -46.834398117608899, -23.678808832301076 ], [ -46.834460492959572, -23.678859471272055 ], [ -46.834563639623575, -23.678888046685238 ], [ -46.834637702460007, -23.67893312941391 ], [ -46.834725744723265, -23.678940212855615 ], [ -46.834761524423222, -23.678974913696297 ], [ -46.834858812061348, -23.678998140622589 ], [ -46.834932550011189, -23.679026973946293 ], [ -46.835032680449046, -23.679050167073807 ], [ -46.835076957488887, -23.67906851403669 ], [ -46.835245216488062, -23.679203226650582 ], [ -46.835282050237097, -23.679299315474623 ], [ -46.835316885326364, -23.679266396406394 ], [ -46.835352190050841, -23.679274104518768 ], [ -46.835426155332378, -23.679319187999585 ], [ -46.835606981484574, -23.679230632282071 ], [ -46.835905845079274, -23.67918383798219 ], [ -46.836087878426483, -23.679181679714471 ], [ -46.836244404098096, -23.679143254239399 ], [ -46.836284318120576, -23.679080928872708 ], [ -46.836345552822728, -23.67900083343898 ], [ -46.836412421657464, -23.678987128270641 ], [ -46.836559263591418, -23.678985386794807 ], [ -46.836682746516892, -23.679002884180768 ], [ -46.836733018876387, -23.679029286096092 ], [ -46.836789022541396, -23.67904487491171 ], [ -46.836959141053207, -23.679032021561465 ], [ -46.837029962179471, -23.679055561059741 ], [ -46.83707744538259, -23.679092831340505 ], [ -46.837133940306586, -23.679143538934724 ], [ -46.837189754643738, -23.67914558560436 ], [ -46.837328281289487, -23.679187193320448 ], [ -46.837413895258273, -23.67922392076721 ], [ -46.837449525415337, -23.679247877622306 ], [ -46.837497008801712, -23.679285147761767 ], [ -46.83754068249592, -23.679260340178899 ], [ -46.837567187263318, -23.679262734507173 ], [ -46.837605621041121, -23.679283858911866 ], [ -46.837656462068807, -23.67935088648095 ], [ -46.837721288257519, -23.679366370246754 ], [ -46.837733240794677, -23.679379772636533 ], [ -46.837794974654642, -23.679384457678388 ], [ -46.837809678486778, -23.679384283170588 ], [ -46.837821910709529, -23.679424680415234 ], [ -46.837842685564816, -23.679437978089229 ], [ -46.837869054447033, -23.67943766512877 ], [ -46.837904456087934, -23.679445281203307 ], [ -46.837936744404658, -23.679447606821668 ], [ -46.838089885184218, -23.679475586427085 ], [ -46.838210540372387, -23.679501152370975 ], [ -46.838320732329407, -23.679514652621815 ], [ -46.838363961042745, -23.679556126551873 ], [ -46.83841406784736, -23.679563658222772 ], [ -46.838464076630913, -23.679571191040907 ], [ -46.838595777226345, -23.679545338038782 ], [ -46.838652337846867, -23.679558662171292 ], [ -46.838686124933965, -23.679569999324144 ], [ -46.838717066755088, -23.679581189664699 ], [ -46.838739455072378, -23.679590675668319 ], [ -46.838762275939224, -23.679603045968634 ], [ -46.838785450289954, -23.679619655927532 ], [ -46.838808049131401, -23.679637175665526 ], [ -46.838828714007299, -23.679656614558162 ], [ -46.838846434326292, -23.679675817529802 ], [ -46.838871576096921, -23.679699898586527 ], [ -46.838890838296635, -23.679717187049665 ], [ -46.838911472861874, -23.679734459212629 ], [ -46.838934050251723, -23.679750444171926 ], [ -46.838957683178144, -23.679764791284462 ], [ -46.838982364056335, -23.679776958870608 ], [ -46.839007699518099, -23.679786861306724 ], [ -46.83904197429117, -23.679798011995448 ], [ -46.839071811362835, -23.679807319188559 ], [ -46.839094388783671, -23.67982330412233 ], [ -46.839113365113406, -23.679848180719652 ], [ -46.839187052198227, -23.679915297569909 ], [ -46.839223327308211, -23.679936266597768 ], [ -46.839249520349149, -23.679951395907949 ], [ -46.83930197422292, -23.67996549092792 ], [ -46.839358647688158, -23.679972853987394 ], [ -46.839401429375528, -23.679968372826703 ], [ -46.839456334660078, -23.679961490265939 ], [ -46.839474668698031, -23.679954500358651 ], [ -46.839500491299447, -23.679943177631653 ], [ -46.839523710187983, -23.679934955856591 ], [ -46.839553078149208, -23.679924764837153 ], [ -46.83957938641003, -23.679920118147454 ], [ -46.839608433672879, -23.679922030438298 ], [ -46.83963832963213, -23.67992853767846 ], [ -46.83966687599316, -23.679936686253892 ], [ -46.839693798911874, -23.679947924136325 ], [ -46.83971812066018, -23.679962443532432 ], [ -46.83974075574065, -23.679975538246023 ], [ -46.839767568001193, -23.679985874481073 ], [ -46.839794344205401, -23.680000635587213 ], [ -46.839824624055531, -23.680013549162943 ], [ -46.839853806040011, -23.680018078356284 ], [ -46.839882588334483, -23.680022070524004 ], [ -46.839912082105442, -23.680027860129361 ], [ -46.839941986952873, -23.680034999267054 ], [ -46.839966038071985, -23.68004419444188 ], [ -46.839989801440176, -23.680053844506208 ], [ -46.840023387641075, -23.680064822561707 ], [ -46.840051526769912, -23.6800718923643 ], [ -46.840085185709476, -23.680081063644774 ], [ -46.840119062207322, -23.680091767344539 ], [ -46.840144322545065, -23.680103295786463 ], [ -46.840170450576139, -23.680120773371566 ], [ -46.840193413955198, -23.680136302074082 ], [ -46.840222135574649, -23.680149956444769 ], [ -46.840253752442131, -23.680160325787856 ], [ -46.840280406031859, -23.680166329663759 ], [ -46.840305624011449, -23.680167835855251 ], [ -46.840337581750106, -23.680167546339892 ], [ -46.840367827506, -23.680164026551207 ], [ -46.840396110210122, -23.680160349498415 ], [ -46.84042864092067, -23.680158969616521 ], [ -46.8404579317125, -23.68015726705708 ], [ -46.840487325589507, -23.680155924446172 ], [ -46.840516842793662, -23.680156386260244 ], [ -46.840541108344283, -23.680159890219933 ], [ -46.840565988619836, -23.680165283060131 ], [ -46.840592169803301, -23.680172556624168 ], [ -46.84061727968755, -23.680187337387633 ], [ -46.840638892271159, -23.680204417088998 ], [ -46.840725003888274, -23.680318519357517 ], [ -46.84074741037162, -23.680371256054642 ], [ -46.840774677762276, -23.680435041223504 ], [ -46.840786853323131, -23.680450336894793 ], [ -46.84102557235537, -23.680540231607598 ], [ -46.841126833774517, -23.680581014711446 ], [ -46.841192155618685, -23.680617800646729 ], [ -46.841264539760047, -23.680647820760036 ], [ -46.841452547315136, -23.680715021728798 ], [ -46.841522363180673, -23.680736674843462 ], [ -46.841607394996089, -23.680787673350441 ], [ -46.841647883471552, -23.680822406765561 ], [ -46.841683086684775, -23.680850792101989 ], [ -46.841732314200222, -23.680893457786478 ], [ -46.841802220088489, -23.680921520625095 ], [ -46.841861598459928, -23.680939956821064 ], [ -46.841959386972192, -23.680970757940866 ], [ -46.842046238450095, -23.680969724761312 ], [ -46.842093583669524, -23.680990019614278 ], [ -46.842149298924745, -23.68099892803022 ], [ -46.842281237492948, -23.681031941204754 ], [ -46.842349416239138, -23.681160522389543 ], [ -46.842420709443573, -23.681231548725592 ], [ -46.8425453433698, -23.681212097036052 ], [ -46.84269190840336, -23.681211436447949 ], [ -46.842834011120154, -23.681395842728953 ], [ -46.843008045367597, -23.681396389914852 ], [ -46.843041760393525, -23.681374588765987 ], [ -46.843137811346409, -23.681316469493336 ], [ -46.84324509126882, -23.681269051860696 ], [ -46.843391555701096, -23.681191370415778 ], [ -46.843473644591207, -23.681172334184552 ], [ -46.8435283371591, -23.681150283186074 ], [ -46.843687094204618, -23.681110198306353 ], [ -46.843725624130911, -23.681103148017456 ], [ -46.84376245163466, -23.681121490800976 ], [ -46.843809447290845, -23.681137816307814 ], [ -46.84389570895393, -23.681122703135628 ], [ -46.843931028933, -23.681103501237104 ], [ -46.843996119390923, -23.681025975609366 ], [ -46.844044672894434, -23.68100661609034 ], [ -46.844085098644875, -23.680994938107489 ], [ -46.844125674387037, -23.680986960410269 ], [ -46.844421254929948, -23.680887908094661 ], [ -46.844590854373124, -23.680886881053759 ], [ -46.844701523906309, -23.680878429370267 ], [ -46.845136707800187, -23.680883447560483 ], [ -46.845297156527394, -23.680928940235663 ], [ -46.845460063397944, -23.680953996852608 ], [ -46.845564190155301, -23.680954381110062 ], [ -46.845681904164543, -23.680958847189718 ], [ -46.845720700605348, -23.680991703462116 ], [ -46.845755265267464, -23.681107139459741 ], [ -46.845946458214748, -23.681226396838646 ], [ -46.846096608443375, -23.681243658911136 ], [ -46.846180522984518, -23.681298731372685 ], [ -46.846303823421714, -23.681393695847117 ], [ -46.846492784219123, -23.681514514124608 ], [ -46.846564577932291, -23.681544267825043 ], [ -46.846773741528914, -23.681763085312955 ], [ -46.846920887884856, -23.681915282480475 ], [ -46.847032624459239, -23.682087224929731 ], [ -46.847176434503758, -23.682246143411618 ], [ -46.847375830551428, -23.682467424144068 ], [ -46.84747932860153, -23.682646056004337 ], [ -46.84761477927502, -23.68292850640038 ], [ -46.847780676918106, -23.683361023982965 ], [ -46.847824669226284, -23.683463434733294 ], [ -46.847957931445485, -23.683673855808159 ], [ -46.848027830820698, -23.683798801783315 ], [ -46.848167198295044, -23.684052852309154 ], [ -46.848512091382418, -23.684726395177357 ], [ -46.848647891940928, -23.684998546630865 ], [ -46.848701336708238, -23.685117638958005 ], [ -46.848726244236403, -23.685152736978029 ], [ -46.84880056396171, -23.685229412469251 ], [ -46.848840656882608, -23.685277602419244 ], [ -46.848897887473257, -23.685310418224983 ], [ -46.849035346236334, -23.685372975979568 ], [ -46.849098330275048, -23.685396603250794 ], [ -46.849252842652561, -23.685451733563998 ], [ -46.849406186788428, -23.685486561418134 ], [ -46.8495716777486, -23.685520611942106 ], [ -46.849759359317368, -23.685452545022262 ], [ -46.849865199467708, -23.68498274255764 ], [ -46.850060648026364, -23.68456135065129 ], [ -46.850186769168545, -23.684438578095364 ], [ -46.850265219582809, -23.684370010045903 ], [ -46.850306981338882, -23.68434179056818 ], [ -46.850349048611257, -23.684314380078671 ], [ -46.850553836067384, -23.684228861620291 ], [ -46.850585085516016, -23.68422695310446 ], [ -46.850659531156424, -23.684222090309255 ], [ -46.850834395978666, -23.684232641248126 ], [ -46.851230201809187, -23.684197750843765 ], [ -46.851416003929856, -23.684149569281875 ], [ -46.851774361169973, -23.684059413670472 ], [ -46.851936312674169, -23.683974676650671 ], [ -46.85208870945506, -23.683914613838805 ], [ -46.85225745508199, -23.683838914959573 ], [ -46.852418941114401, -23.683714272917893 ], [ -46.852461738447211, -23.683683060785754 ], [ -46.8525358777216, -23.683607861458366 ], [ -46.852588567602773, -23.683478651834445 ], [ -46.852598712539425, -23.683426340301974 ], [ -46.85262878646995, -23.683389772412344 ], [ -46.852634644914595, -23.683339408349891 ], [ -46.852671784710942, -23.683345013669772 ], [ -46.852700127401491, -23.683338624801788 ], [ -46.852760505788275, -23.683295734835621 ], [ -46.852799474782138, -23.683271159919123 ], [ -46.852842870340481, -23.683254568219663 ], [ -46.852884336015649, -23.683254071999869 ], [ -46.852908408825066, -23.683257756867231 ], [ -46.852938696690799, -23.683243308480616 ], [ -46.852971523253252, -23.683248965347776 ], [ -46.852997640569392, -23.683244679829734 ], [ -46.853045843515375, -23.683256112085125 ], [ -46.853051750649094, -23.683257847274476 ], [ -46.853055980995116, -23.683244974846385 ], [ -46.853091931573395, -23.683235786024746 ], [ -46.853122938727203, -23.683223676647646 ], [ -46.853131719099508, -23.683213639179307 ], [ -46.853137811959776, -23.683200744457469 ], [ -46.853131903418806, -23.68318501366355 ], [ -46.853140561555129, -23.683173262065143 ], [ -46.853149349566763, -23.683163766270681 ], [ -46.85315821274181, -23.6831595969429 ], [ -46.853229870852715, -23.683158739259767 ], [ -46.853250334468875, -23.683163731394806 ], [ -46.853276460899338, -23.683180935776633 ], [ -46.853302519657269, -23.683179450033933 ], [ -46.853396489334045, -23.683133900389247 ], [ -46.853447119764311, -23.683122820170798 ], [ -46.853528203682622, -23.683115980384429 ], [ -46.853603513427487, -23.683054310725907 ], [ -46.85363468185313, -23.683018903380905 ], [ -46.8537331619196, -23.682980342502507 ], [ -46.853884114893859, -23.682963997755081 ], [ -46.853968831947462, -23.682950613050828 ], [ -46.854112111945675, -23.682932463779377 ], [ -46.854238761675795, -23.682916951484664 ], [ -46.854300778263266, -23.682899865505501 ], [ -46.854339921471983, -23.682887658454685 ], [ -46.854430565399802, -23.682849642466937 ], [ -46.854553636861368, -23.682795978285014 ], [ -46.854626501787394, -23.682804225234872 ], [ -46.854688430878923, -23.682808720491558 ], [ -46.854773355197977, -23.682851676515401 ], [ -46.854906666449381, -23.682932969658964 ], [ -46.855005939101034, -23.682999139872596 ], [ -46.855331681967691, -23.683168601898114 ], [ -46.855447402250711, -23.683198366711789 ], [ -46.855853620777161, -23.683297065699229 ], [ -46.856016896911093, -23.68331325767382 ], [ -46.856106702379414, -23.68329917874162 ], [ -46.856444709935808, -23.683150113800629 ], [ -46.856626505967554, -23.683075427672009 ], [ -46.856850100143596, -23.682982181228748 ], [ -46.856903305388578, -23.682966012540636 ], [ -46.857259269759453, -23.682894383568893 ], [ -46.857393533189686, -23.682848799705098 ], [ -46.857612635785003, -23.682833168803469 ], [ -46.857828457454524, -23.682786606053345 ], [ -46.85792954721019, -23.682780155990407 ], [ -46.858142773348355, -23.682744188375903 ], [ -46.858165756970301, -23.682733257835991 ], [ -46.858191577315225, -23.682728794429739 ], [ -46.858219480159093, -23.682719068963888 ], [ -46.858241661670228, -23.682706883921149 ], [ -46.85826482855574, -23.682695048225973 ], [ -46.858289563866855, -23.682683193703525 ], [ -46.858314933324181, -23.682674582156675 ], [ -46.858339660961413, -23.682662185953632 ], [ -46.858357666557509, -23.682645897483088 ], [ -46.858376672857936, -23.682631041706586 ], [ -46.858400066431678, -23.682621370331731 ], [ -46.858426441688195, -23.682614552578848 ], [ -46.858452961891956, -23.682604121314878 ], [ -46.858477450009786, -23.682588657964093 ], [ -46.858502378778176, -23.682576620499017 ], [ -46.858526930766281, -23.68256567108282 ], [ -46.858548541947208, -23.682554756962848 ], [ -46.858572121325388, -23.682544360979552 ], [ -46.858580075193139, -23.682538306088922 ], [ -46.858605309662934, -23.682554797895904 ], [ -46.858875993337676, -23.682311365948539 ], [ -46.858702593590486, -23.681254206656117 ], [ -46.858625063922702, -23.680847007590948 ], [ -46.858463716826002, -23.679941487536627 ], [ -46.858429373880597, -23.679759324835892 ], [ -46.858423933922261, -23.679728238623721 ], [ -46.858418455979404, -23.679701396694618 ], [ -46.858386123821774, -23.679529683968553 ], [ -46.858268187536609, -23.679065903515902 ], [ -46.858072634019663, -23.678521067085725 ], [ -46.857446315520001, -23.677180397353293 ], [ -46.857222238110488, -23.676711748722497 ], [ -46.857177495173609, -23.676605105992511 ], [ -46.857152423652416, -23.676551500970263 ], [ -46.857117836344266, -23.676462795284547 ], [ -46.857117835067974, -23.676462705005559 ], [ -46.857117735769378, -23.676462615902068 ], [ -46.857081212316295, -23.676375649014254 ], [ -46.857022365964973, -23.676235314986595 ], [ -46.85687796149066, -23.675826568626164 ], [ -46.85669605747038, -23.67521312296978 ], [ -46.856532632809092, -23.674512772900371 ], [ -46.856443832331493, -23.673834372514296 ], [ -46.856295933488155, -23.672477125017508 ], [ -46.856154677344534, -23.671270589010152 ], [ -46.856154669692629, -23.671270047335632 ], [ -46.856115763101791, -23.670937869097433 ], [ -46.856059082031315, -23.670436963025288 ], [ -46.855946683214398, -23.66983640741983 ], [ -46.855688507182137, -23.66873583205361 ], [ -46.855429684877997, -23.667936305278893 ], [ -46.855348080435704, -23.667704232752119 ], [ -46.855094382303918, -23.666982658150012 ], [ -46.854876678615639, -23.666512122046978 ], [ -46.854871823734939, -23.666515430777988 ], [ -46.854804415165617, -23.666538901794834 ], [ -46.854631448312517, -23.666466660299541 ], [ -46.854572663292231, -23.666448221632351 ], [ -46.854515398570406, -23.666468049601303 ], [ -46.854491703221015, -23.666477001532048 ], [ -46.854468613792392, -23.666487210328604 ], [ -46.854446228299068, -23.666498674817969 ], [ -46.854424545466799, -23.666511304721215 ], [ -46.854403762599155, -23.66652518797131 ], [ -46.854383973889476, -23.666540052557657 ], [ -46.85436508387027, -23.666556080212359 ], [ -46.854347286023987, -23.666573088030795 ], [ -46.854330678365777, -23.666591074840021 ], [ -46.854014799344874, -23.667048224264622 ], [ -46.853922814381775, -23.667143321700866 ], [ -46.853869503113636, -23.667186307820717 ], [ -46.852688982489305, -23.667880439123294 ], [ -46.852173399628079, -23.668100963872082 ], [ -46.851815810665094, -23.668235624391187 ], [ -46.851576768130059, -23.668309453359669 ], [ -46.851335322201457, -23.668365793549196 ], [ -46.851042896044326, -23.668414977237237 ], [ -46.850648363965682, -23.668481272126336 ], [ -46.85043148182254, -23.668506797898779 ], [ -46.85021651302273, -23.668522006932676 ], [ -46.8501816228693, -23.668522694549228 ], [ -46.850146802769089, -23.668521394839843 ], [ -46.850112053994749, -23.668518198083866 ], [ -46.850077669327057, -23.668513010489871 ], [ -46.850043650038522, -23.668505922337463 ], [ -46.850022903684817, -23.668501565087077 ], [ -46.850001980362677, -23.668498564366573 ], [ -46.849980876258698, -23.668496649337587 ], [ -46.849959693201811, -23.668496089667837 ], [ -46.84993852666635, -23.668496703627895 ], [ -46.849917477210234, -23.66849867060613 ], [ -46.849896541020279, -23.668501719764304 ], [ -46.849875916671181, -23.668506029320348 ], [ -46.849792514067673, -23.668528605709906 ], [ -46.849710843796096, -23.668555856690595 ], [ -46.849645236812911, -23.668582103173986 ], [ -46.849581746605466, -23.668612477909008 ], [ -46.84948063131062, -23.668665153150933 ], [ -46.849383455854557, -23.668712183025775 ], [ -46.849283459623166, -23.668753828839943 ], [ -46.849180838659336, -23.668790088247249 ], [ -46.849166109230431, -23.668795320581342 ], [ -46.84915168401421, -23.668801271639701 ], [ -46.84913776158529, -23.668808119641209 ], [ -46.849136302762943, -23.668808949707511 ], [ -46.849134647906517, -23.668809782113918 ], [ -46.849132607333665, -23.668811070597961 ], [ -46.84912424265606, -23.668815775476617 ], [ -46.849111321990129, -23.66882414652645 ], [ -46.849100061260778, -23.668832046287161 ], [ -46.849087177430839, -23.668843035440045 ], [ -46.849065814181479, -23.668864509694505 ], [ -46.848885933539243, -23.669039480773169 ], [ -46.848777338363405, -23.669194638995776 ], [ -46.848777110575583, -23.669192384348218 ], [ -46.848777109305445, -23.669192294068722 ], [ -46.848722739315114, -23.668742101767897 ], [ -46.848702819066254, -23.668580441186549 ], [ -46.848693045249298, -23.66850588414826 ], [ -46.848677988700636, -23.668432112511113 ], [ -46.848657849272158, -23.668359394772057 ], [ -46.848632629511464, -23.668287911487671 ], [ -46.848602435062141, -23.668218203162386 ], [ -46.848567366486847, -23.66815044918231 ], [ -46.848527721650321, -23.668084916873358 ], [ -46.848483503096645, -23.668021786790867 ], [ -46.848418821220797, -23.667946530500874 ], [ -46.848359382784011, -23.667867690122367 ], [ -46.848305293417233, -23.667785806169242 ], [ -46.848256750417249, -23.667700966588008 ], [ -46.848213953618718, -23.667613439884036 ], [ -46.848137031909218, -23.667323066944626 ], [ -46.848099340632963, -23.667145455473978 ], [ -46.847944514200911, -23.666613209314615 ], [ -46.847845567015511, -23.666262240235145 ], [ -46.847834899984733, -23.666228687543732 ], [ -46.847821792735367, -23.666195886315563 ], [ -46.847806343284063, -23.666163835380839 ], [ -46.847788752739461, -23.666132893518878 ], [ -46.847768921818172, -23.6661029716184 ], [ -46.847747050358969, -23.666074338179136 ], [ -46.84772323891594, -23.666047172590297 ], [ -46.84769748495092, -23.666021294291788 ], [ -46.84766999210926, -23.665997242622144 ], [ -46.847640854598197, -23.665974745572701 ], [ -46.847584838732992, -23.665937038385152 ], [ -46.847526320196934, -23.665902611632287 ], [ -46.847465497555135, -23.665871643532867 ], [ -46.847402667386767, -23.665844311137143 ], [ -46.847083553990053, -23.665731184556666 ], [ -46.846574995695278, -23.665607583952951 ], [ -46.846534943861407, -23.665596684209561 ], [ -46.846495547696726, -23.665583609566081 ], [ -46.846457103783997, -23.665568537077512 ], [ -46.846419712676088, -23.665551646135583 ], [ -46.846383370569455, -23.665532665902006 ], [ -46.845883998645455, -23.665253375541507 ], [ -46.845613511668518, -23.66507745327392 ], [ -46.845128941064075, -23.664769902271708 ], [ -46.844834364843138, -23.664595710146422 ], [ -46.844606221695543, -23.664433187138808 ], [ -46.844389374443317, -23.664258249186179 ], [ -46.844280963303419, -23.664168161384115 ], [ -46.844167726354627, -23.664083458338556 ], [ -46.844100624989871, -23.664031073387697 ], [ -46.844038221514765, -23.663985133718224 ], [ -46.843938471283714, -23.663918419229475 ], [ -46.843834872791916, -23.66385689727791 ], [ -46.843655736827827, -23.66375654442156 ], [ -46.843582674215142, -23.663712446999025 ], [ -46.843512786585578, -23.663664067900065 ], [ -46.843446469795431, -23.66361167330329 ], [ -46.843383922406218, -23.663555441440391 ], [ -46.843325442257559, -23.663495639656894 ], [ -46.843271226642074, -23.663432355905002 ], [ -46.843221577194271, -23.663366128370054 ], [ -46.843003788978898, -23.662949028507562 ], [ -46.842925909570248, -23.662771080670243 ], [ -46.842837695459068, -23.662597138385799 ], [ -46.842743106977245, -23.662423000965603 ], [ -46.842709296442479, -23.662360738409983 ], [ -46.842676433514491, -23.662401039618597 ], [ -46.842670759605369, -23.66240887246364 ], [ -46.842665678833427, -23.662417059433956 ], [ -46.842661191198758, -23.66242560052962 ], [ -46.842657295435913, -23.662434405470801 ], [ -46.842654186304785, -23.662443381646277 ], [ -46.842650505549031, -23.662453538454201 ], [ -46.842646236716789, -23.662463702256058 ], [ -46.842641178720527, -23.662473514263624 ], [ -46.842635427041792, -23.662482792751401 ], [ -46.842629084755174, -23.662491897673199 ], [ -46.842622051316887, -23.662500649634829 ], [ -46.842614520221225, -23.662508865745131 ], [ -46.842606297973759, -23.662516728895113 ], [ -46.842597673550628, -23.662523874468178 ], [ -46.842588455988356, -23.662530665915099 ], [ -46.842552109960472, -23.662560263426681 ], [ -46.842513773290548, -23.66258771752516 ], [ -46.842473738751949, -23.662612934432442 ], [ -46.842432104358352, -23.66263591298166 ], [ -46.842431172314541, -23.662639355272908 ], [ -46.842421489292704, -23.662640915139313 ], [ -46.84241066934306, -23.662645287668077 ], [ -46.842399448483931, -23.662649032898983 ], [ -46.842388021475706, -23.662652058220985 ], [ -46.842376389583897, -23.662654453913948 ], [ -46.842364649556153, -23.662656128532404 ], [ -46.84235280265797, -23.662657172356212 ], [ -46.842340945637041, -23.66265749393995 ], [ -46.84232907849352, -23.662657093283652 ], [ -46.842317201227651, -23.662655970387238 ], [ -46.842088362703954, -23.662646230629349 ], [ -46.842066106200882, -23.66264595347668 ], [ -46.842043769396355, -23.662646941404862 ], [ -46.842021549580487, -23.662649282363233 ], [ -46.841999642778283, -23.662652974021359 ], [ -46.841977949711207, -23.662657927264732 ], [ -46.84193570683486, -23.662665472482121 ], [ -46.841929157684206, -23.662666814471059 ], [ -46.841922810884256, -23.662668605528868 ], [ -46.841916565892021, -23.662670666260965 ], [ -46.841910425237543, -23.662673177227198 ], [ -46.841904484403585, -23.662675956702543 ], [ -46.841783407699232, -23.662738164562064 ], [ -46.841741482889141, -23.662761417270385 ], [ -46.841701360243285, -23.662787357394482 ], [ -46.841663328739997, -23.662815620320927 ], [ -46.841627487656694, -23.662846295166155 ], [ -46.841593932476549, -23.662879200206806 ], [ -46.841569995830689, -23.662905941150196 ], [ -46.841547643826566, -23.662933837089643 ], [ -46.841527073755685, -23.662962975975734 ], [ -46.841508381102351, -23.662993176084278 ], [ -46.841491563337996, -23.663024256856051 ], [ -46.841409380291559, -23.663203746797492 ], [ -46.841307560199169, -23.663395027841261 ], [ -46.841299906291887, -23.663408482461257 ], [ -46.841291362674212, -23.663421405885007 ], [ -46.84128202988871, -23.66343397750741 ], [ -46.841271905405939, -23.663446016768447 ], [ -46.841258960028938, -23.663459624568169 ], [ -46.841245021868261, -23.663472341215872 ], [ -46.841230285686279, -23.663484074101632 ], [ -46.84121455672063, -23.663494915834825 ], [ -46.841198224496267, -23.663504681196045 ], [ -46.841112242507947, -23.663559970268373 ], [ -46.841085899591413, -23.663575904343968 ], [ -46.841058656843146, -23.663590584978596 ], [ -46.841030707761803, -23.663603829282469 ], [ -46.840870730335553, -23.663674354402858 ], [ -46.840786795058712, -23.66371481060926 ], [ -46.840706269314317, -23.66376073425808 ], [ -46.84062964190138, -23.663812029252757 ], [ -46.840612182729522, -23.6638253294492 ], [ -46.840595815611941, -23.663839609914771 ], [ -46.840580345785206, -23.663854963258643 ], [ -46.840566062234124, -23.663871024867937 ], [ -46.840552771459585, -23.66388797763171 ], [ -46.840540764974982, -23.663905637497074 ], [ -46.840368712951907, -23.664136037419183 ], [ -46.840348808996517, -23.66415677081994 ], [ -46.840327614419742, -23.664176345714374 ], [ -46.840305027415361, -23.664194492426311 ], [ -46.84028114726155, -23.664211300070839 ], [ -46.840256266736816, -23.664226674874701 ], [ -46.840230286563454, -23.664240527721617 ], [ -46.840203402770221, -23.664252856282594 ], [ -46.840175710844008, -23.664263478832957 ], [ -46.840147408077868, -23.664272483323877 ], [ -46.840055461691279, -23.664300934783224 ], [ -46.839949212914448, -23.664316102094357 ], [ -46.839841975829394, -23.664323696289667 ], [ -46.83981670838358, -23.664325441074578 ], [ -46.839791556642282, -23.664328448611521 ], [ -46.839766721687802, -23.66433307769276 ], [ -46.839742200992035, -23.664339147758522 ], [ -46.839718090041231, -23.664346477085058 ], [ -46.839694587390454, -23.664355243904804 ], [ -46.839671788526189, -23.664365266494219 ], [ -46.839649595433734, -23.66437654601749 ], [ -46.839628304682535, -23.664389259543373 ], [ -46.839607813203777, -23.66440304711606 ], [ -46.83958831828938, -23.664417996688218 ], [ -46.839416997085642, -23.664539671771589 ], [ -46.839352891267744, -23.664582149185836 ], [ -46.839285985415955, -23.664620686836681 ], [ -46.839251035728253, -23.664638077225803 ], [ -46.839214977552679, -23.664653313686458 ], [ -46.839177908904986, -23.664666395054159 ], [ -46.839139927801128, -23.664677320164568 ], [ -46.839101425037484, -23.664685994082785 ], [ -46.838953563826777, -23.664704815032085 ], [ -46.838804675186523, -23.664713264106972 ], [ -46.838664166515727, -23.664718092078022 ], [ -46.838467843035986, -23.664734417687445 ], [ -46.838281125393173, -23.664757672085017 ], [ -46.838248525668185, -23.664760858047401 ], [ -46.838215803936947, -23.664762329844454 ], [ -46.83818295893817, -23.664761997195949 ], [ -46.838150284717052, -23.664759856612928 ], [ -46.838117683260336, -23.664755909258325 ], [ -46.838085547890365, -23.664750240760632 ], [ -46.838053681316651, -23.664742763165705 ], [ -46.838022476861404, -23.664733562102327 ], [ -46.837991835248744, -23.664722548453561 ], [ -46.837962054310893, -23.664709989571517 ], [ -46.837950703099843, -23.664704435648204 ], [ -46.837939733848756, -23.664698154832038 ], [ -46.837929245834744, -23.664691236240429 ], [ -46.837919337072513, -23.664683678710666 ], [ -46.837909910809913, -23.664675573685745 ], [ -46.837853071922517, -23.664648888563281 ], [ -46.83749003152289, -23.664723715315088 ], [ -46.837263877225652, -23.664801071516294 ], [ -46.836949766913506, -23.664989088588673 ], [ -46.836904700601046, -23.665019149441534 ], [ -46.83682869673293, -23.665094182877116 ], [ -46.836729694789405, -23.665221137744439 ], [ -46.836620699460603, -23.66540464547413 ], [ -46.836537040578378, -23.665514171972045 ], [ -46.836547853910915, -23.665495262399304 ], [ -46.836557483488491, -23.665475825088496 ], [ -46.836565831296319, -23.665455861201767 ], [ -46.836593420193182, -23.66538871575381 ], [ -46.836624657069912, -23.665323062071096 ], [ -46.836768822863419, -23.665039722446288 ], [ -46.836867183776789, -23.66484586648615 ], [ -46.836877424063992, -23.664828047229722 ], [ -46.836886480601606, -23.664809700237463 ], [ -46.836894154837225, -23.664790647273527 ], [ -46.836900453079892, -23.664771339738845 ], [ -46.836905372806768, -23.664751597073245 ], [ -46.836920670062852, -23.664674755149875 ], [ -46.836925981044274, -23.664640921807912 ], [ -46.836928937150361, -23.664606935797146 ], [ -46.836929734412038, -23.664572794793298 ], [ -46.836928375354418, -23.664538679356589 ], [ -46.836715766609153, -23.664469957242645 ], [ -46.836711334814424, -23.664405358479904 ], [ -46.836362821146942, -23.66417977905791 ], [ -46.836285212004626, -23.66411884678018 ], [ -46.835958994990605, -23.664113864024447 ], [ -46.835938427357092, -23.66401695018039 ], [ -46.836031544605866, -23.663812592311835 ], [ -46.83625832260276, -23.663562405660262 ], [ -46.836254126654566, -23.663262043448931 ], [ -46.836483769414649, -23.663224016142664 ], [ -46.836653629818578, -23.663018748262242 ], [ -46.836729140586982, -23.6629295444598 ], [ -46.83675622700197, -23.662805428722393 ], [ -46.836829293129242, -23.662548304914733 ], [ -46.836798230183618, -23.66238081452282 ], [ -46.836730252849733, -23.662328617148653 ], [ -46.836613703618461, -23.662223901976084 ], [ -46.83651688508661, -23.662163197454689 ], [ -46.836405987386605, -23.661943740274065 ], [ -46.836174446339228, -23.661894835615445 ], [ -46.83617198271827, -23.661879875814879 ], [ -46.836168337555421, -23.661857525813314 ], [ -46.836164399617459, -23.661835269576365 ], [ -46.836159580829296, -23.661813114073201 ], [ -46.836152612072667, -23.661791435524513 ], [ -46.836145059026578, -23.661770034785114 ], [ -46.836137406709689, -23.66174854492645 ], [ -46.836128682563292, -23.661727519244927 ], [ -46.836117325954348, -23.66170751800577 ], [ -46.836104802026505, -23.661688162665016 ], [ -46.836086843627612, -23.661672754415779 ], [ -46.836068499487943, -23.661657802211174 ], [ -46.836048996856512, -23.661644127864797 ], [ -46.836029205235505, -23.66163081812093 ], [ -46.83600902913426, -23.661618054701375 ], [ -46.835988948527444, -23.661605109557037 ], [ -46.835969061427491, -23.661591981526549 ], [ -46.835949173070567, -23.661578763213026 ], [ -46.835928131264417, -23.661567183877423 ], [ -46.835906993971129, -23.661555786260539 ], [ -46.83588556768759, -23.661544753245522 ], [ -46.835864142668299, -23.661533810507539 ], [ -46.835842813143181, -23.661522686044563 ], [ -46.835821292639956, -23.661511925021994 ], [ -46.835799199195193, -23.661502254326845 ], [ -46.835776816759498, -23.661492948233139 ], [ -46.835754151636344, -23.661484458141981 ], [ -46.835731104552309, -23.661476694934262 ], [ -46.83570749461073, -23.661470744295279 ], [ -46.835683792962101, -23.661465246215002 ], [ -46.835659809884845, -23.661460654417073 ], [ -46.835635917257477, -23.661455519772634 ], [ -46.8356123990322, -23.661449116556181 ], [ -46.835588882069594, -23.661442803616271 ], [ -46.835564449276106, -23.661441106577005 ], [ -46.835540037912665, -23.661440944298167 ], [ -46.835515876777443, -23.661444661744301 ], [ -46.835492130379485, -23.661449999586985 ], [ -46.835470315542011, -23.661460280779774 ], [ -46.8354486024948, -23.661470831649414 ], [ -46.835427287795717, -23.661481829273292 ], [ -46.835405775807793, -23.661492738936257 ], [ -46.835383356495655, -23.66150185344047 ], [ -46.835360834126057, -23.661510607981583 ], [ -46.835337909620314, -23.661518644921507 ], [ -46.83531498259071, -23.661526501297654 ], [ -46.835292159872566, -23.661534807910936 ], [ -46.835269235357771, -23.661542844841172 ], [ -46.835246107252921, -23.661550342408471 ], [ -46.835222874831011, -23.661557389732049 ], [ -46.835199030385432, -23.661562728692648 ], [ -46.835175184677325, -23.66156797736943 ], [ -46.835151336446444, -23.66157304548209 ], [ -46.835127491994356, -23.661578384432023 ], [ -46.835104156506382, -23.661585071778237 ], [ -46.835080824796606, -23.661592029961898 ], [ -46.83505769793075, -23.661599617782503 ], [ -46.835034769607354, -23.661607383838728 ], [ -46.835012047387693, -23.661615869812351 ], [ -46.834989121578737, -23.661623816422708 ], [ -46.834965789854884, -23.661630774589817 ], [ -46.83494215148918, -23.661636833433004 ], [ -46.834917874639949, -23.661639288025789 ], [ -46.834893397984182, -23.661641474095447 ], [ -46.834869006738558, -23.661642756197679 ], [ -46.834844514959485, -23.66164385889623 ], [ -46.834820011838929, -23.661644149068323 ], [ -46.834795511238127, -23.661644619797137 ], [ -46.834771013156967, -23.661645271082669 ], [ -46.834746515075281, -23.661645922364333 ], [ -46.834722016993069, -23.661646573642134 ], [ -46.834697523950354, -23.661647586037265 ], [ -46.834673141519367, -23.661649500070919 ], [ -46.834648761607333, -23.661651594661379 ], [ -46.834624389253968, -23.661654230929834 ], [ -46.834600122471485, -23.661657407715786 ], [ -46.834576065571724, -23.661661575260247 ], [ -46.834552118021847, -23.66166655416329 ], [ -46.834529391976204, -23.661674769227695 ], [ -46.834506973823743, -23.661683973890835 ], [ -46.834485460458325, -23.661694793152162 ], [ -46.834463945829349, -23.661705522130408 ], [ -46.834441019966079, -23.661713468662544 ], [ -46.834417991047992, -23.661721055230657 ], [ -46.834394558738531, -23.66172783391438 ], [ -46.834371226958567, -23.661734791994924 ], [ -46.834348603939851, -23.661743366995008 ], [ -46.834326285033818, -23.661752660753333 ], [ -46.834304770381102, -23.661763389710782 ], [ -46.834283458048567, -23.661774567746317 ], [ -46.83426254658076, -23.661786373100007 ], [ -46.834241733121679, -23.661798177290756 ], [ -46.834220923437812, -23.661810252319881 ], [ -46.834200011958316, -23.661822057665781 ], [ -46.834178497283055, -23.661832786606929 ], [ -46.834156982604142, -23.6618435155453 ], [ -46.834135470440799, -23.661854425041518 ], [ -46.834113955754518, -23.661865153974322 ], [ -46.834092139468844, -23.661875344703081 ], [ -46.834070827098635, -23.661886522711452 ], [ -46.834050713549587, -23.6618993118405 ], [ -46.834030603775219, -23.661912371808118 ], [ -46.834009889546188, -23.661924265090189 ], [ -46.833988978028245, -23.661936070409716 ], [ -46.833967766170545, -23.661947427805451 ], [ -46.833946453777251, -23.661958605797981 ], [ -46.833924939057177, -23.661969334706395 ], [ -46.833903426852395, -23.6619802441727 ], [ -46.833882213720116, -23.661991511277229 ], [ -46.833861200388029, -23.662003046899887 ], [ -46.833840787723382, -23.662015478362761 ], [ -46.833820077238002, -23.662027642462384 ], [ -46.833799063894304, -23.662039178077237 ], [ -46.833777752730057, -23.662050446328585 ], [ -46.833755936385131, -23.662060637013266 ], [ -46.833733920232838, -23.662070559174083 ], [ -46.833711601222959, -23.662079852849594 ], [ -46.833689081146623, -23.66208878772067 ], [ -46.83366585104968, -23.662096015381959 ], [ -46.833642416109043, -23.662102613397405 ], [ -46.833618568965555, -23.662107771563708 ], [ -46.833594617510656, -23.662112479484641 ], [ -46.833570457435385, -23.662116286918348 ], [ -46.833546296099207, -23.662120004068015 ], [ -46.833445620109245, -23.662063767666076 ], [ -46.833309617538077, -23.661941672480864 ], [ -46.832982231524682, -23.661163498557428 ], [ -46.831134851219794, -23.661463632517165 ], [ -46.830827199432107, -23.661418689234736 ], [ -46.83034245185155, -23.661397869560265 ], [ -46.830025748131632, -23.661392761561039 ], [ -46.829915730313161, -23.661411758849784 ], [ -46.829733673194923, -23.661431606808005 ], [ -46.82963325552462, -23.661407871103641 ], [ -46.829519560913582, -23.66140921363419 ], [ -46.829500542699925, -23.661409167311032 ], [ -46.829474634706678, -23.661407125543018 ], [ -46.829496902159882, -23.66156316394796 ], [ -46.829581890160739, -23.661957383330392 ], [ -46.829654767827677, -23.662249170080781 ], [ -46.8298459184454, -23.662854329631859 ], [ -46.829997610980115, -23.663286768389941 ], [ -46.830443127828843, -23.664474306884198 ], [ -46.830709673122342, -23.665163993416034 ], [ -46.830971372642409, -23.665892653839535 ], [ -46.831307143248722, -23.66680102856802 ], [ -46.831480595111437, -23.667274653501938 ], [ -46.83179465797366, -23.668144275778044 ], [ -46.831986740996058, -23.6686249934884 ], [ -46.83213699144715, -23.669142775217132 ], [ -46.83223728353255, -23.669592974763201 ], [ -46.832318674441758, -23.67001639950568 ], [ -46.832363133280097, -23.670357370058277 ], [ -46.832369084275996, -23.670784125081656 ], [ -46.832361370036864, -23.670898800947967 ], [ -46.832386748459207, -23.670904911683177 ], [ -46.832361057272855, -23.670904493245448 ], [ -46.832344809170969, -23.671321126907319 ], [ -46.832301728915397, -23.671648505140823 ], [ -46.832222620501113, -23.672056762569657 ], [ -46.832139332881859, -23.672348137126637 ], [ -46.832029614726899, -23.672649395568936 ], [ -46.831867985570561, -23.673024497331255 ], [ -46.831705405275521, -23.673331437330294 ], [ -46.831409891134349, -23.673793541284294 ], [ -46.831186162952228, -23.674081519510231 ], [ -46.830982724596019, -23.674305960640034 ], [ -46.830656291716082, -23.674639126116087 ], [ -46.83040239495795, -23.674851882830705 ], [ -46.830014752624088, -23.675168794977449 ], [ -46.829404048836608, -23.675632091335665 ], [ -46.828578115988911, -23.676227229735417 ], [ -46.828267906782713, -23.676451844739891 ] ] ] } },
{ "type": "Feature", "properties": { "nome": "PIRAJUSSARA", "codigo": 19, "regiao": "LESTE", "populacao_2010": 11037, "mulheres_2010": 5780, "homens_2010": 5257, "domicilios": 3405, "populacao_2015": 11636, "area_km2": 1.64, "densidade_2015": 7112.54, "fonte_cartografica": "Base oficial de Limites Administrativos de Embu das Artes", "crs_origem": "SIRGAS 2000 / UTM zone 23S (EPSG:31983)", "status_geometria": "oficial", "nota_demografica": "Atributos populacionais da base referem-se principalmente a 2010 e 2015; não devem ser apresentados como dados atuais." }, "geometry": { "type": "Polygon", "coordinates": [ [ [ -46.80796859069217, -23.64795838246841 ], [ -46.808085657375059, -23.648096163552335 ], [ -46.808167628685851, -23.648176564316397 ], [ -46.808254343961487, -23.648252665766062 ], [ -46.808452382674567, -23.648426613688887 ], [ -46.808462709149715, -23.648436245205538 ], [ -46.80846857331111, -23.648442136340851 ], [ -46.808474050421552, -23.648448393176711 ], [ -46.808479039994502, -23.648454836292981 ], [ -46.808483642516478, -23.648461645109847 ], [ -46.808487659496784, -23.648468641350661 ], [ -46.808491286943564, -23.648475822728606 ], [ -46.808494328848546, -23.648483191530573 ], [ -46.808496983702383, -23.64849092603329 ], [ -46.808498952527671, -23.648498668540007 ], [ -46.808500432573801, -23.648506507045632 ], [ -46.808501422599434, -23.648514351268439 ], [ -46.808501827082857, -23.648522382915409 ], [ -46.808501740304344, -23.648530329997808 ], [ -46.808500967496769, -23.648538285084285 ], [ -46.808499703427081, -23.648546155606216 ], [ -46.808374478255757, -23.648998556069124 ], [ -46.808368391051133, -23.649033481438138 ], [ -46.808365654567609, -23.64906258875558 ], [ -46.808365076666377, -23.649091851482105 ], [ -46.808366291346118, -23.649116036705284 ], [ -46.808369366873052, -23.649140109922307 ], [ -46.808374204002398, -23.649163981994555 ], [ -46.80838079901141, -23.649187382076558 ], [ -46.808389153142166, -23.649210400449782 ], [ -46.808537933287354, -23.649551519408526 ], [ -46.808785015464515, -23.650084092902766 ], [ -46.808944258663907, -23.650351949300468 ], [ -46.808947877502604, -23.650358498689297 ], [ -46.808951007555876, -23.650365144078783 ], [ -46.808953650065334, -23.650371975750687 ], [ -46.808955903036406, -23.650378992561219 ], [ -46.808957667221868, -23.650386105372505 ], [ -46.808959040627172, -23.650393313040713 ], [ -46.809015112107581, -23.650386428185545 ], [ -46.80902710221541, -23.650381592842045 ], [ -46.809224103730472, -23.650679347724811 ], [ -46.809228391860799, -23.650727425545977 ], [ -46.809231739472295, -23.650764137023813 ], [ -46.80924009179855, -23.650815508362506 ], [ -46.809245607964748, -23.650853097488024 ], [ -46.809248327498416, -23.650865526618528 ], [ -46.809252187296579, -23.65088959064828 ], [ -46.809258248249144, -23.650938279845775 ], [ -46.80926488120366, -23.650992921914511 ], [ -46.809269575158318, -23.651049121652001 ], [ -46.809274619023647, -23.651109380632995 ], [ -46.809279372603157, -23.651169913890346 ], [ -46.809284113662201, -23.651222410931794 ], [ -46.809324016326443, -23.651336982478352 ], [ -46.809342385248726, -23.651389681612912 ], [ -46.809342287242494, -23.651389682757017 ], [ -46.809359063127964, -23.65143346116259 ], [ -46.809400022543841, -23.651525085112354 ], [ -46.809429747846011, -23.651576748693419 ], [ -46.809488703522973, -23.651679720427484 ], [ -46.809666111844095, -23.65170735655548 ], [ -46.809869473930775, -23.651890089113877 ], [ -46.810065577011734, -23.652663533303976 ], [ -46.810488086454406, -23.65248775797593 ], [ -46.811025362166447, -23.652232444103024 ], [ -46.811243720842334, -23.652379332509046 ], [ -46.811387300363386, -23.65271211129857 ], [ -46.811319479518858, -23.652833900724278 ], [ -46.811112781390754, -23.652971489568749 ], [ -46.810974493465423, -23.653030082363138 ], [ -46.810952833185951, -23.653137065472087 ], [ -46.811120401596597, -23.653439405264148 ], [ -46.811162899621955, -23.653436199742004 ], [ -46.811250755293777, -23.653431019388428 ], [ -46.811692241888963, -23.653444460159005 ], [ -46.811726550780726, -23.653444510574229 ], [ -46.811760828577597, -23.65344230394318 ], [ -46.811790618191942, -23.653484304558962 ], [ -46.811849021573494, -23.653504299593742 ], [ -46.811908650818893, -23.653527892117069 ], [ -46.811921354761239, -23.653532168100771 ], [ -46.81196252349028, -23.653546314746809 ], [ -46.811998471696178, -23.653558626200933 ], [ -46.812059363894079, -23.653581391232674 ], [ -46.812089316229745, -23.653592508624151 ], [ -46.812110272736916, -23.653598132836876 ], [ -46.812132014551594, -23.653603838160421 ], [ -46.812174634777364, -23.653616613334808 ], [ -46.812185467879942, -23.653620279098988 ], [ -46.812259627260985, -23.653645507501221 ], [ -46.812275483646431, -23.653650920440541 ], [ -46.812333676218699, -23.653669834197061 ], [ -46.812369026487445, -23.653681430185287 ], [ -46.812403895432602, -23.653693663866324 ], [ -46.812459646554231, -23.65371323819728 ], [ -46.812550169898103, -23.653745137581208 ], [ -46.812629884745306, -23.653768043423945 ], [ -46.812643170555617, -23.653771861060239 ], [ -46.812707645683027, -23.653791423558175 ], [ -46.812743295013483, -23.653803377143745 ], [ -46.812782892043082, -23.653817271057999 ], [ -46.812846624216789, -23.653839821955568 ], [ -46.812854995955817, -23.653842703797892 ], [ -46.812930942115614, -23.653869536293335 ], [ -46.812946111251591, -23.653874866904417 ], [ -46.812992112439787, -23.653891123840101 ], [ -46.813021469398365, -23.653901706232062 ], [ -46.813054538537678, -23.653918475617179 ], [ -46.813122470857174, -23.653954160480975 ], [ -46.813155492460645, -23.653988809013924 ], [ -46.813185628282525, -23.65402033094016 ], [ -46.813221932731572, -23.654058462594236 ], [ -46.813255749655767, -23.654093914461907 ], [ -46.813304030813661, -23.654154660564291 ], [ -46.81333678972576, -23.65422001277507 ], [ -46.813350333185674, -23.654292271718823 ], [ -46.813363031595941, -23.654360116042746 ], [ -46.813376050190357, -23.654429852834429 ], [ -46.813389599926317, -23.654502563177523 ], [ -46.813389225792925, -23.654539408331477 ], [ -46.813399614039128, -23.654603216358908 ], [ -46.813428294119781, -23.654671325146715 ], [ -46.813450289733666, -23.65473806740976 ], [ -46.813476263334742, -23.654816050120452 ], [ -46.813484782063369, -23.654829585134188 ], [ -46.813514241524707, -23.654876013736551 ], [ -46.813519152267055, -23.654883812023897 ], [ -46.813540697249245, -23.654917872385887 ], [ -46.813561745620056, -23.654944353690919 ], [ -46.813572998648169, -23.654957134332886 ], [ -46.813613328420537, -23.655002803631024 ], [ -46.813618101320614, -23.655007714055472 ], [ -46.813656092252273, -23.655047270583172 ], [ -46.813712085530597, -23.655105668869563 ], [ -46.813722525877232, -23.655116382202092 ], [ -46.813768789825808, -23.655165864731284 ], [ -46.813778640883775, -23.655176494660392 ], [ -46.81382172002543, -23.655222492901903 ], [ -46.813880010871777, -23.65527689120411 ], [ -46.813938142733896, -23.655326866838845 ], [ -46.814004209628884, -23.655376478678967 ], [ -46.814059666310222, -23.655417275386228 ], [ -46.814077805444164, -23.655417604828941 ], [ -46.814133599481963, -23.655433114682658 ], [ -46.814237845244044, -23.655457718973111 ], [ -46.814314161811559, -23.655475787678217 ], [ -46.814389524023795, -23.655509940201799 ], [ -46.814464886273193, -23.655544092686185 ], [ -46.814551986388338, -23.655583525451842 ], [ -46.814637306608468, -23.655607628693264 ], [ -46.814712882839913, -23.655628866222131 ], [ -46.814799382960523, -23.655653226442329 ], [ -46.814871912662106, -23.655681000876484 ], [ -46.81493123258057, -23.655632359011545 ], [ -46.815033362345631, -23.655539151313381 ], [ -46.815108529536928, -23.655445536988768 ], [ -46.815177465984128, -23.655347932294628 ], [ -46.815239882654787, -23.655246701808135 ], [ -46.81526863677405, -23.655192277726364 ], [ -46.81529354485162, -23.655136183068176 ], [ -46.815314319097347, -23.655078872685987 ], [ -46.815331515163699, -23.655017992377761 ], [ -46.815334976968167, -23.655006032761563 ], [ -46.81533932334208, -23.654994243375505 ], [ -46.815344458769253, -23.654982805930256 ], [ -46.815350282748291, -23.654971541011136 ], [ -46.815356898272917, -23.65496080859538 ], [ -46.815364203595436, -23.654950338986943 ], [ -46.81537220120839, -23.654940312748444 ], [ -46.815380794349494, -23.654930821309161 ], [ -46.815390079780897, -23.654921773239625 ], [ -46.815399960740358, -23.654913259969124 ], [ -46.815596394514543, -23.654756552717089 ], [ -46.815636331464979, -23.654724029774496 ], [ -46.815705572260839, -23.654662720277365 ], [ -46.815770942051891, -23.654597934565103 ], [ -46.815832246069604, -23.654529765220492 ], [ -46.815889196525148, -23.654458667099973 ], [ -46.816026752932949, -23.654276192511194 ], [ -46.816085180290187, -23.654198485417812 ], [ -46.816232250662736, -23.654002264494888 ], [ -46.816317688761806, -23.653878821925094 ], [ -46.816393545148543, -23.65375007385861 ], [ -46.816402890523015, -23.653731182776209 ], [ -46.816411152823626, -23.653711943203582 ], [ -46.816418034287182, -23.653692087743014 ], [ -46.816423539902203, -23.653671977519842 ], [ -46.816427766429818, -23.653651521104212 ], [ -46.816430619604091, -23.653630990488789 ], [ -46.816432096931678, -23.653610205110979 ], [ -46.816432202154196, -23.653589435814752 ], [ -46.81643103327977, -23.653568681451365 ], [ -46.816428395541074, -23.653548034599407 ], [ -46.816404536770449, -23.653431651891378 ], [ -46.816301575059988, -23.65303149315509 ], [ -46.816296149520412, -23.653007718611377 ], [ -46.816292386362292, -23.652983653697635 ], [ -46.816290384838631, -23.652959387546801 ], [ -46.816290049435189, -23.652935101870245 ], [ -46.816291478158014, -23.652910795519418 ], [ -46.816294476239044, -23.652886561072815 ], [ -46.816299341438821, -23.65286266592868 ], [ -46.816305779735544, -23.652839113532604 ], [ -46.816316903164072, -23.652807018411501 ], [ -46.816330192714155, -23.652775620271601 ], [ -46.816345648384385, -23.652744919112425 ], [ -46.816363079147266, -23.652715278355902 ], [ -46.816382583008611, -23.652686696852836 ], [ -46.816403867193948, -23.6526592683297 ], [ -46.816427030956334, -23.652633081918498 ], [ -46.816451879528614, -23.652608230197036 ], [ -46.816478318644613, -23.652584985157169 ], [ -46.816506345810396, -23.652563166235456 ], [ -46.816535768753532, -23.652543046572394 ], [ -46.816566490714756, -23.652524717597199 ], [ -46.81659841244096, -23.6525080901765 ], [ -46.816631438420288, -23.652493346020925 ], [ -46.816691964352422, -23.652475390046771 ], [ -46.816753516477021, -23.652460762969987 ], [ -46.816815897537822, -23.652449376805539 ], [ -46.816878916514789, -23.65244159497519 ], [ -46.817021315836726, -23.652432521320893 ], [ -46.817164043369459, -23.65243301505522 ], [ -46.817552803445572, -23.65244741862244 ], [ -46.817929860154088, -23.652466112096278 ], [ -46.818132117650379, -23.65245461967513 ], [ -46.818283770857519, -23.652377533807798 ], [ -46.818318669642281, -23.652462815159932 ], [ -46.818427055922861, -23.652560146608604 ], [ -46.818555370177599, -23.652659591836365 ], [ -46.818700970017588, -23.652747276236695 ], [ -46.819136165903842, -23.652880140773288 ], [ -46.819441876587497, -23.652984816870735 ], [ -46.819691911300858, -23.652962016284171 ], [ -46.819870876350713, -23.652981495617592 ], [ -46.820080482409232, -23.653097231418847 ], [ -46.820172258224545, -23.653162882197822 ], [ -46.820104224765281, -23.653070405625698 ], [ -46.820029887652126, -23.652784499121918 ], [ -46.820173978701924, -23.652671020739824 ], [ -46.820478528152719, -23.652613898344242 ], [ -46.820705758941358, -23.6532097095712 ], [ -46.820782006496628, -23.653286558476548 ], [ -46.820813315692831, -23.653324837235491 ], [ -46.82083365135734, -23.653370558870382 ], [ -46.820922247234577, -23.653440129252846 ], [ -46.820952056400003, -23.653476258505002 ], [ -46.820971088042839, -23.653519828340563 ], [ -46.820988295563758, -23.653559085409 ], [ -46.820988702114263, -23.653637999135437 ], [ -46.820989730697967, -23.653662728090712 ], [ -46.820989565971772, -23.653771175244938 ], [ -46.82099130339774, -23.653882489512249 ], [ -46.820993117092208, -23.653999310923538 ], [ -46.820998010226454, -23.654012888089841 ], [ -46.821023483493981, -23.65408274858531 ], [ -46.821034488374721, -23.654112958651801 ], [ -46.821082503496413, -23.65421795019742 ], [ -46.821129310099828, -23.654320608234624 ], [ -46.821174153638516, -23.65443015179882 ], [ -46.821216161761519, -23.65453313707572 ], [ -46.821259180044137, -23.654638277563382 ], [ -46.821307575864637, -23.654749494946905 ], [ -46.821332785149608, -23.654807349138398 ], [ -46.821355770754664, -23.654860353488235 ], [ -46.821409429493627, -23.65498351830896 ], [ -46.821423120163999, -23.655044848800721 ], [ -46.821426879805841, -23.655061509324948 ], [ -46.82144313012035, -23.655102402892499 ], [ -46.821475633283193, -23.655184370582099 ], [ -46.821493408781528, -23.655229219228303 ], [ -46.821521913348604, -23.655298502203596 ], [ -46.821546966850491, -23.655359247641091 ], [ -46.821624880621826, -23.65552086413004 ], [ -46.821628566517354, -23.655532198065387 ], [ -46.821638861855973, -23.655560700792464 ], [ -46.821996733810245, -23.655481728833248 ], [ -46.822064132112281, -23.655443283102265 ], [ -46.82218351383851, -23.655590957648343 ], [ -46.822673514351024, -23.655320448341193 ], [ -46.822933675395795, -23.655108624653518 ], [ -46.823005513038524, -23.655036897501898 ], [ -46.823074551257221, -23.655194554288244 ], [ -46.823246019401793, -23.655238678153825 ], [ -46.823539206498175, -23.65588165517865 ], [ -46.823424207265653, -23.656248073705964 ], [ -46.823245447315443, -23.656349773105973 ], [ -46.823415526139343, -23.656491522651656 ], [ -46.823669491101384, -23.656610342976251 ], [ -46.823290103799401, -23.656968766217847 ], [ -46.822896457954009, -23.657161483208878 ], [ -46.822624040320171, -23.657444062366359 ], [ -46.822505584017847, -23.657575481358087 ], [ -46.822404714168989, -23.657639061980674 ], [ -46.82240582609861, -23.657662706371863 ], [ -46.822402090074, -23.657690200195823 ], [ -46.822386860602187, -23.657737152462875 ], [ -46.82238935718776, -23.657761683526697 ], [ -46.822403962408515, -23.657775778479643 ], [ -46.822428792796025, -23.657777924442641 ], [ -46.822452508377751, -23.657784508000798 ], [ -46.82247488810772, -23.657793725840751 ], [ -46.822496352810504, -23.657807649814146 ], [ -46.82251949910976, -23.657815594492117 ], [ -46.822542003139603, -23.657826707069027 ], [ -46.822564518436103, -23.657838632171011 ], [ -46.822587741083737, -23.657852083976209 ], [ -46.822605799223624, -23.657867763618064 ], [ -46.822627786542235, -23.657884029112282 ], [ -46.822654115106921, -23.657902320340963 ], [ -46.822673282663793, -23.657920244316625 ], [ -46.82269395292186, -23.657940498301489 ], [ -46.822707465923834, -23.657960655879652 ], [ -46.82272618099158, -23.657981294040251 ], [ -46.822750020529305, -23.657996815362779 ], [ -46.822772324447193, -23.65801470243208 ], [ -46.822794389410952, -23.658036565317804 ], [ -46.822809641594461, -23.658054896514081 ], [ -46.822824598499245, -23.65807314088639 ], [ -46.822842102429384, -23.658091264999545 ], [ -46.822862100435472, -23.658112520119179 ], [ -46.822875236459844, -23.658133765662644 ], [ -46.822891315308148, -23.658155157177248 ], [ -46.822904269089435, -23.658177398113811 ], [ -46.822920689544986, -23.658202216841051 ], [ -46.822938126788721, -23.658222599117423 ], [ -46.822955843048838, -23.658241894561218 ], [ -46.822971575318668, -23.658259497725698 ], [ -46.822986936830262, -23.658278640276205 ], [ -46.823009395541007, -23.658293545729183 ], [ -46.823036149199872, -23.658307136510331 ], [ -46.823067078515521, -23.658317878994822 ], [ -46.823095648069057, -23.658328107462076 ], [ -46.8231197629663, -23.658342271047356 ], [ -46.823144217332377, -23.658352638217391 ], [ -46.823171092812686, -23.658367943157799 ], [ -46.823199625717351, -23.658382596522628 ], [ -46.823224943054072, -23.658398642151091 ], [ -46.82325016489002, -23.658414869490066 ], [ -46.823279448095455, -23.658427076028612 ], [ -46.823308502732694, -23.658436937564161 ], [ -46.823332450799853, -23.658446136816835 ], [ -46.823353149138924, -23.658461333817051 ], [ -46.823373439163149, -23.658475361775618 ], [ -46.82339667327058, -23.658489625974585 ], [ -46.823417636858274, -23.658502743044522 ], [ -46.823442098440168, -23.658520694913072 ], [ -46.823468012660967, -23.658537365544305 ], [ -46.823495133413559, -23.658549146008387 ], [ -46.823519514876786, -23.658561319886019 ], [ -46.823548018148905, -23.658566763376637 ], [ -46.823572740663892, -23.658568188051934 ], [ -46.823696918849464, -23.658545416859873 ], [ -46.82372358688098, -23.658538692007827 ], [ -46.823746100888009, -23.658529307173325 ], [ -46.823771117758021, -23.658523685294149 ], [ -46.823797352081797, -23.658521028837374 ], [ -46.823824616605947, -23.658521972075654 ], [ -46.823854229631237, -23.658522616780019 ], [ -46.823882834996141, -23.65852128683559 ], [ -46.823908697311396, -23.658520079468651 ], [ -46.823934603782128, -23.658514988866113 ], [ -46.823962095956716, -23.65851114373287 ], [ -46.823992506841435, -23.658512772271145 ], [ -46.824022642481594, -23.658515758477598 ], [ -46.824049955851237, -23.658520222630141 ], [ -46.824077644982523, -23.65852350851145 ], [ -46.82410674509434, -23.658529576941955 ], [ -46.824132922421789, -23.65853694391236 ], [ -46.824163589457932, -23.658542903590462 ], [ -46.824193909547347, -23.658552117988663 ], [ -46.824224915716002, -23.658561324303776 ], [ -46.824251033876479, -23.658571491113889 ], [ -46.8242758816586, -23.65858194376225 ], [ -46.824304722832913, -23.658590543479768 ], [ -46.824334389436373, -23.658602113228582 ], [ -46.824365637997538, -23.658614657597887 ], [ -46.824389481885568, -23.658623406430031 ], [ -46.824422068782937, -23.658633497049049 ], [ -46.824448827946256, -23.658640405635559 ], [ -46.824473198521055, -23.658644723768706 ], [ -46.824497658338238, -23.658648408777982 ], [ -46.824508866650639, -23.658650805083461 ], [ -46.82450886539781, -23.658650714802612 ], [ -46.824596616198448, -23.658440015189026 ], [ -46.824823358728693, -23.657988485763443 ], [ -46.825226517419011, -23.657266519734517 ], [ -46.825624621077594, -23.656569082470789 ], [ -46.825992590677693, -23.65598902247384 ], [ -46.826803120049647, -23.654857367043665 ], [ -46.827104922983821, -23.654468427743197 ], [ -46.828007510192528, -23.653106421076746 ], [ -46.828276567773493, -23.652647074316778 ], [ -46.828619749877099, -23.651998947628147 ], [ -46.828880122798886, -23.651493380841536 ], [ -46.829197853146091, -23.65072121647616 ], [ -46.829529153590506, -23.649790332473838 ], [ -46.82966084871871, -23.64936438903203 ], [ -46.829997796533313, -23.648057808201447 ], [ -46.829520470622867, -23.647953914230666 ], [ -46.829224072523239, -23.647898268677483 ], [ -46.828924385035755, -23.647859817511055 ], [ -46.828622682076229, -23.647838545689979 ], [ -46.828320142066133, -23.647834619900184 ], [ -46.82801794217086, -23.647848116556052 ], [ -46.826922655948941, -23.648043878055184 ], [ -46.824987597753946, -23.648462890090901 ], [ -46.823263820826043, -23.648843997504009 ], [ -46.823021388784255, -23.648891364774528 ], [ -46.822806308749591, -23.648910779520886 ], [ -46.822599315869063, -23.648898405066106 ], [ -46.82254032060149, -23.648892236268338 ], [ -46.822481771575994, -23.648882901849117 ], [ -46.822423962807711, -23.648870398351931 ], [ -46.82237673844201, -23.648857770392375 ], [ -46.821689799486251, -23.648679564966784 ], [ -46.82143043501376, -23.648601346697838 ], [ -46.821325311004301, -23.648569623979231 ], [ -46.820952312816523, -23.64844677947189 ], [ -46.820515718657411, -23.648275650319608 ], [ -46.820182389951746, -23.648129402815222 ], [ -46.820018057327538, -23.648054761519528 ], [ -46.819799686861508, -23.647942559300574 ], [ -46.81913732600772, -23.64758481621643 ], [ -46.818817752080101, -23.647412308660293 ], [ -46.818326525071342, -23.647145919746762 ], [ -46.818176004251079, -23.647070482286647 ], [ -46.818020416728331, -23.647004314280057 ], [ -46.817860452235692, -23.646947678512433 ], [ -46.817785961221098, -23.646926610142422 ], [ -46.817710160567358, -23.646910071889963 ], [ -46.817633247519176, -23.646898151736639 ], [ -46.817555617820354, -23.646891115928906 ], [ -46.817477760227128, -23.646888868439735 ], [ -46.817387229667474, -23.646891645471992 ], [ -46.817297066691495, -23.646899745604188 ], [ -46.817207660804073, -23.646912983679428 ], [ -46.817119405252164, -23.646931445385739 ], [ -46.816963676834391, -23.646968576531751 ], [ -46.816431689765331, -23.647093369850854 ], [ -46.81598581313726, -23.647207671540642 ], [ -46.815546890163851, -23.64734292951308 ], [ -46.815358728413521, -23.647409333684376 ], [ -46.815237438141054, -23.647456082690269 ], [ -46.814766831345622, -23.647618166295185 ], [ -46.814616813069911, -23.647614595076988 ], [ -46.81448418791846, -23.647599984591142 ], [ -46.814317223385508, -23.64754035699929 ], [ -46.814275946802539, -23.647518266097737 ], [ -46.814236401915004, -23.647493807219153 ], [ -46.814198684237127, -23.647466798654758 ], [ -46.814163090269403, -23.647437417527915 ], [ -46.814129724240779, -23.647406114100558 ], [ -46.813579347921845, -23.646894164424452 ], [ -46.81315104425078, -23.646491487809985 ], [ -46.812832670929154, -23.646191996958585 ], [ -46.812650818862835, -23.646004953095773 ], [ -46.812534764582992, -23.645905268709008 ], [ -46.81215914416336, -23.645583871608203 ], [ -46.81187765936275, -23.645386162583115 ], [ -46.81151751293595, -23.64516327662313 ], [ -46.81144318682999, -23.645118455272421 ], [ -46.811299210821971, -23.645048081203726 ], [ -46.81091563610083, -23.64486050240146 ], [ -46.810244248971877, -23.644470859740522 ], [ -46.809662802008262, -23.644177864647173 ], [ -46.809435396406634, -23.644063314468195 ], [ -46.809131982505363, -23.643966807233891 ], [ -46.808877362396572, -23.643897451025143 ], [ -46.808385128090009, -23.643812174945225 ], [ -46.808362841714676, -23.643987790328229 ], [ -46.808414733585053, -23.644489954800054 ], [ -46.808573313944194, -23.645615724831853 ], [ -46.808583490921919, -23.645749966959386 ], [ -46.808584458208038, -23.645884497123792 ], [ -46.808549584695811, -23.646313811279956 ], [ -46.808477261291436, -23.646699858935833 ], [ -46.808396162202499, -23.647132060036014 ], [ -46.808298084941505, -23.647641210985874 ], [ -46.808293280406964, -23.647662486656131 ], [ -46.808287002094964, -23.647683508629914 ], [ -46.80827934552628, -23.647704095200293 ], [ -46.808270309459282, -23.647724156085289 ], [ -46.808259893893371, -23.647743691284681 ], [ -46.808248293594218, -23.647762608229979 ], [ -46.808235311313176, -23.647780818925597 ], [ -46.808221239819694, -23.647798229659756 ], [ -46.808205981109928, -23.647814841575382 ], [ -46.8081896307053, -23.64783047296536 ], [ -46.808172189846729, -23.647845214111147 ], [ -46.808153950063229, -23.647858881019179 ], [ -46.808134716588548, -23.647871566257393 ], [ -46.808114682948265, -23.647883086975423 ], [ -46.808093847901731, -23.64789335289117 ], [ -46.80796859069217, -23.64795838246841 ] ] ] } },
{ "type": "Feature", "properties": { "nome": "RESSACA", "codigo": 13, "regiao": "OESTE", "populacao_2010": 1389, "mulheres_2010": 699, "homens_2010": 690, "domicilios": 556, "populacao_2015": 1581, "area_km2": 7.58, "densidade_2015": 208.5, "fonte_cartografica": "Base oficial de Limites Administrativos de Embu das Artes", "crs_origem": "SIRGAS 2000 / UTM zone 23S (EPSG:31983)", "status_geometria": "oficial", "nota_demografica": "Atributos populacionais da base referem-se principalmente a 2010 e 2015; não devem ser apresentados como dados atuais." }, "geometry": { "type": "Polygon", "coordinates": [ [ [ -46.861605295767028, -23.656456510413623 ], [ -46.861763812405705, -23.656554290985756 ], [ -46.861998256401485, -23.656704523017599 ], [ -46.862079374141643, -23.656756641359827 ], [ -46.862520553863362, -23.657045427896925 ], [ -46.862835109190314, -23.657238849561242 ], [ -46.863063931538726, -23.657379576229282 ], [ -46.863390286726819, -23.657561658317206 ], [ -46.863462854007977, -23.657605210445368 ], [ -46.863672846475183, -23.657717539303523 ], [ -46.863902390979682, -23.657826111200421 ], [ -46.864288326501729, -23.657999799580502 ], [ -46.864722022919786, -23.658195756632111 ], [ -46.864813487248846, -23.658251541275721 ], [ -46.864842557094015, -23.658276112629913 ], [ -46.864869787841137, -23.658302331407164 ], [ -46.86489498475413, -23.65833029024629 ], [ -46.864995367591526, -23.658455042497824 ], [ -46.865021584945659, -23.65849274080421 ], [ -46.865045468040776, -23.658531731319549 ], [ -46.86506672156947, -23.658571927305175 ], [ -46.865085442257929, -23.658613237303832 ], [ -46.865143346650768, -23.658763241329694 ], [ -46.865141993067489, -23.658771474393781 ], [ -46.865193442505387, -23.65891559667299 ], [ -46.865456795350752, -23.659810763102218 ], [ -46.865577781557, -23.660275134031227 ], [ -46.865650876347345, -23.66052147932303 ], [ -46.865707450488557, -23.660501655751212 ], [ -46.865737560667846, -23.660495875535911 ], [ -46.865761988832141, -23.660490344323687 ], [ -46.865786179973405, -23.660481926549156 ], [ -46.865812242918146, -23.66048107093928 ], [ -46.865839296211654, -23.66048092575237 ], [ -46.865866935001435, -23.660480592921733 ], [ -46.865893201652241, -23.660480276610063 ], [ -46.865920247256241, -23.660479589736724 ], [ -46.865945678571485, -23.660475671710063 ], [ -46.865970305303449, -23.660470318662554 ], [ -46.865995336886812, -23.66046586367699 ], [ -46.866020770759157, -23.660462126195686 ], [ -46.866045247597256, -23.660460025530739 ], [ -46.866073260478238, -23.660458424040261 ], [ -46.866097884637327, -23.660452890415574 ], [ -46.866112251078455, -23.660449827977054 ], [ -46.866122121880686, -23.660447722623569 ], [ -46.866146676832955, -23.660437313941536 ], [ -46.866165452377146, -23.660420293097939 ], [ -46.866173774798938, -23.66039888344536 ], [ -46.86617462284287, -23.660375757932737 ], [ -46.866181744125342, -23.660345694509569 ], [ -46.866181627505156, -23.660337479147842 ], [ -46.866222427762466, -23.660338974206052 ], [ -46.866251925466187, -23.660331485682029 ], [ -46.86628783211426, -23.660298998777126 ], [ -46.866328736029011, -23.660280176379871 ], [ -46.866380560021668, -23.660264111847319 ], [ -46.866444784489616, -23.660251509688873 ], [ -46.866554650095054, -23.660243052985294 ], [ -46.866682626371322, -23.660239795665774 ], [ -46.866842681401558, -23.660252043508638 ], [ -46.866934889399246, -23.660263393104099 ], [ -46.866995503677082, -23.660272685393188 ], [ -46.867045217805646, -23.660287526649199 ], [ -46.867092450364929, -23.660307093085216 ], [ -46.867110753405598, -23.660325834292443 ], [ -46.867116906528913, -23.66035185514151 ], [ -46.867104605768468, -23.660389926891661 ], [ -46.867070393120997, -23.660431242386181 ], [ -46.867049752531621, -23.66046878256881 ], [ -46.867061933123637, -23.660511976963107 ], [ -46.867109233316008, -23.660557005510707 ], [ -46.867134786722197, -23.660589293752388 ], [ -46.867149422011835, -23.660625867087695 ], [ -46.867146272790656, -23.660673309439282 ], [ -46.867165886648088, -23.660701515720302 ], [ -46.86717478609053, -23.66073454640885 ], [ -46.867178483312827, -23.66076709802309 ], [ -46.867159866463226, -23.660815990888416 ], [ -46.867170578098083, -23.660845478268442 ], [ -46.867244402564843, -23.660880706243621 ], [ -46.867323288241117, -23.660906482599387 ], [ -46.867361428471227, -23.66092083116612 ], [ -46.867437885579911, -23.660982664070083 ], [ -46.867541012413781, -23.661086342812393 ], [ -46.867570414084838, -23.66112039046671 ], [ -46.867575885659114, -23.661139828035935 ], [ -46.867567765121343, -23.661154734145811 ], [ -46.867551851748544, -23.661166212716552 ], [ -46.867541186247372, -23.661188282732873 ], [ -46.867540988817453, -23.661222687156599 ], [ -46.867552276350317, -23.661244402270551 ], [ -46.86757571076172, -23.66126551950012 ], [ -46.867599888969124, -23.66129069099355 ], [ -46.867624680900185, -23.661317660966407 ], [ -46.867639943492321, -23.661350073152267 ], [ -46.867649188443806, -23.661386711400883 ], [ -46.867657772668622, -23.66144584083705 ], [ -46.867679363643603, -23.661475197029311 ], [ -46.867715570197937, -23.66153281966584 ], [ -46.867746807219781, -23.661599441311466 ], [ -46.867781487006724, -23.66163929440247 ], [ -46.867803020320039, -23.661664588035983 ], [ -46.867844218150985, -23.66166643902773 ], [ -46.867889463405405, -23.66167718032581 ], [ -46.867925668076957, -23.661693267659388 ], [ -46.867957522569419, -23.661713651251556 ], [ -46.867987500243594, -23.661739926578107 ], [ -46.868004231086623, -23.661765278081077 ], [ -46.868013558531928, -23.66178701678562 ], [ -46.868030816133952, -23.661821842809889 ], [ -46.868054918841416, -23.661841687782029 ], [ -46.868077758454397, -23.661869222973724 ], [ -46.868160871435641, -23.661923390517554 ], [ -46.868195833358563, -23.661934797476366 ], [ -46.868220001980191, -23.661917891948143 ], [ -46.868248642383222, -23.661891451620043 ], [ -46.868264557056015, -23.661880063255584 ], [ -46.868285676065682, -23.661876196833557 ], [ -46.868310330169862, -23.661886554239647 ], [ -46.868327965498139, -23.661906567447648 ], [ -46.868354961706927, -23.661950666575351 ], [ -46.86838408643586, -23.661985891213146 ], [ -46.86842583100016, -23.662026200712081 ], [ -46.868452954305397, -23.662079237396163 ], [ -46.868494255861144, -23.662129755442155 ], [ -46.868552461860716, -23.662197135176577 ], [ -46.868622200010378, -23.662241350822157 ], [ -46.868701179145461, -23.662273626458607 ], [ -46.86871946601206, -23.662291193818323 ], [ -46.868758593525087, -23.662340473889493 ], [ -46.868780229471973, -23.662359174667873 ], [ -46.868817348967589, -23.662391323077795 ], [ -46.868847785865327, -23.662401610638124 ], [ -46.86888382398601, -23.662405961516448 ], [ -46.868907043645493, -23.662405049369987 ], [ -46.8689362921425, -23.662386908632126 ], [ -46.868949434257154, -23.662373567174264 ], [ -46.868956602729028, -23.662381336281111 ], [ -46.869107210155185, -23.662549362474323 ], [ -46.869154222439803, -23.662601617306851 ], [ -46.869156750967242, -23.662627772064063 ], [ -46.869158467163501, -23.662651950153226 ], [ -46.869159664613917, -23.662681010376957 ], [ -46.869158430201345, -23.662704501711058 ], [ -46.869158369357777, -23.662727798298729 ], [ -46.869159327140437, -23.662753791417419 ], [ -46.869165590377946, -23.662780623468802 ], [ -46.869167110557044, -23.662804803922086 ], [ -46.869168220718805, -23.662827725205826 ], [ -46.869168559626907, -23.6628515587343 ], [ -46.869168916507874, -23.662876656161952 ], [ -46.86916891985571, -23.662904466674835 ], [ -46.869166356931629, -23.662931044032419 ], [ -46.86916217190474, -23.662953848611586 ], [ -46.869157218189073, -23.662977745992539 ], [ -46.869150536208068, -23.663004192456008 ], [ -46.869136978007319, -23.663029638348462 ], [ -46.869125364629454, -23.663053977249021 ], [ -46.869119206522903, -23.66307590269103 ], [ -46.869112888335415, -23.663100358296234 ], [ -46.869106990434418, -23.663126795298886 ], [ -46.86909617910915, -23.663152388637613 ], [ -46.869081439608891, -23.663177487601459 ], [ -46.869065080567623, -23.663198994341997 ], [ -46.869057560550786, -23.663221658564144 ], [ -46.869053607466121, -23.663246988575057 ], [ -46.869051828611404, -23.663273556472248 ], [ -46.869048657051948, -23.663298696466772 ], [ -46.869047043411442, -23.663323095314617 ], [ -46.869044315245517, -23.663351841720093 ], [ -46.86903984083672, -23.663381873308005 ], [ -46.869036261822053, -23.663405934689628 ], [ -46.869032576640564, -23.663436317932192 ], [ -46.869030743867043, -23.663459094131259 ], [ -46.869028947036405, -23.663484398128752 ], [ -46.869026946479359, -23.663509162819885 ], [ -46.869026682657292, -23.66355955005594 ], [ -46.869022391428075, -23.663588676493305 ], [ -46.869014378306751, -23.663618028418718 ], [ -46.869013731944214, -23.663641512656767 ], [ -46.869006103164864, -23.663670318181207 ], [ -46.869002124389489, -23.663693842620582 ], [ -46.868996990006316, -23.663718825704805 ], [ -46.868987787890887, -23.663747289032766 ], [ -46.868993600058396, -23.663769973004925 ], [ -46.869000061918186, -23.663796983250993 ], [ -46.869005154177501, -23.663824190607187 ], [ -46.86900833497517, -23.663854852194582 ], [ -46.869007941120643, -23.663882306321852 ], [ -46.869002460897789, -23.663910544162178 ], [ -46.868999745556366, -23.66394019335134 ], [ -46.868998990460533, -23.663969818892333 ], [ -46.868994268658305, -23.663996241702925 ], [ -46.86898916507468, -23.66402339147113 ], [ -46.868981859004258, -23.664047317225481 ], [ -46.868971457612687, -23.664074169728529 ], [ -46.868962866653163, -23.664104250974557 ], [ -46.868958967450624, -23.664133372680702 ], [ -46.868956685225996, -23.664165906052038 ], [ -46.868957011280465, -23.664188836794164 ], [ -46.868958443261214, -23.664220603006498 ], [ -46.868960063566178, -23.664251825182813 ], [ -46.868959876001142, -23.664279999172621 ], [ -46.868958056050943, -23.664303678155139 ], [ -46.868960406544019, -23.664331099174461 ], [ -46.868966700649388, -23.664360097910784 ], [ -46.868971790364974, -23.664387124708227 ], [ -46.868978094746097, -23.664416845671621 ], [ -46.868979006316771, -23.664439588761219 ], [ -46.868979458183148, -23.664471366796022 ], [ -46.868979853566884, -23.664499172576352 ], [ -46.86897960439132, -23.664523013196771 ], [ -46.868975498891778, -23.664551415039149 ], [ -46.868975499657644, -23.664579044991921 ], [ -46.868976821254307, -23.664603047250466 ], [ -46.868981658475626, -23.66462610415666 ], [ -46.868995373337398, -23.664653026897994 ], [ -46.869018110133652, -23.664666386990746 ], [ -46.86904194734619, -23.664674406458669 ], [ -46.869064440624847, -23.664684428604442 ], [ -46.869086987826329, -23.664698242443695 ], [ -46.869108152581795, -23.664711350606481 ], [ -46.869130379635315, -23.664730224764661 ], [ -46.869152028888635, -23.664749828242378 ], [ -46.869171083593884, -23.664766212437154 ], [ -46.869196447078885, -23.664785048742921 ], [ -46.869213004814362, -23.664805074818208 ], [ -46.869232668155348, -23.664822896364683 ], [ -46.869253110469572, -23.664840347333485 ], [ -46.869263622231308, -23.664862613407404 ], [ -46.869269042457418, -23.664885302090465 ], [ -46.869275868250192, -23.664910321457111 ], [ -46.869279534518178, -23.664933753654516 ], [ -46.86928540586478, -23.664960590416307 ], [ -46.869292419987964, -23.664985065745373 ], [ -46.869298673120838, -23.665011175547754 ], [ -46.869304980183308, -23.665041077045963 ], [ -46.869310438945377, -23.665066474080675 ], [ -46.869311012460848, -23.665093013589527 ], [ -46.869311371974931, -23.665118291564834 ], [ -46.869311894132331, -23.665141219934192 ], [ -46.86931224080756, -23.665165595124488 ], [ -46.869312615730934, -23.665191956441316 ], [ -46.869312975246999, -23.665217234416264 ], [ -46.869315295028528, -23.665242488737888 ], [ -46.869317060115527, -23.66527009739584 ], [ -46.869321734786411, -23.665295503890004 ], [ -46.869326982131263, -23.665319819946049 ], [ -46.869330635585086, -23.665342349355001 ], [ -46.869331155181627, -23.665365097166429 ], [ -46.869328141161816, -23.665387526440316 ], [ -46.869317904967723, -23.665412209915605 ], [ -46.869307859660871, -23.665436529911144 ], [ -46.86930568623945, -23.665462921976498 ], [ -46.869304139418063, -23.665492015300149 ], [ -46.869304300342712, -23.66551711508264 ], [ -46.869307584858845, -23.665541274234755 ], [ -46.869331633683679, -23.665550374622462 ], [ -46.869354609072758, -23.665566711476696 ], [ -46.869362812251858, -23.66559207539018 ], [ -46.869370274983993, -23.665620518232821 ], [ -46.869373544107518, -23.665643594040635 ], [ -46.869373503884418, -23.665668335073278 ], [ -46.869368070346582, -23.665692960598463 ], [ -46.869358447903238, -23.665719442549694 ], [ -46.869344311693617, -23.665745617791103 ], [ -46.869332066413655, -23.665766894339917 ], [ -46.869320852627538, -23.665791770200013 ], [ -46.869311604247102, -23.665816983519644 ], [ -46.869301907311879, -23.665838229316719 ], [ -46.869295630152806, -23.665865573838548 ], [ -46.869292868645822, -23.66589197299902 ], [ -46.869290050641517, -23.665914399906555 ], [ -46.869286866261717, -23.66593863711423 ], [ -46.869279229743277, -23.665966900977796 ], [ -46.86924644260678, -23.666032669430887 ], [ -46.869239121091731, -23.666055511853884 ], [ -46.869230226216466, -23.666078012085116 ], [ -46.869218976437011, -23.666100360142458 ], [ -46.869206746514863, -23.666122720025516 ], [ -46.86919254090266, -23.666144020218656 ], [ -46.869174381345566, -23.666163020475064 ], [ -46.869154235825413, -23.66618023881216 ], [ -46.869136447770913, -23.666197789878609 ], [ -46.869119678368989, -23.666218037471804 ], [ -46.869104090265637, -23.666238631986491 ], [ -46.869087802782481, -23.666265194340159 ], [ -46.869076016235702, -23.666291160623807 ], [ -46.869064379492912, -23.666313874516312 ], [ -46.869061581987715, -23.666337745877257 ], [ -46.869060953630779, -23.666362494006769 ], [ -46.869059755163633, -23.666388513130279 ], [ -46.869055366320957, -23.666410778399282 ], [ -46.869045720661511, -23.666435635323406 ], [ -46.869035285749838, -23.666460140593472 ], [ -46.869023506880957, -23.666486648545156 ], [ -46.869013451179931, -23.666510246299179 ], [ -46.869015770945545, -23.666535500623485 ], [ -46.869018948484552, -23.666538351693752 ], [ -46.869009788187121, -23.666555979242489 ], [ -46.868997957951649, -23.666578876053503 ], [ -46.868990063689644, -23.666602808904781 ], [ -46.868984511497459, -23.666625991147487 ], [ -46.868987997162222, -23.666650509053959 ], [ -46.868988738427262, -23.666675060070915 ], [ -46.8689808184821, -23.66669718735227 ], [ -46.868877456084554, -23.666873785257764 ], [ -46.868714417680096, -23.667114218488155 ], [ -46.868548417817429, -23.667332565267333 ], [ -46.868442040538461, -23.667621254120743 ], [ -46.868391625970865, -23.667791795467597 ], [ -46.868432715349222, -23.667861729170749 ], [ -46.868449469781204, -23.667895567912822 ], [ -46.868463787959115, -23.667930429272111 ], [ -46.868475568015405, -23.667966043596198 ], [ -46.868484808664704, -23.668002320607243 ], [ -46.868502024203515, -23.668103061613987 ], [ -46.868509014170279, -23.668180991291653 ], [ -46.868510614577559, -23.668259076272577 ], [ -46.868506724832947, -23.668337137182871 ], [ -46.868498674325963, -23.668419040627825 ], [ -46.868495760254021, -23.668448511612453 ], [ -46.868490684701229, -23.668477647493557 ], [ -46.868483447666172, -23.668506448270982 ], [ -46.868474044012984, -23.668534552830561 ], [ -46.868462575606934, -23.668562230825202 ], [ -46.868348898647923, -23.668799540120911 ], [ -46.868265640833897, -23.669059597720441 ], [ -46.868209590406686, -23.669350930033549 ], [ -46.868156671922456, -23.669593646400585 ], [ -46.868121788301671, -23.669780975630651 ], [ -46.868086128828296, -23.670182672089069 ], [ -46.868069352501266, -23.670685179738477 ], [ -46.868123951428352, -23.670712331782433 ], [ -46.868469906356914, -23.670884141810387 ], [ -46.868647210398557, -23.670970942405035 ], [ -46.869241349809975, -23.671270863019441 ], [ -46.869457627962774, -23.671388975729077 ], [ -46.86944041167785, -23.671432976067155 ], [ -46.869314334494689, -23.671790978062109 ], [ -46.869175927687415, -23.672116171494356 ], [ -46.869040054082774, -23.672385171444766 ], [ -46.869031094612964, -23.672403157755728 ], [ -46.868983983673544, -23.67244760909113 ], [ -46.868854589682236, -23.672558787248473 ], [ -46.868606043508123, -23.672687926670786 ], [ -46.86831552681614, -23.672795630580598 ], [ -46.868185177663399, -23.672846593687396 ], [ -46.867959952140652, -23.672940507076326 ], [ -46.868022581178352, -23.673015237454059 ], [ -46.868085812523482, -23.673090953770732 ], [ -46.868205249993999, -23.67338260723205 ], [ -46.868247495346367, -23.67353370115077 ], [ -46.868326703956036, -23.673712611155342 ], [ -46.8684514120161, -23.673850881701938 ], [ -46.868725605695275, -23.674049741607991 ], [ -46.868914668615602, -23.674163397629517 ], [ -46.86908373307908, -23.67423575956288 ], [ -46.86920378240913, -23.674266997105601 ], [ -46.869636455779741, -23.674255815112748 ], [ -46.869853011021569, -23.674262139814843 ], [ -46.870044379422545, -23.674310393801818 ], [ -46.870132462791254, -23.674368743560809 ], [ -46.870352543819394, -23.674567621742877 ], [ -46.870500025360833, -23.6747008298696 ], [ -46.870673203314958, -23.674765916793177 ], [ -46.870876320320498, -23.674799219598583 ], [ -46.871311345838407, -23.674856718009234 ], [ -46.871463164015125, -23.674881339601718 ], [ -46.871591872510827, -23.674942267543777 ], [ -46.871768645576481, -23.675011914731623 ], [ -46.87191768597696, -23.675068623728329 ], [ -46.872350109841236, -23.675204886755115 ], [ -46.872496973574307, -23.675301441031163 ], [ -46.872531301758038, -23.675330010267526 ], [ -46.872604568538257, -23.675442352744732 ], [ -46.872741205824909, -23.675681152773301 ], [ -46.872846693276593, -23.675887372142167 ], [ -46.872951613248226, -23.676060641067501 ], [ -46.872999093921209, -23.676159028756899 ], [ -46.873015186250747, -23.676201272182521 ], [ -46.873027330581579, -23.676337920302075 ], [ -46.873025191504325, -23.676545441159274 ], [ -46.87300336583381, -23.67697432944534 ], [ -46.873003235614071, -23.677157717569255 ], [ -46.872995865558956, -23.677355911130284 ], [ -46.873008546859573, -23.677530205214065 ], [ -46.873051738174361, -23.677685258879738 ], [ -46.873089015155266, -23.677776185234489 ], [ -46.87315608017618, -23.67788661587711 ], [ -46.873250604150826, -23.678011341902298 ], [ -46.873432307413459, -23.678206345211159 ], [ -46.873568522003005, -23.678353320641712 ], [ -46.873696111634636, -23.678466088695316 ], [ -46.873703976495051, -23.678474481138117 ], [ -46.874284540072665, -23.678465649447357 ], [ -46.874332221206465, -23.678419925496605 ], [ -46.874449536045041, -23.678362252538605 ], [ -46.874619106400267, -23.678270267383784 ], [ -46.874694264701567, -23.678219515428417 ], [ -46.874732770745055, -23.678224737763752 ], [ -46.874774310432443, -23.678222699870247 ], [ -46.874847236955063, -23.678201049417826 ], [ -46.874911368567382, -23.678174539266696 ], [ -46.875017223292581, -23.678117636709086 ], [ -46.875046489745515, -23.677983828343002 ], [ -46.875069027082304, -23.677879988646609 ], [ -46.875077996077181, -23.677773423843213 ], [ -46.875140923767688, -23.677545844248726 ], [ -46.875179353357574, -23.677449577356011 ], [ -46.875230502108245, -23.6773927050507 ], [ -46.875364583057703, -23.677280291076272 ], [ -46.875521390238667, -23.677214644740516 ], [ -46.875723841685115, -23.677173547026978 ], [ -46.875789500854985, -23.677164805884605 ], [ -46.875914754822659, -23.677127712970258 ], [ -46.876034525878389, -23.67710486247757 ], [ -46.876145262181957, -23.677067222905347 ], [ -46.87627481601465, -23.677022312365452 ], [ -46.876402867315363, -23.676913401762228 ], [ -46.876519188084941, -23.67679316591898 ], [ -46.876566903948586, -23.676736244514039 ], [ -46.876936601568126, -23.676509461384896 ], [ -46.877005061564169, -23.676470347155661 ], [ -46.87703711184389, -23.676442328852783 ], [ -46.877071074821558, -23.676417808810285 ], [ -46.877144589141736, -23.676341342010918 ], [ -46.87715753432915, -23.67632791194178 ], [ -46.877311077558637, -23.676253544974308 ], [ -46.877512145116889, -23.676150068936874 ], [ -46.877699578667347, -23.676080437462634 ], [ -46.877987934507907, -23.675986286224553 ], [ -46.878202907027202, -23.675874875469258 ], [ -46.878345348304272, -23.67580578890335 ], [ -46.87851208801208, -23.67572196051221 ], [ -46.878684828394313, -23.675619007221481 ], [ -46.878813548098961, -23.67550223113119 ], [ -46.878903551928687, -23.67537238062949 ], [ -46.878972126275997, -23.675224821667474 ], [ -46.879034150620754, -23.675119689817127 ], [ -46.879103344772943, -23.675029188796941 ], [ -46.879251467883819, -23.674857097903374 ], [ -46.879400952556836, -23.674684268013468 ], [ -46.879480521618156, -23.674503528010337 ], [ -46.87955727071266, -23.6743655310317 ], [ -46.879656190404354, -23.674242253669515 ], [ -46.879758184829868, -23.674128329458505 ], [ -46.879840351189607, -23.674088054483089 ], [ -46.879885100500147, -23.674015818271105 ], [ -46.879912234580353, -23.673938920016724 ], [ -46.879947023321648, -23.673869423204813 ], [ -46.879990551223948, -23.673800903827125 ], [ -46.880050707099556, -23.673716020054666 ], [ -46.880088236998333, -23.673618860127643 ], [ -46.880080310359183, -23.673565051125859 ], [ -46.880076907602536, -23.673491683809097 ], [ -46.880086196107285, -23.67343513761114 ], [ -46.880115173909267, -23.673343228224404 ], [ -46.88013242528244, -23.673240264789769 ], [ -46.880168105409012, -23.673137167931365 ], [ -46.880284666898184, -23.673061621915551 ], [ -46.880485543451954, -23.672986406529471 ], [ -46.880629332842297, -23.672902222677084 ], [ -46.880941624351081, -23.672727595108199 ], [ -46.881199786415237, -23.672531502509766 ], [ -46.881537218755362, -23.672346365292725 ], [ -46.881627375965188, -23.672275473179198 ], [ -46.881717908829813, -23.672217127245325 ], [ -46.881979552578919, -23.672099997920807 ], [ -46.882214716660407, -23.672009555654967 ], [ -46.882417062193461, -23.671941272634058 ], [ -46.882590515346806, -23.671868103520179 ], [ -46.882827622968719, -23.671797049827422 ], [ -46.883140097831109, -23.671751896618375 ], [ -46.883352674426014, -23.671754548940875 ], [ -46.883550924398648, -23.671797284880526 ], [ -46.883698548691576, -23.67184406741838 ], [ -46.88389910188976, -23.671903840338036 ], [ -46.884000215139487, -23.671913445654219 ], [ -46.884051066382902, -23.671904610402187 ], [ -46.884101385737267, -23.67188602991838 ], [ -46.884188409228905, -23.671829169989635 ], [ -46.884259061711369, -23.671758694289682 ], [ -46.884329503462766, -23.671680365600572 ], [ -46.884388199523528, -23.671596491301198 ], [ -46.884444200234682, -23.671516080923997 ], [ -46.884517092563755, -23.671444584641105 ], [ -46.884555806428068, -23.67141657412661 ], [ -46.884656686341408, -23.671389432468523 ], [ -46.884711150105673, -23.671386422123863 ], [ -46.884757164181721, -23.671368435588253 ], [ -46.884792604158463, -23.671330893759503 ], [ -46.884817945382288, -23.671286431931687 ], [ -46.884823264445572, -23.671226683290037 ], [ -46.88481830290916, -23.671181506689784 ], [ -46.884827973962494, -23.671131276185779 ], [ -46.884850429515318, -23.671077007492578 ], [ -46.884881487130947, -23.671041505430441 ], [ -46.884931162646495, -23.671025912213871 ], [ -46.885078343637055, -23.670980328746808 ], [ -46.8851306275713, -23.670955222920334 ], [ -46.885215188338584, -23.670904442090364 ], [ -46.885250381132096, -23.670815526257549 ], [ -46.885295679937265, -23.670727209757818 ], [ -46.88536267095413, -23.670654430544896 ], [ -46.885456691505027, -23.670545566119007 ], [ -46.885505325229886, -23.670457389558852 ], [ -46.885548871120797, -23.670369906974745 ], [ -46.88556095901447, -23.670324161684409 ], [ -46.885575225277634, -23.670279924862193 ], [ -46.885603133900361, -23.670236786070806 ], [ -46.885633220439502, -23.670188293454284 ], [ -46.88566717621913, -23.670143004289574 ], [ -46.885686103185478, -23.670116137336102 ], [ -46.885720715242996, -23.67006876342467 ], [ -46.88573777988622, -23.67004191913804 ], [ -46.885780331837708, -23.669905690193591 ], [ -46.88580694453956, -23.669867894455717 ], [ -46.885873285349106, -23.669763520297309 ], [ -46.885966802293311, -23.669660621096785 ], [ -46.88608905180017, -23.669537868628389 ], [ -46.886163246267571, -23.669488929134808 ], [ -46.886237880456243, -23.669402331933057 ], [ -46.886279485974278, -23.669316317497525 ], [ -46.886391128084782, -23.66913075953585 ], [ -46.886463890947624, -23.668975291217567 ], [ -46.886533357584916, -23.668842887815057 ], [ -46.886603487193305, -23.668749844203312 ], [ -46.886694939865933, -23.668653470878137 ], [ -46.88677231556683, -23.668573521767261 ], [ -46.886788680445491, -23.668559417263257 ], [ -46.886873909171001, -23.668466550800829 ], [ -46.88695870164495, -23.66837061963798 ], [ -46.887054361152352, -23.668280515409666 ], [ -46.887066331655305, -23.668260775933067 ], [ -46.887081963692729, -23.668243429769369 ], [ -46.887099777972146, -23.668227862885647 ], [ -46.887116501124311, -23.668211406359582 ], [ -46.887133123665045, -23.668194770470972 ], [ -46.887150641295655, -23.668179026609277 ], [ -46.88716825823289, -23.668163371829273 ], [ -46.887186469734559, -23.668148161270462 ], [ -46.887205181675569, -23.668133666959349 ], [ -46.887225588379131, -23.668121138451468 ], [ -46.887246696737051, -23.668109684912348 ], [ -46.887269720520337, -23.668101910059793 ], [ -46.887293259006164, -23.668095844505935 ], [ -46.887317310898808, -23.668091397972969 ], [ -46.887341366679173, -23.668087222268891 ], [ -46.887365417271518, -23.668082685451139 ], [ -46.887389470455076, -23.668078329184755 ], [ -46.887413528823124, -23.66807433402478 ], [ -46.887437164013541, -23.668068176978007 ], [ -46.887460494785536, -23.668061301290535 ], [ -46.887483518545501, -23.668053526407483 ], [ -46.887506645503457, -23.668046111436912 ], [ -46.887513194309193, -23.668044767533548 ], [ -46.887565750954195, -23.668031937525662 ], [ -46.887646015805281, -23.668016693108775 ], [ -46.887743637150571, -23.667988144609627 ], [ -46.887766383694135, -23.66798154687708 ], [ -46.887813290675332, -23.667957589269299 ], [ -46.887821504417623, -23.667956134769501 ], [ -46.887875588816904, -23.667954121235926 ], [ -46.887918330296664, -23.667851749494098 ], [ -46.887944296090161, -23.6678167604089 ], [ -46.888444059125163, -23.667666650866295 ], [ -46.888916862608518, -23.667509735341394 ], [ -46.889856072978006, -23.667289883117874 ], [ -46.890525082017525, -23.667170478634457 ], [ -46.891005701341172, -23.667114228751053 ], [ -46.891069469304973, -23.667063066710522 ], [ -46.892036339155482, -23.667205661824443 ], [ -46.892091163457977, -23.667227836363011 ], [ -46.892185730266029, -23.667266410254513 ], [ -46.892262141203489, -23.66737166162034 ], [ -46.892285005347823, -23.667768130377798 ], [ -46.892337545076536, -23.668087758303358 ], [ -46.892386890749627, -23.668464671049097 ], [ -46.892441085329239, -23.668579222989035 ], [ -46.892477430967205, -23.668693270626115 ], [ -46.892490012001282, -23.668852123102489 ], [ -46.892635830689144, -23.669147947594634 ], [ -46.89290125160516, -23.669539194862047 ], [ -46.893038795047538, -23.669675572101344 ], [ -46.893113735245691, -23.669801066535488 ], [ -46.89320768240281, -23.669912152598123 ], [ -46.893335493253765, -23.670005759276851 ], [ -46.893963642387952, -23.670274737804352 ], [ -46.894243800863791, -23.670382191751955 ], [ -46.894558907520278, -23.670479375762692 ], [ -46.894788386132085, -23.670471422026928 ], [ -46.895009220305724, -23.670380684725881 ], [ -46.895302531685189, -23.669972673603549 ], [ -46.895405586291496, -23.669845092671217 ], [ -46.89546045035992, -23.669659230355293 ], [ -46.895714160921678, -23.669224524964502 ], [ -46.895768199333645, -23.669178536523166 ], [ -46.895866248577896, -23.669111783773655 ], [ -46.896075973112268, -23.66903942025041 ], [ -46.896173295689941, -23.669024233508722 ], [ -46.896295950591821, -23.669005034575203 ], [ -46.896656595539831, -23.668759536863629 ], [ -46.897037635382141, -23.66870457762824 ], [ -46.897424398857453, -23.668720156443051 ], [ -46.897870484111763, -23.668668732465598 ], [ -46.898095597476193, -23.66867780254827 ], [ -46.898204105517806, -23.668724418432433 ], [ -46.898255152925671, -23.668756478906719 ], [ -46.898288909009032, -23.668799496124102 ], [ -46.898423652238172, -23.668850304977372 ], [ -46.898572753306063, -23.668972088533494 ], [ -46.898696856481124, -23.669066729307612 ], [ -46.899038171766385, -23.669369811881651 ], [ -46.899489217075882, -23.669600397252825 ], [ -46.899899734847331, -23.669787415417293 ], [ -46.900274307216286, -23.669963045056669 ], [ -46.900512345383362, -23.67024879071872 ], [ -46.900795256428857, -23.670498771092674 ], [ -46.901084484329239, -23.670629667452538 ], [ -46.901309061523015, -23.670587904412187 ], [ -46.901494928497023, -23.670391222400177 ], [ -46.901648704700598, -23.670212541268462 ], [ -46.901783238305704, -23.669998069445864 ], [ -46.901872701707298, -23.669771780812933 ], [ -46.901955803037758, -23.669539430349118 ], [ -46.902032474305408, -23.66933695542199 ], [ -46.902095905922792, -23.668890310794005 ], [ -46.902166062086607, -23.668610264030729 ], [ -46.902262111836649, -23.668473374480772 ], [ -46.902409397669345, -23.668252876582315 ], [ -46.902531176087805, -23.668092014197999 ], [ -46.902627400342944, -23.668014625242485 ], [ -46.902755678775392, -23.667937113378393 ], [ -46.902877323256732, -23.667794130364612 ], [ -46.902934773645796, -23.667543945730468 ], [ -46.903017610271334, -23.667246135808121 ], [ -46.903011159448006, -23.66718653154043 ], [ -46.903036343459782, -23.666894757122527 ], [ -46.903036150895943, -23.666793451006981 ], [ -46.903010214973008, -23.666674492878517 ], [ -46.902984181999386, -23.666454046861119 ], [ -46.902964811720587, -23.666334917767333 ], [ -46.902880924585567, -23.666174233866364 ], [ -46.902810109803291, -23.665995601660903 ], [ -46.902713426642947, -23.665810966640443 ], [ -46.902694322011534, -23.665676303863965 ], [ -46.902674464695885, -23.665537045393148 ], [ -46.902699854747326, -23.665388111618405 ], [ -46.90272545004526, -23.66533461479936 ], [ -46.902937187249691, -23.665286867660392 ], [ -46.903158738793714, -23.665307622180354 ], [ -46.903325696418044, -23.665274781180401 ], [ -46.903502134651994, -23.66520615787276 ], [ -46.903633657287031, -23.665122736533387 ], [ -46.903700779022365, -23.664938075669451 ], [ -46.903735842092452, -23.664780264517876 ], [ -46.90368084827098, -23.664556923954915 ], [ -46.903613021960879, -23.66435450837438 ], [ -46.90355813830837, -23.664125207060007 ], [ -46.903529024775487, -23.6640508023611 ], [ -46.903528953949916, -23.664012067630622 ], [ -46.903586305268213, -23.663761974306304 ], [ -46.903679414649027, -23.663720198480611 ], [ -46.903746833985494, -23.663732101315084 ], [ -46.90408079187705, -23.663791473028343 ], [ -46.904295867368219, -23.663839032291992 ], [ -46.904551864475714, -23.663903153513953 ], [ -46.904758443361054, -23.663946121345916 ], [ -46.904886884489606, -23.663981652445351 ], [ -46.905105357223903, -23.664047137030799 ], [ -46.90528541199734, -23.664207901122197 ], [ -46.905688804551254, -23.664424788702654 ], [ -46.905755453859435, -23.664457918887109 ], [ -46.905960275292756, -23.664514811737991 ], [ -46.906139514757044, -23.664619242139707 ], [ -46.906313936929919, -23.664884904007529 ], [ -46.906498733901607, -23.665169670292574 ], [ -46.906652338130897, -23.665250307365234 ], [ -46.906708585191041, -23.665221804955408 ], [ -46.906718635030067, -23.665069899318127 ], [ -46.90673364110539, -23.664860958014305 ], [ -46.906789479186187, -23.66467589315948 ], [ -46.906901840421604, -23.664528687524793 ], [ -46.907044649022041, -23.664196368266822 ], [ -46.907151996675623, -23.664163083219304 ], [ -46.907500064655039, -23.664215140591782 ], [ -46.907904156035464, -23.664115267100218 ], [ -46.908057566281819, -23.664067779978389 ], [ -46.908180412801656, -23.664048750165858 ], [ -46.908277673390799, -23.664029674245754 ], [ -46.908374764405202, -23.663958411230464 ], [ -46.908578886013601, -23.66364980478712 ], [ -46.908767889069104, -23.663440977113751 ], [ -46.908885505663832, -23.663379122230591 ], [ -46.909123964315, -23.663295281787246 ], [ -46.909350092777892, -23.663361388333065 ], [ -46.909473988066367, -23.663374127595205 ], [ -46.909591758250805, -23.663383601428894 ], [ -46.909673490242206, -23.663355054763411 ], [ -46.909765591386837, -23.663298028373553 ], [ -46.909801168967888, -23.66320314379163 ], [ -46.909932398933442, -23.663140488285972 ], [ -46.910110656018311, -23.663096304611276 ], [ -46.910666099491223, -23.663259747240129 ], [ -46.910907787153469, -23.663283492977612 ], [ -46.911490500398664, -23.66329978059257 ], [ -46.911947953146431, -23.663067953180121 ], [ -46.912108189645927, -23.662836271567308 ], [ -46.912452346497773, -23.662444488373325 ], [ -46.912588760063514, -23.66221273922654 ], [ -46.912630268671009, -23.662107939008155 ], [ -46.912796429750514, -23.661953473993375 ], [ -46.912927105647917, -23.6618596720194 ], [ -46.913081726658419, -23.661848553045829 ], [ -46.913153098490476, -23.661876113871536 ], [ -46.913276282863627, -23.661920912742186 ], [ -46.913581640366054, -23.66209646235313 ], [ -46.913668149842849, -23.662120133971257 ], [ -46.913777309506884, -23.662312553181376 ], [ -46.913886616861006, -23.662346778147384 ], [ -46.914000089158485, -23.662337159757325 ], [ -46.914194519732874, -23.662394079780416 ], [ -46.914349196018961, -23.66242711181636 ], [ -46.914552104337098, -23.662386320540651 ], [ -46.914709235159428, -23.662264831597241 ], [ -46.914958852998211, -23.662072674260703 ], [ -46.915041926895221, -23.661981625942619 ], [ -46.915165156017032, -23.661800691765663 ], [ -46.915385260348998, -23.661446643227887 ], [ -46.915441353534987, -23.661091642480187 ], [ -46.915387946564557, -23.66081022932168 ], [ -46.915426313811352, -23.660624565334142 ], [ -46.915455063723137, -23.660471796369286 ], [ -46.915470949586044, -23.660371285139572 ], [ -46.915479317304097, -23.660198813527899 ], [ -46.915538758923546, -23.660100562889284 ], [ -46.915669163899956, -23.659988432773734 ], [ -46.915412081430354, -23.659863034687735 ], [ -46.915296105316386, -23.659317115813913 ], [ -46.914818992694286, -23.658944868023866 ], [ -46.913535919300664, -23.658867898025509 ], [ -46.912951918472388, -23.658579852585099 ], [ -46.912422977236773, -23.658606336426445 ], [ -46.91225452426967, -23.658825388335686 ], [ -46.912125408127878, -23.658783641319097 ], [ -46.911902104316155, -23.658722559985527 ], [ -46.911581807631485, -23.658705383301864 ], [ -46.91142029206668, -23.658660062508226 ], [ -46.911206263795506, -23.65861665335434 ], [ -46.91105841539067, -23.658587687133124 ], [ -46.910703764999269, -23.658351521341068 ], [ -46.910019819330493, -23.658362481753866 ], [ -46.90938710381306, -23.658418225064203 ], [ -46.909054602483643, -23.658451576774389 ], [ -46.908556941937768, -23.658472154167608 ], [ -46.908427873727234, -23.658676721762212 ], [ -46.908403386398774, -23.658705014080084 ], [ -46.908239037338831, -23.658626497106237 ], [ -46.908228776567782, -23.658621928250678 ], [ -46.908218131634712, -23.65861790588135 ], [ -46.908207299862042, -23.658614517860837 ], [ -46.908196279939311, -23.658611673912564 ], [ -46.90818507448693, -23.658609554589574 ], [ -46.908173778890315, -23.658607978131847 ], [ -46.908043943614253, -23.658590886384278 ], [ -46.907913230489051, -23.658580848163634 ], [ -46.907672672187026, -23.658573516620052 ], [ -46.907529915041458, -23.658571120645863 ], [ -46.907320213382761, -23.658575869078071 ], [ -46.907266434211422, -23.65857833690286 ], [ -46.907212691705375, -23.658583332453379 ], [ -46.907157515769363, -23.658590873824 ], [ -46.907116749349356, -23.658598418410129 ], [ -46.907076406376646, -23.658608124799027 ], [ -46.907036878874138, -23.658619988166325 ], [ -46.906747100814293, -23.658719986935424 ], [ -46.906683901734127, -23.658742073705529 ], [ -46.90667744903012, -23.658743236619728 ], [ -46.906670989779798, -23.65874394815064 ], [ -46.906664427286167, -23.658744299780807 ], [ -46.906657860864804, -23.658744380580877 ], [ -46.906651385903594, -23.658744008791668 ], [ -46.906591638722972, -23.658747272163957 ], [ -46.906586347692198, -23.658747427560545 ], [ -46.906581051424702, -23.658747221850533 ], [ -46.906575849235999, -23.658746744104558 ], [ -46.9065706431198, -23.658745995528594 ], [ -46.90656552977331, -23.658744884640061 ], [ -46.90656041249941, -23.658743502921524 ], [ -46.906555487310712, -23.65874184796116 ], [ -46.906550654891831, -23.658739830688276 ], [ -46.90654591786106, -23.658737631656095 ], [ -46.906541469612719, -23.658735067899627 ], [ -46.906518913408654, -23.658720808306935 ], [ -46.906497513647871, -23.658705180090976 ], [ -46.906477078245487, -23.658688456493763 ], [ -46.906457801905127, -23.658670544827359 ], [ -46.90643988194843, -23.658651532957172 ], [ -46.906423126290065, -23.658631694125138 ], [ -46.906387116228714, -23.658581934411565 ], [ -46.906354997643241, -23.658530140371109 ], [ -46.906305803102455, -23.658449933605986 ], [ -46.906251163480924, -23.658372773468443 ], [ -46.906185563121738, -23.658303603613042 ], [ -46.906115218129408, -23.658238464971678 ], [ -46.906040426447582, -23.658177624751193 ], [ -46.905925976340377, -23.658112847951177 ], [ -46.905807884562726, -23.658053804293626 ], [ -46.905795949959717, -23.658048714100023 ], [ -46.905783631185805, -23.658044170386944 ], [ -46.905770933475168, -23.658040534260962 ], [ -46.905758148227875, -23.65803762155257 ], [ -46.90574507943208, -23.658035434672477 ], [ -46.905699625536904, -23.658030666423272 ], [ -46.905653914264413, -23.658028429523171 ], [ -46.905608141623574, -23.658028721561561 ], [ -46.905562503623386, -23.658031540128064 ], [ -46.905517099575469, -23.658036974294458 ], [ -46.905190914336707, -23.658066538028258 ], [ -46.905074828495891, -23.658078258669384 ], [ -46.904977287979143, -23.658091286208492 ], [ -46.904880595576223, -23.658108727607615 ], [ -46.904431357992529, -23.658183413851763 ], [ -46.90420703947165, -23.658214432307556 ], [ -46.904084764543562, -23.65821846309235 ], [ -46.904048498384455, -23.658218637855175 ], [ -46.904012302775726, -23.658216915593421 ], [ -46.903976275724965, -23.658213295102769 ], [ -46.903940513932483, -23.658207684902276 ], [ -46.903905214719281, -23.658200172860351 ], [ -46.90382708156622, -23.658179282000905 ], [ -46.903712637810976, -23.6581487244115 ], [ -46.903693463894733, -23.658144625920603 ], [ -46.903674109653188, -23.65814161315663 ], [ -46.903654575085874, -23.658139686119533 ], [ -46.903634958198303, -23.658138843605272 ], [ -46.903615356995999, -23.658139084409804 ], [ -46.9035957714785, -23.6581404085332 ], [ -46.90357629965132, -23.658142814771466 ], [ -46.903196962788442, -23.658211492043669 ], [ -46.903037522540458, -23.658241621649626 ], [ -46.9030051373948, -23.658245811682271 ], [ -46.902972425561508, -23.658247748398928 ], [ -46.902921246761402, -23.658247022525455 ], [ -46.902870203857994, -23.658248913459094 ], [ -46.902819298154824, -23.658253511476978 ], [ -46.902745835336447, -23.658264074921771 ], [ -46.902617775204789, -23.658281538935995 ], [ -46.90252738604589, -23.658287524589873 ], [ -46.902260994762003, -23.658290072812946 ], [ -46.902188951058875, -23.658290325186339 ], [ -46.902077901036996, -23.658270740444223 ], [ -46.902073966422513, -23.658269795520773 ], [ -46.902070125896117, -23.658268578563632 ], [ -46.902066379457864, -23.658267089572792 ], [ -46.902062728413789, -23.658265418825088 ], [ -46.902059269464061, -23.658263474840648 ], [ -46.902056003914765, -23.658261347896335 ], [ -46.90192486587727, -23.658174470538931 ], [ -46.901876793434639, -23.658151313551965 ], [ -46.901857739828387, -23.658141976365965 ], [ -46.901844345767195, -23.658130854149018 ], [ -46.901826838392608, -23.658086103164994 ], [ -46.901717293416958, -23.658367084745535 ], [ -46.901341714860266, -23.65887877873228 ], [ -46.900567031043593, -23.659421281913705 ], [ -46.90014111317533, -23.659712824535827 ], [ -46.899573356957198, -23.659896218511502 ], [ -46.899195945172096, -23.660003688708848 ], [ -46.898660462432503, -23.660216029091274 ], [ -46.898191950813754, -23.66036876651059 ], [ -46.897781844136603, -23.660425257196849 ], [ -46.897593816819274, -23.660383497111567 ], [ -46.897196343277088, -23.660208229893595 ], [ -46.89680463053832, -23.65987505880808 ], [ -46.896473285149135, -23.659581418468239 ], [ -46.896067869338815, -23.659127059103312 ], [ -46.895813294467821, -23.6589023645708 ], [ -46.895498838264473, -23.658678402103703 ], [ -46.895083952586262, -23.658430294865919 ], [ -46.894784554891274, -23.658251202925538 ], [ -46.894637823856336, -23.658163516589198 ], [ -46.894073657950976, -23.657766171161285 ], [ -46.893788198819159, -23.657615439401773 ], [ -46.89361636213053, -23.657588103819311 ], [ -46.893490028306722, -23.657677864065739 ], [ -46.893454064715762, -23.657685436683494 ], [ -46.893376667198439, -23.65763383176521 ], [ -46.892672148115082, -23.656896706737321 ], [ -46.892946699472887, -23.655881436881685 ], [ -46.892323944439106, -23.65479703604894 ], [ -46.891299657680534, -23.654942722748348 ], [ -46.890664155114663, -23.65433395446734 ], [ -46.89054184612155, -23.654389983764624 ], [ -46.890516191642376, -23.654466865478529 ], [ -46.890503150333601, -23.654602916043892 ], [ -46.890454190047265, -23.654776876514976 ], [ -46.890366102144966, -23.654861020930543 ], [ -46.890277247112238, -23.654905445587733 ], [ -46.890194985677617, -23.654924417343544 ], [ -46.890170805727017, -23.654953877019924 ], [ -46.89010931790348, -23.654979186768443 ], [ -46.889992826124292, -23.65501717634314 ], [ -46.889914997433721, -23.655044491175975 ], [ -46.889823396368698, -23.65504109359593 ], [ -46.889682232165519, -23.655053830797044 ], [ -46.889562089358058, -23.655090149003428 ], [ -46.889469225536459, -23.655189881638758 ], [ -46.889433107458906, -23.655302646958905 ], [ -46.889435571233683, -23.655433181128618 ], [ -46.889440802249126, -23.655592575433094 ], [ -46.889475312653907, -23.655695359972029 ], [ -46.889463689759353, -23.655964305024998 ], [ -46.889385496432112, -23.656109547199907 ], [ -46.889367931791483, -23.656203756743945 ], [ -46.889374815364377, -23.656355365661589 ], [ -46.889375017789668, -23.656430848441481 ], [ -46.889356976510868, -23.656546463320659 ], [ -46.889287294111462, -23.656649615278699 ], [ -46.889162958488839, -23.656544314080211 ], [ -46.889008124213277, -23.656410761556856 ], [ -46.888855763547291, -23.656244673093003 ], [ -46.888747776691488, -23.656096914938292 ], [ -46.888486711374206, -23.655739826016479 ], [ -46.888381977974717, -23.655613788616957 ], [ -46.88824788219852, -23.655490817715343 ], [ -46.888051032558145, -23.655298182393782 ], [ -46.887893414990778, -23.655175407429315 ], [ -46.887580247915018, -23.654875836302455 ], [ -46.887355623127021, -23.654694283209768 ], [ -46.887243074107445, -23.654638227241971 ], [ -46.887101852901516, -23.654530872475142 ], [ -46.887023254914112, -23.654436299065466 ], [ -46.886967177714148, -23.654346869002641 ], [ -46.886945840814953, -23.654321756337943 ], [ -46.886916736541082, -23.654288160364409 ], [ -46.886840720652991, -23.654216399654281 ], [ -46.88677118692155, -23.654138690907377 ], [ -46.886690821898817, -23.654071226856882 ], [ -46.886610529065621, -23.653981459391058 ], [ -46.88644919725914, -23.653804551908308 ], [ -46.886327688044652, -23.653677272417099 ], [ -46.886170890738171, -23.6534747563454 ], [ -46.886021284318616, -23.653295177420201 ], [ -46.885034364539301, -23.652881450630645 ], [ -46.884028404309355, -23.65169241700125 ], [ -46.883687671302184, -23.651177912109599 ], [ -46.88367454941605, -23.6512130152176 ], [ -46.883659258549457, -23.651247241749399 ], [ -46.883641602696855, -23.651280594086565 ], [ -46.883572238225597, -23.651392407944211 ], [ -46.883434981055238, -23.651602473651991 ], [ -46.883411941439718, -23.651636342859874 ], [ -46.88338662707374, -23.651668795009591 ], [ -46.883359036663506, -23.651699739822167 ], [ -46.883329069620181, -23.651728997931524 ], [ -46.883296918069732, -23.651756296120848 ], [ -46.883262774138657, -23.651781361173349 ], [ -46.883245290121081, -23.651792499152716 ], [ -46.883227107156131, -23.65180274268689 ], [ -46.883208319368329, -23.651811819751071 ], [ -46.883188930636081, -23.651820001178766 ], [ -46.883169131793885, -23.651826923476492 ], [ -46.883148828717722, -23.651832858668552 ], [ -46.883114440427562, -23.651840861164011 ], [ -46.883079632977697, -23.651846972578632 ], [ -46.883044505664614, -23.651851281999289 ], [ -46.882966560302748, -23.651856743683634 ], [ -46.882888364641914, -23.651858416037197 ], [ -46.882705537179241, -23.651863797344223 ], [ -46.882638579697634, -23.651869938030064 ], [ -46.88257216391127, -23.65187968385327 ], [ -46.882506488404452, -23.651893212990011 ], [ -46.88244174659269, -23.651910342504983 ], [ -46.882378331773737, -23.651931157916447 ], [ -46.882292569948959, -23.651958926439544 ], [ -46.882238324689219, -23.651976650740508 ], [ -46.882171332798613, -23.652000940671662 ], [ -46.882105758137577, -23.652028373642604 ], [ -46.881920741522372, -23.652113690516764 ], [ -46.881847542080095, -23.652149432692525 ], [ -46.881742294887424, -23.652206060611768 ], [ -46.88170779968037, -23.652227156684582 ], [ -46.881674702335701, -23.652250041652071 ], [ -46.881642902266691, -23.652274536149047 ], [ -46.881624895892337, -23.652290285274521 ], [ -46.881607883750817, -23.652307015557835 ], [ -46.881591963845132, -23.652324725809493 ], [ -46.881577329598059, -23.652343233094197 ], [ -46.88156398100994, -23.652362537412298 ], [ -46.881538983454654, -23.652403473047219 ], [ -46.881516254161419, -23.652445374372075 ], [ -46.881479632446435, -23.652523381232427 ], [ -46.881448231979959, -23.652603220868023 ], [ -46.881401297668532, -23.652727763856927 ], [ -46.881356921694675, -23.652852998127358 ], [ -46.881333424193947, -23.652916579238841 ], [ -46.881329824047754, -23.652925291134899 ], [ -46.88132553400289, -23.652933740524642 ], [ -46.881320652062612, -23.652941926218336 ], [ -46.881315276230268, -23.652949847026246 ], [ -46.881309307210913, -23.65295741386003 ], [ -46.881302841716412, -23.652964535251911 ], [ -46.88129588103822, -23.652971301479866 ], [ -46.88128852317972, -23.652977711354136 ], [ -46.881228654133622, -23.653013472037159 ], [ -46.881166378732111, -23.653045469572547 ], [ -46.881102088992414, -23.653073699199062 ], [ -46.881085026187094, -23.653080046273015 ], [ -46.881067555870125, -23.653085314767107 ], [ -46.881049679333174, -23.65308959495917 ], [ -46.881031591292341, -23.653092794192062 ], [ -46.881013293039366, -23.653095002743708 ], [ -46.880994979290421, -23.653096127957014 ], [ -46.880873120859562, -23.653094807809374 ], [ -46.880872833304828, -23.653095262767707 ], [ -46.880846157764744, -23.653066873112284 ], [ -46.880449519467938, -23.65273452953053 ], [ -46.880072947674911, -23.652482393106503 ], [ -46.879905737152846, -23.652325504452982 ], [ -46.879713705007973, -23.651858396451658 ], [ -46.879565349296904, -23.650784797020222 ], [ -46.879454707694158, -23.650573677486005 ], [ -46.879388914708429, -23.650524091362065 ], [ -46.879220561793872, -23.65049281426327 ], [ -46.878347366809514, -23.650324978374822 ], [ -46.87818261823513, -23.65035388241628 ], [ -46.878035538011893, -23.650432594978696 ], [ -46.877970704483971, -23.65047762452204 ], [ -46.877945605611011, -23.650497793272574 ], [ -46.877945311605679, -23.650497796834841 ], [ -46.877936622924643, -23.650507112079996 ], [ -46.877843341394858, -23.650605488732705 ], [ -46.877683508328268, -23.650752166160725 ], [ -46.877283795979828, -23.650972539477547 ], [ -46.876862991303696, -23.651177997879735 ], [ -46.876503927257694, -23.651437696657904 ], [ -46.876210905209227, -23.651702735184934 ], [ -46.875966152224287, -23.651840326059787 ], [ -46.875783991885804, -23.651844427013842 ], [ -46.875586593072313, -23.651804106982233 ], [ -46.875386425952755, -23.651810231255137 ], [ -46.874965611145072, -23.651932885371508 ], [ -46.874630813232777, -23.652031834206994 ], [ -46.874178592932694, -23.652165611097157 ], [ -46.873352140610471, -23.652534069980632 ], [ -46.872377445980831, -23.652962374749968 ], [ -46.872267781499986, -23.653005144554438 ], [ -46.872154770998954, -23.653040099126368 ], [ -46.872077460600131, -23.653055841231097 ], [ -46.8719037842896, -23.653063898457418 ], [ -46.87147915738214, -23.653091419589909 ], [ -46.870934586618077, -23.653155782854711 ], [ -46.870570835590122, -23.65323881980229 ], [ -46.870448362459634, -23.653283910013183 ], [ -46.870389446085355, -23.653311077226331 ], [ -46.870249777127043, -23.653415246547073 ], [ -46.870022819589828, -23.653640018384618 ], [ -46.869814349825042, -23.653758742208883 ], [ -46.869495475321614, -23.653889000867007 ], [ -46.869213613743028, -23.653982062779953 ], [ -46.869017581335299, -23.654031109120872 ], [ -46.868905763942763, -23.654053586429793 ], [ -46.868613482695864, -23.654103251178693 ], [ -46.868458567566215, -23.654141778405648 ], [ -46.868288190851864, -23.654195932174563 ], [ -46.867896472634683, -23.654325440518683 ], [ -46.867780562335291, -23.654356544311504 ], [ -46.86752698038417, -23.654404927996737 ], [ -46.867006047462162, -23.654470889128849 ], [ -46.866688003118078, -23.65454948395076 ], [ -46.866541376222948, -23.654585020064076 ], [ -46.866473198440211, -23.654608956515581 ], [ -46.866440374329962, -23.654623708617667 ], [ -46.866070240199292, -23.654761711073277 ], [ -46.865979537582369, -23.654787092368391 ], [ -46.865794209470756, -23.654823906432167 ], [ -46.865608801876142, -23.654841307980224 ], [ -46.865271391930676, -23.6548401324232 ], [ -46.865222358932051, -23.654845508181364 ], [ -46.865173758927696, -23.654853768128117 ], [ -46.865125787926061, -23.654864909905051 ], [ -46.86507873866109, -23.654878839695584 ], [ -46.865032709135981, -23.654895556321247 ], [ -46.864730909666562, -23.655020814437652 ], [ -46.864623716378162, -23.65506535517931 ], [ -46.864558232745452, -23.655092689581327 ], [ -46.86455072981073, -23.655095849858689 ], [ -46.864548781212569, -23.655096685951783 ], [ -46.864539817148675, -23.655100495868165 ], [ -46.864536990337029, -23.655101613410181 ], [ -46.864483006088975, -23.655124204419053 ], [ -46.864356680241016, -23.655174392826535 ], [ -46.864315222232619, -23.655188616305825 ], [ -46.864272949448122, -23.655200682513996 ], [ -46.864230056621523, -23.655210498813453 ], [ -46.864186641760853, -23.655218064024599 ], [ -46.864149555054482, -23.655222573391224 ], [ -46.864072347282992, -23.65523189948015 ], [ -46.864002631471728, -23.655244205421667 ], [ -46.863914596709947, -23.65526422609107 ], [ -46.863230779198929, -23.65547795908579 ], [ -46.862685525229672, -23.655633589774197 ], [ -46.862668261211297, -23.655639666413752 ], [ -46.8622668346135, -23.65574887116335 ], [ -46.862246062777899, -23.655756434620603 ], [ -46.862225798872281, -23.655765256091954 ], [ -46.862206238909401, -23.655775333222127 ], [ -46.862187478338448, -23.655786484275843 ], [ -46.862169518437732, -23.65579879953232 ], [ -46.862152455935153, -23.655812187535219 ], [ -46.862136486843873, -23.655826645929473 ], [ -46.862121510600318, -23.655841995335159 ], [ -46.861919708513149, -23.656072413295252 ], [ -46.861605295767028, -23.656456510413623 ] ] ] } },
{ "type": "Feature", "properties": { "nome": "SANTA CLARA", "codigo": 14, "regiao": "CENTRO", "populacao_2010": 2927, "mulheres_2010": 1511, "homens_2010": 1416, "domicilios": 807, "populacao_2015": 3160, "area_km2": 1.12, "densidade_2015": 2828.12, "fonte_cartografica": "Base oficial de Limites Administrativos de Embu das Artes", "crs_origem": "SIRGAS 2000 / UTM zone 23S (EPSG:31983)", "status_geometria": "oficial", "nota_demografica": "Atributos populacionais da base referem-se principalmente a 2010 e 2015; não devem ser apresentados como dados atuais." }, "geometry": { "type": "Polygon", "coordinates": [ [ [ -46.858423933922261, -23.679728238623721 ], [ -46.858429373880597, -23.679759324835892 ], [ -46.858463716826002, -23.679941487536627 ], [ -46.858625063922702, -23.680847007590948 ], [ -46.858702593590486, -23.681254206656117 ], [ -46.858875993337676, -23.682311365948539 ], [ -46.858966028360534, -23.682230464970576 ], [ -46.859076351772146, -23.682024443530047 ], [ -46.859775031953191, -23.68166625364282 ], [ -46.85997349291258, -23.681584772130755 ], [ -46.860237393948964, -23.681478847133221 ], [ -46.86054495213353, -23.6814579959497 ], [ -46.860918876339049, -23.68145729479355 ], [ -46.861408966899575, -23.681607793276079 ], [ -46.86167028192628, -23.681686096883531 ], [ -46.862024173559476, -23.6816347080293 ], [ -46.862178077485559, -23.681626175408237 ], [ -46.862350558562987, -23.681641708294713 ], [ -46.862497293927007, -23.681618543648739 ], [ -46.862617406720481, -23.681640033494794 ], [ -46.862794704916979, -23.681684131142955 ], [ -46.862953866216138, -23.681686821253219 ], [ -46.86319105737438, -23.68168866256827 ], [ -46.863369746899401, -23.681699514605533 ], [ -46.863555826947895, -23.681844273787863 ], [ -46.86426935494756, -23.682104850776813 ], [ -46.864425670611261, -23.682072810428132 ], [ -46.864529752561261, -23.682083837093309 ], [ -46.864755959332719, -23.682154431651352 ], [ -46.864914529558142, -23.682225930822067 ], [ -46.865295082515559, -23.682360489744962 ], [ -46.865372857077659, -23.68242447411339 ], [ -46.86547816275305, -23.682521625787071 ], [ -46.865818653821869, -23.68275535726519 ], [ -46.865988785479026, -23.682833126808038 ], [ -46.866306451152205, -23.682978373302202 ], [ -46.866339164074212, -23.6829898074845 ], [ -46.866366498880957, -23.682995347091481 ], [ -46.866405276120652, -23.683012667555605 ], [ -46.866456239472356, -23.683032008162538 ], [ -46.866625998627171, -23.683062828635649 ], [ -46.866972810229719, -23.683265058915396 ], [ -46.867153696862111, -23.683299266069522 ], [ -46.867415338628469, -23.683289790041368 ], [ -46.867669664985094, -23.683172681259425 ], [ -46.867755203867326, -23.683127586013711 ], [ -46.867943704027553, -23.68310427351981 ], [ -46.868107495847831, -23.683108437361938 ], [ -46.868261922439643, -23.683088334702724 ], [ -46.868727919509368, -23.683163885200109 ], [ -46.869267685927042, -23.683214706103513 ], [ -46.869305336030664, -23.683187253706357 ], [ -46.86950533733733, -23.683110978599764 ], [ -46.869744080170335, -23.683125251530793 ], [ -46.870159962012259, -23.683364924842483 ], [ -46.870400124497429, -23.68345818661372 ], [ -46.870674870194826, -23.683549585455005 ], [ -46.870768624864695, -23.683585743972181 ], [ -46.870969438178911, -23.683676590861499 ], [ -46.871135140649663, -23.683718471140089 ], [ -46.871320309135463, -23.683729686980229 ], [ -46.871462960970135, -23.683743312686548 ], [ -46.871591392216189, -23.683653452992111 ], [ -46.871693733309208, -23.68350783621263 ], [ -46.871839056182182, -23.683248019978894 ], [ -46.871997332882103, -23.682885924841461 ], [ -46.872063204500485, -23.682664902082088 ], [ -46.872147645714257, -23.682556702476838 ], [ -46.872202097070875, -23.682414915032911 ], [ -46.872273190440374, -23.682030668355821 ], [ -46.872223307597416, -23.681846440329327 ], [ -46.872173024209367, -23.681730388864285 ], [ -46.872138525344987, -23.681621189436758 ], [ -46.872139964261571, -23.681515799284931 ], [ -46.872177118686238, -23.681343611421863 ], [ -46.872175708910916, -23.681141551150567 ], [ -46.872212713916198, -23.681000155240604 ], [ -46.872096284507059, -23.680501155196669 ], [ -46.872136990393471, -23.680344274329066 ], [ -46.872172548827926, -23.680300864598443 ], [ -46.872204226382252, -23.680253438566556 ], [ -46.872264833737219, -23.680172163766979 ], [ -46.872290331845051, -23.680124541555571 ], [ -46.872334654002472, -23.680090687254246 ], [ -46.872379753244715, -23.68003569481607 ], [ -46.872417240901179, -23.679996956981082 ], [ -46.872461289711552, -23.679957688329534 ], [ -46.872511605185174, -23.679931617061094 ], [ -46.872556378726067, -23.679895048432023 ], [ -46.872618211788243, -23.679831004785701 ], [ -46.872676188689958, -23.679799062017842 ], [ -46.872767013669375, -23.679774306629795 ], [ -46.872884681702573, -23.679748143000108 ], [ -46.873202040797423, -23.679727599870535 ], [ -46.873429911563768, -23.679660554030612 ], [ -46.873789574176456, -23.679127984253658 ], [ -46.874099208653867, -23.678600533910803 ], [ -46.874163298245961, -23.678564182552513 ], [ -46.87421359877937, -23.678530255402674 ], [ -46.874256490891682, -23.678492444983949 ], [ -46.874284540072665, -23.678465649447357 ], [ -46.873703976495051, -23.678474481138117 ], [ -46.873696111634636, -23.678466088695316 ], [ -46.873568522003005, -23.678353320641712 ], [ -46.873432307413459, -23.678206345211159 ], [ -46.873250604150826, -23.678011341902298 ], [ -46.87315608017618, -23.67788661587711 ], [ -46.873089015155266, -23.677776185234489 ], [ -46.873051738174361, -23.677685258879738 ], [ -46.873008546859573, -23.677530205214065 ], [ -46.872995865558956, -23.677355911130284 ], [ -46.873003235614071, -23.677157717569255 ], [ -46.87300336583381, -23.67697432944534 ], [ -46.873025191504325, -23.676545441159274 ], [ -46.873027330581579, -23.676337920302075 ], [ -46.873015186250747, -23.676201272182521 ], [ -46.872999093921209, -23.676159028756899 ], [ -46.872951613248226, -23.676060641067501 ], [ -46.872846693276593, -23.675887372142167 ], [ -46.872741205824909, -23.675681152773301 ], [ -46.872604568538257, -23.675442352744732 ], [ -46.872531301758038, -23.675330010267526 ], [ -46.872496973574307, -23.675301441031163 ], [ -46.872350109841236, -23.675204886755115 ], [ -46.87191768597696, -23.675068623728329 ], [ -46.871768645576481, -23.675011914731623 ], [ -46.871591872510827, -23.674942267543777 ], [ -46.871463164015125, -23.674881339601718 ], [ -46.871311345838407, -23.674856718009234 ], [ -46.870876320320498, -23.674799219598583 ], [ -46.870673203314958, -23.674765916793177 ], [ -46.870500025360833, -23.6747008298696 ], [ -46.870352543819394, -23.674567621742877 ], [ -46.870132462791254, -23.674368743560809 ], [ -46.870044379422545, -23.674310393801818 ], [ -46.869853011021569, -23.674262139814843 ], [ -46.869636455779741, -23.674255815112748 ], [ -46.86920378240913, -23.674266997105601 ], [ -46.86908373307908, -23.67423575956288 ], [ -46.868914668615602, -23.674163397629517 ], [ -46.868725605695275, -23.674049741607991 ], [ -46.8684514120161, -23.673850881701938 ], [ -46.868326703956036, -23.673712611155342 ], [ -46.868247495346367, -23.67353370115077 ], [ -46.868205249993999, -23.67338260723205 ], [ -46.868085812523482, -23.673090953770732 ], [ -46.868022581178352, -23.673015237454059 ], [ -46.867959952140652, -23.672940507076326 ], [ -46.867900795975466, -23.672965238711988 ], [ -46.867669735557023, -23.673055610309909 ], [ -46.867616665758092, -23.67309471548019 ], [ -46.867528129452559, -23.673156099425288 ], [ -46.867404694201284, -23.673272802834173 ], [ -46.867231439494063, -23.673436608178712 ], [ -46.8671531635094, -23.673468071219702 ], [ -46.866938322466225, -23.673458110241004 ], [ -46.866738638976052, -23.673473067996824 ], [ -46.866601991713168, -23.673494850490588 ], [ -46.866296998523907, -23.673612025525745 ], [ -46.865991807431719, -23.673729112075918 ], [ -46.865689628147656, -23.67385121823364 ], [ -46.865478311059796, -23.673903064205945 ], [ -46.865129656212588, -23.673941936241686 ], [ -46.865003031221597, -23.673999894866324 ], [ -46.864924329705751, -23.674105041879351 ], [ -46.864795994834957, -23.674367175757137 ], [ -46.864663102500138, -23.674646700873772 ], [ -46.864490499788964, -23.674787741439051 ], [ -46.864363995400602, -23.674854276073287 ], [ -46.864326296971882, -23.674954233927252 ], [ -46.864273194410892, -23.675087876295095 ], [ -46.864112339875987, -23.675393651999677 ], [ -46.864033040588055, -23.675622598961436 ], [ -46.863939739411343, -23.675838982952811 ], [ -46.863792078001829, -23.676100445800373 ], [ -46.863660758778629, -23.676256158113013 ], [ -46.86354788705593, -23.676343927796502 ], [ -46.863445209192079, -23.676383177126308 ], [ -46.863204727934878, -23.676411352928795 ], [ -46.863081465289881, -23.676450849683231 ], [ -46.862999469822228, -23.676489849908364 ], [ -46.86295188003303, -23.676528436209228 ], [ -46.8629044610515, -23.676585982198993 ], [ -46.862865078293538, -23.676719368829875 ], [ -46.862772590713611, -23.676986397419888 ], [ -46.862711539252594, -23.677050518219453 ], [ -46.862574274186144, -23.677077451562781 ], [ -46.861954625524795, -23.677046889254473 ], [ -46.861886173323505, -23.677073084910525 ], [ -46.861831980384949, -23.677136942338123 ], [ -46.861772102486469, -23.677276986032709 ], [ -46.861731822737852, -23.677347177337801 ], [ -46.861684926375112, -23.677372481708353 ], [ -46.861594827059115, -23.677393158657132 ], [ -46.861518974388694, -23.677381429299839 ], [ -46.86141539695975, -23.677357301687312 ], [ -46.860855357315664, -23.677167732880179 ], [ -46.860731375714025, -23.677156581450728 ], [ -46.860683425640268, -23.677169798768915 ], [ -46.860614971802732, -23.677195903603536 ], [ -46.860567381017866, -23.677234489227988 ], [ -46.860541271340225, -23.677336112962859 ], [ -46.86051660611124, -23.67753279908522 ], [ -46.860478565838569, -23.677761158552041 ], [ -46.86041998995254, -23.67792403057901 ], [ -46.860286986139904, -23.678397325070904 ], [ -46.860231129298775, -23.67860684645369 ], [ -46.860109458115211, -23.678932012568822 ], [ -46.860063363139211, -23.679173200183609 ], [ -46.86007539775207, -23.679393012176632 ], [ -46.860118215084732, -23.679661122931936 ], [ -46.860011885747667, -23.679671249003903 ], [ -46.8596876628283, -23.679657355223025 ], [ -46.859635709822868, -23.679657979155476 ], [ -46.859160584801835, -23.679663684386668 ], [ -46.858807689347991, -23.679681284500067 ], [ -46.858757984836764, -23.679688382329168 ], [ -46.858678148781145, -23.67970008564803 ], [ -46.858548609446842, -23.679718976968726 ], [ -46.858423933922261, -23.679728238623721 ] ] ] } },
{ "type": "Feature", "properties": { "nome": "SANTA EMILIA", "codigo": 8, "regiao": "LESTE", "populacao_2010": 16912, "mulheres_2010": 8718, "homens_2010": 8194, "domicilios": 4877, "populacao_2015": 17831, "area_km2": 0.78, "densidade_2015": 22730.46, "fonte_cartografica": "Base oficial de Limites Administrativos de Embu das Artes", "crs_origem": "SIRGAS 2000 / UTM zone 23S (EPSG:31983)", "status_geometria": "oficial", "nota_demografica": "Atributos populacionais da base referem-se principalmente a 2010 e 2015; não devem ser apresentados como dados atuais." }, "geometry": { "type": "Polygon", "coordinates": [ [ [ -46.794039270678248, -23.660372398668901 ], [ -46.794042765228056, -23.660441706007031 ], [ -46.794086085634532, -23.660627847515766 ], [ -46.794204913740892, -23.660923547421099 ], [ -46.79428520322098, -23.661110524903194 ], [ -46.794318884068105, -23.661243954424659 ], [ -46.794345761518919, -23.661345768617181 ], [ -46.794397202285225, -23.661473213456734 ], [ -46.794443104054807, -23.661661672618063 ], [ -46.794446406649264, -23.661716895880215 ], [ -46.794448321677145, -23.661763827926038 ], [ -46.794435122627206, -23.661823847426287 ], [ -46.794364120359162, -23.66203722788168 ], [ -46.794320428074634, -23.662197378241746 ], [ -46.79426981263272, -23.662410522564617 ], [ -46.794257711437936, -23.662457616926989 ], [ -46.794231649469332, -23.662602302974644 ], [ -46.794212352821766, -23.662682438913222 ], [ -46.794187765881915, -23.662748459548684 ], [ -46.794173052153354, -23.662790888736755 ], [ -46.794177387377523, -23.662828401913259 ], [ -46.794188061580449, -23.662863493971678 ], [ -46.794215300431055, -23.66289839420466 ], [ -46.794258374422888, -23.662973022139148 ], [ -46.794334449769941, -23.663224610339455 ], [ -46.794394353741332, -23.663411823727284 ], [ -46.79443299688905, -23.663628629709219 ], [ -46.79445432113863, -23.663790374766251 ], [ -46.794465716530702, -23.663878281930451 ], [ -46.794493340232577, -23.663941350166059 ], [ -46.794540540187185, -23.663987847969157 ], [ -46.794616311675028, -23.664030402940693 ], [ -46.794697278083653, -23.664072897694904 ], [ -46.794742260188265, -23.664100549142201 ], [ -46.794786288611604, -23.664151688726157 ], [ -46.794822607672927, -23.66419822218678 ], [ -46.794843507960508, -23.66423554342304 ], [ -46.794860827243049, -23.664290604264867 ], [ -46.794868640721205, -23.664396160701706 ], [ -46.79486482598643, -23.664490113301099 ], [ -46.794861580293301, -23.66453240968503 ], [ -46.794844222030726, -23.664567826434318 ], [ -46.794834558387358, -23.664606765901475 ], [ -46.794853397292982, -23.664665420996293 ], [ -46.794942626553279, -23.664774549010424 ], [ -46.795020137673013, -23.66485112538993 ], [ -46.795158438061506, -23.664985780397384 ], [ -46.795262868431671, -23.665073783265676 ], [ -46.79533095239956, -23.665156337984339 ], [ -46.795387156084637, -23.665259076173957 ], [ -46.795410957877323, -23.665322188491206 ], [ -46.795428372530246, -23.665384200970216 ], [ -46.795433262965297, -23.665555617373098 ], [ -46.795427781998427, -23.665714151271615 ], [ -46.795425162710124, -23.665730525295711 ], [ -46.795411337616478, -23.665816467203136 ], [ -46.795388122477981, -23.665889605530662 ], [ -46.795343928437582, -23.665969939808903 ], [ -46.795319453805668, -23.666044176282202 ], [ -46.795311480058068, -23.666113526111349 ], [ -46.795320345128275, -23.666202726625102 ], [ -46.79533143680721, -23.666268333944299 ], [ -46.795360143343416, -23.666317303158674 ], [ -46.795422382684187, -23.666388186978821 ], [ -46.795439300486592, -23.666413815709191 ], [ -46.795439637186313, -23.666438462752335 ], [ -46.795418408058637, -23.666470402861108 ], [ -46.795294101694971, -23.66661397016065 ], [ -46.79511258311345, -23.666760457748271 ], [ -46.795048236239495, -23.666815200676858 ], [ -46.795011909658896, -23.666861492225742 ], [ -46.794970565001719, -23.666913620887346 ], [ -46.794933187301609, -23.666976268268112 ], [ -46.794905001760469, -23.667058764667232 ], [ -46.794895705438535, -23.667124608240336 ], [ -46.794919684957492, -23.667200721253067 ], [ -46.795104181808647, -23.667544960853782 ], [ -46.79516880026452, -23.667703856261923 ], [ -46.795192858995911, -23.66778574727212 ], [ -46.795196017952264, -23.667830407430369 ], [ -46.795183916734203, -23.667877501843915 ], [ -46.795161621498842, -23.667924714389102 ], [ -46.795120068188062, -23.667961585407546 ], [ -46.795077064257868, -23.667985560826054 ], [ -46.79503173440559, -23.668033040275116 ], [ -46.795002623958133, -23.668076539319255 ], [ -46.795214497797623, -23.668128262002405 ], [ -46.795288444054293, -23.668008303965387 ], [ -46.795384354346538, -23.667852785413217 ], [ -46.795385791334198, -23.667850330753605 ], [ -46.795387327574439, -23.667847965240163 ], [ -46.795389061086524, -23.667845687736826 ], [ -46.795390991870434, -23.667843498243624 ], [ -46.795393021906911, -23.667841397896591 ], [ -46.795395152429343, -23.667839476977878 ], [ -46.795397481456973, -23.667837734351476 ], [ -46.795399909737185, -23.667836080871194 ], [ -46.795402438503352, -23.667834606819248 ], [ -46.795412661453838, -23.66782943173256 ], [ -46.795423185861623, -23.667824794930283 ], [ -46.795434011726776, -23.667820696412328 ], [ -46.795445042263594, -23.667817227596885 ], [ -46.795446604404169, -23.667816758008978 ], [ -46.795448164077904, -23.667816107856648 ], [ -46.795449625732381, -23.667815458840387 ], [ -46.795451084920003, -23.667814629259716 ], [ -46.795452446088397, -23.66781380081509 ], [ -46.795453708004104, -23.667812883224347 ], [ -46.795454968686371, -23.667811875351379 ], [ -46.795456130115973, -23.667810778332285 ], [ -46.795457290312136, -23.667809591030991 ], [ -46.795458254469828, -23.667808406001825 ], [ -46.795459217394075, -23.66780713069047 ], [ -46.795459984279873, -23.667805857651235 ], [ -46.795460749932218, -23.667804494329804 ], [ -46.795461416331896, -23.667803041862246 ], [ -46.795461984712361, -23.667801590530757 ], [ -46.795462357054369, -23.6678001414714 ], [ -46.795462729396377, -23.667798692412056 ], [ -46.795463002485739, -23.667797154206578 ], [ -46.795463079536653, -23.667795618273239 ], [ -46.795466097511657, -23.66774384340637 ], [ -46.795468074431241, -23.667723503783414 ], [ -46.795471620890147, -23.667703236265499 ], [ -46.795476446530557, -23.667683315107336 ], [ -46.795482747390139, -23.667663738036712 ], [ -46.795490327430073, -23.667644507325633 ], [ -46.795508199968062, -23.667603666755149 ], [ -46.795510030260644, -23.66760129783243 ], [ -46.79551205905819, -23.667599107201916 ], [ -46.795514185874723, -23.667596915435279 ], [ -46.795516508729314, -23.667594721396419 ], [ -46.795518934536709, -23.667592887350221 ], [ -46.795521458363091, -23.667591052167868 ], [ -46.795524180694422, -23.66758939527767 ], [ -46.795526905492608, -23.667587918951817 ], [ -46.795529828795758, -23.667586620918097 ], [ -46.795532754565777, -23.667585503448709 ], [ -46.795535778354804, -23.667584384843149 ], [ -46.795538807077627, -23.667583627366316 ], [ -46.795541936286426, -23.667583049317674 ], [ -46.79554516351422, -23.667582470132878 ], [ -46.79554829765685, -23.667582253212892 ], [ -46.795551532285465, -23.667582215721101 ], [ -46.795554766914059, -23.667582178229249 ], [ -46.795557908457525, -23.667582503002208 ], [ -46.795561148020063, -23.66758282663897 ], [ -46.795710402855832, -23.667607734041979 ], [ -46.795706356630532, -23.667562723000458 ], [ -46.795706729433952, -23.667539783372515 ], [ -46.79570876856036, -23.667516824428898 ], [ -46.795712476476091, -23.667494026733969 ], [ -46.795717855647403, -23.667471570852062 ], [ -46.79572480805453, -23.667449457919229 ], [ -46.79573343294922, -23.667427777081286 ], [ -46.795754788421689, -23.66738355514282 ], [ -46.795779200969427, -23.667340652211088 ], [ -46.79580677354334, -23.667299428277246 ], [ -46.795918173397453, -23.667144000766534 ], [ -46.795969975306868, -23.667068002660599 ], [ -46.795992175378615, -23.667042552570077 ], [ -46.79600862649918, -23.666976626008744 ], [ -46.796139633508737, -23.666785394230956 ], [ -46.796243933128721, -23.666727388436787 ], [ -46.796255453797151, -23.666738271024744 ], [ -46.796281996655544, -23.666758009074702 ], [ -46.796307869434287, -23.666778928743582 ], [ -46.796335675442329, -23.666797839468533 ], [ -46.796364305626589, -23.666812496697144 ], [ -46.796391568494847, -23.666827530961271 ], [ -46.796421710925117, -23.666845240722523 ], [ -46.796452074081266, -23.666864753847154 ], [ -46.796480868950574, -23.66688428515199 ], [ -46.796510729690695, -23.666902901125791 ], [ -46.796538588109065, -23.666918470234442 ], [ -46.796562692211204, -23.66693191576174 ], [ -46.796585075180019, -23.666948541621469 ], [ -46.796609579486116, -23.666969747995054 ], [ -46.796633483346952, -23.666990058363428 ], [ -46.796659017738783, -23.66700773122006 ], [ -46.796682990011305, -23.667025873671662 ], [ -46.796708258748289, -23.667045626418901 ], [ -46.796728804086165, -23.667064079497717 ], [ -46.796754407624128, -23.667086808136457 ], [ -46.79677402462876, -23.667109064426629 ], [ -46.796790696143553, -23.66713099369171 ], [ -46.796807024961979, -23.667156538787467 ], [ -46.796817250200739, -23.667187391869433 ], [ -46.796824389960271, -23.667214849473382 ], [ -46.796807522540995, -23.66724312731067 ], [ -46.796832082706345, -23.667282753471167 ], [ -46.796859246921677, -23.667326412762282 ], [ -46.796970542377856, -23.667421558392732 ], [ -46.797040663629694, -23.667466525273575 ], [ -46.797064628631894, -23.66748412596408 ], [ -46.797089881466022, -23.667502704971614 ], [ -46.797114152883438, -23.667521205063458 ], [ -46.797138718364408, -23.66753970173967 ], [ -46.797161040527712, -23.667559037104617 ], [ -46.797185005562476, -23.667576637774285 ], [ -46.797207696356992, -23.667594253222969 ], [ -46.797232274210792, -23.667613652703615 ], [ -46.797255854596727, -23.66763179960239 ], [ -46.797280817132531, -23.667650652832982 ], [ -46.797303409933356, -23.667668269403123 ], [ -46.79732776708272, -23.667685865499177 ], [ -46.797353312814217, -23.66770435076484 ], [ -46.797380207359488, -23.667721104744043 ], [ -46.797406562425714, -23.667734253120763 ], [ -46.797434266303163, -23.667745670210454 ], [ -46.79746096900282, -23.667755563872621 ], [ -46.797489439754123, -23.667765707903893 ], [ -46.797516763916576, -23.667778032348245 ], [ -46.79754272693026, -23.667791185249637 ], [ -46.797572109503712, -23.667803485798458 ], [ -46.797599799824603, -23.667813909753736 ], [ -46.797627184977976, -23.667823524577326 ], [ -46.797653674378694, -23.667832156530032 ], [ -46.797703315599342, -23.667849097967519 ], [ -46.797737826069095, -23.667863596385526 ], [ -46.797765015985149, -23.667880437162164 ], [ -46.797790182778087, -23.667849715205314 ], [ -46.797814010638234, -23.667821446786853 ], [ -46.79784726437606, -23.667794242825011 ], [ -46.797867206821032, -23.667775771503997 ], [ -46.797884889881807, -23.667756965217226 ], [ -46.797903932853103, -23.667737240181435 ], [ -46.797938142038539, -23.667708219184743 ], [ -46.797958053136043, -23.667694624222786 ], [ -46.797978930832613, -23.667680024779184 ], [ -46.79801663858472, -23.667655929462597 ], [ -46.798049966349737, -23.667634142385726 ], [ -46.798077167958105, -23.667601681137349 ], [ -46.79809665120073, -23.667563981985843 ], [ -46.798115335023667, -23.667532341970276 ], [ -46.798141608721863, -23.667496550515704 ], [ -46.798159594409718, -23.667478372762762 ], [ -46.798191371961884, -23.667443600971019 ], [ -46.798206501502641, -23.667424463106251 ], [ -46.798232154924897, -23.667386331131841 ], [ -46.798255859076065, -23.667349034448744 ], [ -46.798267796408489, -23.66732587029643 ], [ -46.798278156790509, -23.667302092374232 ], [ -46.79828881863709, -23.667278852730348 ], [ -46.798300397237732, -23.66725813074294 ], [ -46.798311967187423, -23.667236776780452 ], [ -46.798337571941154, -23.667202257211873 ], [ -46.798364479337273, -23.667169799334602 ], [ -46.798400879274737, -23.667143281113027 ], [ -46.798418205929018, -23.66712709750486 ], [ -46.798432652978498, -23.667108238432995 ], [ -46.79844747974365, -23.667088471987746 ], [ -46.798460323896279, -23.667067103223058 ], [ -46.798473928719233, -23.667044009995013 ], [ -46.798489199851637, -23.667020897420866 ], [ -46.798504386550555, -23.666998779085983 ], [ -46.79851955965426, -23.666975667647307 ], [ -46.798534807296932, -23.666950839710509 ], [ -46.798547197574585, -23.666924961389366 ], [ -46.798561080362383, -23.666900691074481 ], [ -46.79857190233696, -23.666874830959596 ], [ -46.798580721933327, -23.666845924014471 ], [ -46.798587518971637, -23.666819659146441 ], [ -46.798592366761319, -23.666794229576691 ], [ -46.798594979897381, -23.666770270693743 ], [ -46.798598791491308, -23.666747923231522 ], [ -46.798609686343916, -23.666727389755586 ], [ -46.798624578936625, -23.666705274825436 ], [ -46.798637729436457, -23.666684805455478 ], [ -46.798659935908738, -23.66666703012854 ], [ -46.798685769047786, -23.666649212690739 ], [ -46.798708734940973, -23.666629622612163 ], [ -46.798733881938745, -23.666611813133571 ], [ -46.798760026409681, -23.666595256218859 ], [ -46.798785195635148, -23.66657907180943 ], [ -46.798806277749172, -23.666565101966675 ], [ -46.798828156360109, -23.666552025836562 ], [ -46.798850526292703, -23.666539034294875 ], [ -46.798876164181294, -23.666528442805582 ], [ -46.798917071037735, -23.666508915258731 ], [ -46.798943105535287, -23.666505813753279 ], [ -46.798971191781746, -23.66648787981083 ], [ -46.799009588841528, -23.666464047159248 ], [ -46.799031684458704, -23.666452503520468 ], [ -46.799054683242787, -23.666442484428764 ], [ -46.799094262668348, -23.66641908950854 ], [ -46.799126654250266, -23.666400563762512 ], [ -46.799161261157373, -23.66639347992216 ], [ -46.799337571356475, -23.666425473950746 ], [ -46.799396193545199, -23.666568544874469 ], [ -46.799500554447313, -23.666515141365235 ], [ -46.800171739972562, -23.667205695387697 ], [ -46.800342082968328, -23.667081093411944 ], [ -46.800260704115374, -23.666421882616998 ], [ -46.80024210023069, -23.666402053019272 ], [ -46.800133438267416, -23.666291709417994 ], [ -46.799888873535821, -23.666043256280364 ], [ -46.799874462266501, -23.666021752587032 ], [ -46.799861707411132, -23.665999507276929 ], [ -46.799850412933893, -23.665976522628089 ], [ -46.799840875359735, -23.665952975788535 ], [ -46.79983299543396, -23.665928777615431 ], [ -46.799826874882342, -23.665904197816289 ], [ -46.799822514940267, -23.66587932667338 ], [ -46.799819916843113, -23.665854254468908 ], [ -46.799819081826179, -23.665829071485014 ], [ -46.799824359954563, -23.665498615772396 ], [ -46.79983177017958, -23.665359653873267 ], [ -46.799930005682668, -23.665410252398448 ], [ -46.799966246286978, -23.665429425652519 ], [ -46.800001045080549, -23.665450692465807 ], [ -46.800034400828082, -23.665473962557208 ], [ -46.800066018242255, -23.665499149062221 ], [ -46.800118684884865, -23.665543775585306 ], [ -46.800352268370958, -23.665742060949327 ], [ -46.800510950785053, -23.665861304195349 ], [ -46.800536048517337, -23.665882864216996 ], [ -46.800559693310362, -23.665905705269591 ], [ -46.800581981944859, -23.665929735932629 ], [ -46.800602816403234, -23.665954957345907 ], [ -46.800621898921946, -23.665981102081908 ], [ -46.800702795722074, -23.666097005254084 ], [ -46.800736345658443, -23.66614158285434 ], [ -46.800772323795655, -23.666184506886786 ], [ -46.800810825678241, -23.666225595646427 ], [ -46.800832581029816, -23.666246472095242 ], [ -46.800855691318695, -23.666266068641576 ], [ -46.800879862491321, -23.666284388703129 ], [ -46.800905290582989, -23.666301430000541 ], [ -46.800931680302796, -23.666317105669648 ], [ -46.801434079809134, -23.666243993691563 ], [ -46.801578781959705, -23.666222897284896 ], [ -46.801644568179, -23.666216172674783 ], [ -46.801871100157292, -23.666193040772079 ], [ -46.802208349655047, -23.666172683910222 ], [ -46.802290924049053, -23.66616775024438 ], [ -46.802912496080801, -23.666006382064097 ], [ -46.803578420531657, -23.66581243995244 ], [ -46.804030979651984, -23.66567958205939 ], [ -46.804225280305715, -23.665622419241288 ], [ -46.804228820186687, -23.665616057280538 ], [ -46.804232754614389, -23.66560987131723 ], [ -46.804237083588816, -23.665603861351318 ], [ -46.804241808349239, -23.665598117664562 ], [ -46.804246830878547, -23.665592641398437 ], [ -46.804252249193802, -23.665587431411399 ], [ -46.804257966517248, -23.665582579126713 ], [ -46.804264080865963, -23.665578083402824 ], [ -46.804270394966458, -23.665573856240982 ], [ -46.804965003305654, -23.665327383096148 ], [ -46.806175991589591, -23.664920210307102 ], [ -46.806134859470525, -23.664873284353551 ], [ -46.806063626779554, -23.664647652003115 ], [ -46.806013746374397, -23.664663222642787 ], [ -46.805994907377084, -23.664669130911044 ], [ -46.805950554322393, -23.664687436279031 ], [ -46.805904955924873, -23.66460083200408 ], [ -46.805848736974802, -23.664547490201642 ], [ -46.805777717687462, -23.664480054089207 ], [ -46.805744875021944, -23.664437094724519 ], [ -46.80572925341513, -23.664398900925349 ], [ -46.805723007738017, -23.664386693440537 ], [ -46.805621965328271, -23.664203215393691 ], [ -46.805585682392916, -23.664145306916062 ], [ -46.805535675428061, -23.663987510192555 ], [ -46.80550349065733, -23.663928199486907 ], [ -46.80549696585981, -23.663917078797205 ], [ -46.805484718995572, -23.663896182504974 ], [ -46.805468253788284, -23.663867931082095 ], [ -46.805448558978227, -23.663847211876522 ], [ -46.805420510464977, -23.663832098082718 ], [ -46.805364672504091, -23.663677981079182 ], [ -46.805380431992752, -23.663669129003065 ], [ -46.805364637897924, -23.663661186389866 ], [ -46.805341658907551, -23.663651160388657 ], [ -46.805308626533467, -23.663637188200468 ], [ -46.805282622707495, -23.663628190694531 ], [ -46.805251577933987, -23.663616181850127 ], [ -46.805227561704278, -23.663609147691616 ], [ -46.805194668282567, -23.663598153633558 ], [ -46.805169671903109, -23.663591130886015 ], [ -46.80514469040402, -23.663585191515367 ], [ -46.805119623289492, -23.663580156100149 ], [ -46.80509357602115, -23.663575132100458 ], [ -46.805038596812324, -23.663569181025025 ], [ -46.805004654996431, -23.66356036624865 ], [ -46.804976066847658, -23.663548780207396 ], [ -46.80495531250746, -23.663536561119685 ], [ -46.804932682320455, -23.663516237223131 ], [ -46.804918300318171, -23.663496900788434 ], [ -46.804902953041271, -23.663478659151824 ], [ -46.804888764599333, -23.66345913986655 ], [ -46.804743019670809, -23.663239792510055 ], [ -46.804735869603483, -23.663233103580875 ], [ -46.804581138992411, -23.663001851311002 ], [ -46.804570647960965, -23.662980302408322 ], [ -46.804555856661977, -23.662959706553174 ], [ -46.804540530674672, -23.662935866259524 ], [ -46.804528009949507, -23.662909284404169 ], [ -46.804522365156309, -23.662883706018722 ], [ -46.804521020633949, -23.662857174585625 ], [ -46.804520678571151, -23.66283225680904 ], [ -46.804520722372068, -23.662806883057087 ], [ -46.80452292374234, -23.662781574472255 ], [ -46.804529231825832, -23.662755495686856 ], [ -46.804537366144316, -23.662733910442821 ], [ -46.804548793308228, -23.662709397366967 ], [ -46.804559994693314, -23.662682719810483 ], [ -46.804569605527114, -23.662654435446552 ], [ -46.804577541325244, -23.662632671920505 ], [ -46.804587167024977, -23.662605470937336 ], [ -46.804589775313808, -23.662581241167111 ], [ -46.804584917124707, -23.662555834213535 ], [ -46.804568170537657, -23.662535622314927 ], [ -46.804547989614719, -23.662522312927873 ], [ -46.804521275274581, -23.662504384227219 ], [ -46.804497151462428, -23.662489495422712 ], [ -46.804471504034332, -23.662477875023544 ], [ -46.804441181645061, -23.662468476175633 ], [ -46.804409516795445, -23.662461260065733 ], [ -46.804376422737562, -23.662449906966376 ], [ -46.804336306556259, -23.662426897124778 ], [ -46.804310778352857, -23.662409676941916 ], [ -46.80428558521303, -23.662388299225245 ], [ -46.804262761782049, -23.662368158056005 ], [ -46.80424021369214, -23.662353792636615 ], [ -46.804216903793794, -23.662341061417251 ], [ -46.804194189422425, -23.66232886503693 ], [ -46.80417146266425, -23.662315765834791 ], [ -46.80414889228949, -23.662299775328005 ], [ -46.80412532938324, -23.662282893412318 ], [ -46.80410041410277, -23.662267471979824 ], [ -46.804072746984687, -23.662251540807397 ], [ -46.804042538927348, -23.662236180992938 ], [ -46.804012966045313, -23.662224245034373 ], [ -46.803989720616151, -23.662216208433193 ], [ -46.803957745835412, -23.662200688579137 ], [ -46.803928843104764, -23.662180437545071 ], [ -46.803900903183937, -23.662158911147781 ], [ -46.803880677783383, -23.662142351519275 ], [ -46.803851896774759, -23.662116681276483 ], [ -46.803831746009429, -23.662091271737971 ], [ -46.803819322145088, -23.662071731792683 ], [ -46.803800709893309, -23.662044137227408 ], [ -46.803781918963899, -23.66201780888731 ], [ -46.803766331398897, -23.661996319250257 ], [ -46.803745828252531, -23.66197380328143 ], [ -46.803726166211526, -23.6619554311462 ], [ -46.803704571140386, -23.661939068029184 ], [ -46.80368254685515, -23.66192000101724 ], [ -46.803656027084365, -23.661866222268571 ], [ -46.803613348282475, -23.661827891687551 ], [ -46.80350993242903, -23.661756858461789 ], [ -46.803455350294833, -23.661729772829656 ], [ -46.803369650431499, -23.661706751509346 ], [ -46.803342777188973, -23.661705800138645 ], [ -46.803318397824476, -23.661700846701077 ], [ -46.803293599158742, -23.661693911621303 ], [ -46.803248056511357, -23.661675479445488 ], [ -46.803225759164093, -23.661665083984342 ], [ -46.80320067036363, -23.661651289747571 ], [ -46.803172584177446, -23.661633376759934 ], [ -46.803147473098051, -23.661617957439919 ], [ -46.803124694551535, -23.66160106623008 ], [ -46.803097169228238, -23.661581160182095 ], [ -46.803069063257922, -23.661561802663581 ], [ -46.803046262442074, -23.6615432863669 ], [ -46.803023027475518, -23.661521705044468 ], [ -46.803003951209384, -23.66150314539906 ], [ -46.802983865090297, -23.661482430390976 ], [ -46.802971002302833, -23.661459464215213 ], [ -46.802957730128973, -23.661435238653628 ], [ -46.802935458002302, -23.661412381963988 ], [ -46.802915610034148, -23.661394734248745 ], [ -46.802897938190412, -23.661378505950378 ], [ -46.80287508295234, -23.661356017221138 ], [ -46.80285210598155, -23.661338947682886 ], [ -46.802828332523674, -23.661320984445297 ], [ -46.802806921312353, -23.661303716088781 ], [ -46.802786125428064, -23.661288427088373 ], [ -46.802763202954928, -23.661275329939169 ], [ -46.80273736235246, -23.661263892071883 ], [ -46.802708948631299, -23.66125067821114 ], [ -46.802678577112907, -23.661237667715376 ], [ -46.802647607612805, -23.661223941799882 ], [ -46.802615082275715, -23.661211136941631 ], [ -46.802584710774703, -23.661198126426264 ], [ -46.802562023977011, -23.661187915985742 ], [ -46.802533630094487, -23.661176146601306 ], [ -46.802507052457578, -23.66116814852791 ], [ -46.802478360605235, -23.66116324511961 ], [ -46.802452489889511, -23.661163907259713 ], [ -46.802418063268263, -23.66116972551831 ], [ -46.802387447817452, -23.661181820178538 ], [ -46.802360003463825, -23.66119640624273 ], [ -46.802330789902037, -23.661210651696809 ], [ -46.802307606163978, -23.66122139574626 ], [ -46.802283079932067, -23.661234322519995 ], [ -46.802260700100653, -23.661246501953084 ], [ -46.802236573341169, -23.661259965851265 ], [ -46.802138486584489, -23.661248645831265 ], [ -46.802106200384074, -23.66124613186447 ], [ -46.802066876232651, -23.661230787370076 ], [ -46.802037637379577, -23.661221736610418 ], [ -46.80201630548413, -23.661210246181408 ], [ -46.801980492529211, -23.661193596679503 ], [ -46.801938370071859, -23.661160044834389 ], [ -46.801870582376395, -23.661106384471061 ], [ -46.801848876297086, -23.661081895695244 ], [ -46.801829735909649, -23.661058641228621 ], [ -46.80181354336839, -23.661035894257502 ], [ -46.801799254189618, -23.661008971518896 ], [ -46.801788545483163, -23.660985799589312 ], [ -46.801777821932369, -23.660961544275214 ], [ -46.801768805715071, -23.660933115474474 ], [ -46.80175763814929, -23.660905072875039 ], [ -46.801746304257307, -23.660879199320895 ], [ -46.801731042398181, -23.660852829662659 ], [ -46.801720333718116, -23.660829657726421 ], [ -46.801709629991322, -23.660806846916994 ], [ -46.801699986126046, -23.660775535925566 ], [ -46.801693979638046, -23.660752128717174 ], [ -46.801685938643054, -23.660723327384144 ], [ -46.80167593985491, -23.660694729407911 ], [ -46.80166736027769, -23.66066954618999 ], [ -46.801658155504896, -23.660641661350294 ], [ -46.801648025040343, -23.660617760312892 ], [ -46.801634152744924, -23.660592638633595 ], [ -46.801619357232816, -23.660571681319674 ], [ -46.801607354627578, -23.660547079675936 ], [ -46.801544541495353, -23.660391416712852 ], [ -46.801185056594349, -23.659632049792709 ], [ -46.800995386979544, -23.659346931324073 ], [ -46.800855822462637, -23.659198661383375 ], [ -46.800838875913726, -23.659178090162275 ], [ -46.80081769101686, -23.659162985979506 ], [ -46.800798086690293, -23.659148766388938 ], [ -46.800773579271272, -23.659134423183485 ], [ -46.800749069384338, -23.659119899409735 ], [ -46.80072477036596, -23.659106456738137 ], [ -46.800704193352146, -23.659092790216718 ], [ -46.800681107587295, -23.659082042330756 ], [ -46.800643834509678, -23.659051774689026 ], [ -46.800405835776502, -23.65889525729132 ], [ -46.800249836195903, -23.658770835357664 ], [ -46.800229847355332, -23.658757161934332 ], [ -46.800208478930983, -23.658742962757039 ], [ -46.800186294273885, -23.658726425352008 ], [ -46.800164112094564, -23.658710068507585 ], [ -46.800141381403058, -23.658696607517406 ], [ -46.800114799450299, -23.658688247863392 ], [ -46.800090415794777, -23.658682932746089 ], [ -46.800067173677412, -23.658675076064061 ], [ -46.799982437017938, -23.658643463382187 ], [ -46.799922037930841, -23.65862095878602 ], [ -46.79989972651677, -23.658609479409623 ], [ -46.799880323335998, -23.658595618542268 ], [ -46.799857585275781, -23.658581615814807 ], [ -46.799834323413954, -23.658572314582454 ], [ -46.799814136148512, -23.658558462813335 ], [ -46.799790259032108, -23.658547182198472 ], [ -46.799764203408778, -23.658534301546304 ], [ -46.799739189702102, -23.658525923610274 ], [ -46.799712406837948, -23.658517205031714 ], [ -46.799683805385484, -23.658504534526095 ], [ -46.799646454527476, -23.658497202823014 ], [ -46.799615482717563, -23.658497562521266 ], [ -46.799586079099981, -23.658497904001237 ], [ -46.799557655602456, -23.658498234093237 ], [ -46.799527859935537, -23.658498580115118 ], [ -46.799500607639104, -23.658498535409624 ], [ -46.799475702689385, -23.658498102254441 ], [ -46.799447205052928, -23.658493015400065 ], [ -46.799417868955459, -23.658483965232904 ], [ -46.799390723723086, -23.658477417920007 ], [ -46.799365573329865, -23.65847337573884 ], [ -46.799337445510076, -23.658466659233245 ], [ -46.799311811642951, -23.658455940719389 ], [ -46.799287185081283, -23.658447197026863 ], [ -46.799264263435688, -23.658434099303875 ], [ -46.799243118365652, -23.658421883913682 ], [ -46.799217817260207, -23.658406827289571 ], [ -46.799193848794367, -23.65838886570118 ], [ -46.799171272269568, -23.658372332690661 ], [ -46.799151837075264, -23.658356124389758 ], [ -46.799148951488696, -23.658352997516875 ], [ -46.799135716997036, -23.658338613445629 ], [ -46.799119547507765, -23.658317491214675 ], [ -46.799115840765808, -23.658311664981063 ], [ -46.799135605788592, -23.658373469171625 ], [ -46.799182942265027, -23.658558930273589 ], [ -46.79919013545355, -23.658690589287431 ], [ -46.799168757662606, -23.658797477619515 ], [ -46.799156946347154, -23.65888709854789 ], [ -46.799150299612506, -23.65904609748495 ], [ -46.799145467756134, -23.659165796389683 ], [ -46.799127157099029, -23.659267592502129 ], [ -46.79910106470625, -23.659352322637424 ], [ -46.799082546447337, -23.659438951351536 ], [ -46.799079006010309, -23.659538408852939 ], [ -46.79907505664589, -23.659607982975643 ], [ -46.799056071356716, -23.659660485050228 ], [ -46.799015534715089, -23.659728407144218 ], [ -46.798997752722727, -23.659782881764343 ], [ -46.798985746876276, -23.659865461814711 ], [ -46.798984691315226, -23.659945928208661 ], [ -46.798978649488944, -23.659962883791206 ], [ -46.798961080002648, -23.659968415263751 ], [ -46.798647199599984, -23.660011970119026 ], [ -46.798529683750665, -23.660020648205414 ], [ -46.798351108416298, -23.660044572605962 ], [ -46.798134315221397, -23.660069482092098 ], [ -46.798045065840988, -23.660073497558248 ], [ -46.797878772841166, -23.660099536307889 ], [ -46.797662360619739, -23.660137985195213 ], [ -46.797608672246589, -23.660147457115116 ], [ -46.79759326388686, -23.660081629131927 ], [ -46.797569293578007, -23.659999015027918 ], [ -46.797540049104406, -23.659917816549829 ], [ -46.797505632190742, -23.659838303403717 ], [ -46.797465953471828, -23.659761108697978 ], [ -46.797421402537907, -23.659686047316054 ], [ -46.797371986800179, -23.659613660946565 ], [ -46.797297718087862, -23.659523142342305 ], [ -46.797266495248309, -23.659490817156126 ], [ -46.797247406484033, -23.659471263625488 ], [ -46.7968041857958, -23.659016884721318 ], [ -46.796646793873087, -23.658854911780395 ], [ -46.796331976095523, -23.658535570869716 ], [ -46.796215776600221, -23.658418087588252 ], [ -46.796175894607835, -23.658368977068125 ], [ -46.796139023887875, -23.65831784510759 ], [ -46.796108557281777, -23.658269076914532 ], [ -46.79604987654524, -23.658300548195648 ], [ -46.795741483714565, -23.658358119679381 ], [ -46.795484618489539, -23.658405973568335 ], [ -46.795375363205935, -23.658452387756821 ], [ -46.794823126460493, -23.658700328538359 ], [ -46.794669895512342, -23.658785537367184 ], [ -46.794437473863724, -23.658871934017853 ], [ -46.794247733121381, -23.658946819943452 ], [ -46.794204637531259, -23.658971066959019 ], [ -46.794184867170301, -23.658987729861614 ], [ -46.794153443010643, -23.65901960723269 ], [ -46.794189431122831, -23.659135402291479 ], [ -46.794199953197186, -23.659252756361713 ], [ -46.794207349117677, -23.659327797512216 ], [ -46.794248193798367, -23.659425928471858 ], [ -46.794327216834652, -23.659520186049946 ], [ -46.79438059514252, -23.659602911699352 ], [ -46.794388912957693, -23.659652117325944 ], [ -46.794389842049455, -23.659720190210248 ], [ -46.794376611073496, -23.659777862368916 ], [ -46.7943417363905, -23.659837049316387 ], [ -46.794186525869804, -23.66004309752762 ], [ -46.794121487244666, -23.660133153957183 ], [ -46.794087675175582, -23.6601840212629 ], [ -46.794059105853663, -23.660238349427697 ], [ -46.794040665869069, -23.660287864883877 ], [ -46.794039270678248, -23.660372398668901 ] ] ] } },
{ "type": "Feature", "properties": { "nome": "SANTA TEREZA", "codigo": 11, "regiao": "LESTE", "populacao_2010": 19694, "mulheres_2010": 10261, "homens_2010": 9433, "domicilios": 6066, "populacao_2015": 20768, "area_km2": 0.9, "densidade_2015": 23075.33, "fonte_cartografica": "Base oficial de Limites Administrativos de Embu das Artes", "crs_origem": "SIRGAS 2000 / UTM zone 23S (EPSG:31983)", "status_geometria": "oficial", "nota_demografica": "Atributos populacionais da base referem-se principalmente a 2010 e 2015; não devem ser apresentados como dados atuais." }, "geometry": { "type": "Polygon", "coordinates": [ [ [ -46.797757761430283, -23.647884899935566 ], [ -46.797810856645484, -23.647911282833913 ], [ -46.797821681534778, -23.647914407964343 ], [ -46.79783269502974, -23.647916989126799 ], [ -46.797843897130214, -23.647919026321251 ], [ -46.797855089359736, -23.647920341256452 ], [ -46.797866468960564, -23.647921021941304 ], [ -46.797877839923984, -23.647921070649186 ], [ -46.797889202249848, -23.647920487380119 ], [ -46.797900457933693, -23.647919273270801 ], [ -46.797911704979661, -23.64791742718457 ], [ -46.797922747379062, -23.647914951394895 ], [ -46.798113424778521, -23.647866868980138 ], [ -46.798371795513027, -23.647801657315011 ], [ -46.798387229564774, -23.647797776093778 ], [ -46.798402871966573, -23.647794795419781 ], [ -46.798418625948855, -23.647792806712292 ], [ -46.798434588281808, -23.6477917185519 ], [ -46.798450562957463, -23.647791533212644 ], [ -46.798466453206323, -23.647792342113874 ], [ -46.798482355798548, -23.647794053836197 ], [ -46.798497977956409, -23.647796762073146 ], [ -46.798513514454164, -23.647800374268304 ], [ -46.798528671279712, -23.647804893832994 ], [ -46.798750739237533, -23.647887647376699 ], [ -46.799086014743835, -23.648027327999543 ], [ -46.799159731450438, -23.648063584293816 ], [ -46.799194429792614, -23.648085033323095 ], [ -46.799225607398796, -23.648107064989443 ], [ -46.799255141169091, -23.648130741067877 ], [ -46.799300495982898, -23.648171660731357 ], [ -46.799342734442895, -23.648214061299729 ], [ -46.799382646758197, -23.64825838508543 ], [ -46.799419840910566, -23.648304636641029 ], [ -46.799511068284765, -23.648424304089986 ], [ -46.799681348335447, -23.648647797661724 ], [ -46.799941364427575, -23.648974992990787 ], [ -46.799569711372975, -23.649221573881121 ], [ -46.799588294825398, -23.649247273236512 ], [ -46.799915234090307, -23.649672837127238 ], [ -46.800294300004431, -23.650161182916563 ], [ -46.800543103630517, -23.650485256513491 ], [ -46.800524552187397, -23.650504885764938 ], [ -46.800504711829362, -23.650523446428931 ], [ -46.800483679326476, -23.650540847084429 ], [ -46.800461452207074, -23.6505569071666 ], [ -46.800441725043328, -23.650569416642799 ], [ -46.800421000513033, -23.65058067355092 ], [ -46.800399470921285, -23.650590404767303 ], [ -46.800270869448219, -23.650662239493915 ], [ -46.800264644009815, -23.650665743069112 ], [ -46.8002587175325, -23.650669604357692 ], [ -46.80025309001627, -23.650673823359714 ], [ -46.800247760225396, -23.650678309793054 ], [ -46.800242729395585, -23.65068315393988 ], [ -46.800238094297356, -23.65068826437976 ], [ -46.800233758160189, -23.650693732533203 ], [ -46.800222494087492, -23.650708671988905 ], [ -46.800101495559446, -23.650877667619341 ], [ -46.800097658091779, -23.650883762053475 ], [ -46.800094117114099, -23.650890033637165 ], [ -46.800091069874782, -23.650896570376101 ], [ -46.800088515138285, -23.650903281988139 ], [ -46.800086354898291, -23.650910169611542 ], [ -46.800084684690013, -23.650917051543782 ], [ -46.800083604991144, -23.650924107210958 ], [ -46.800082917317773, -23.650931158325214 ], [ -46.800082720911959, -23.650938294030446 ], [ -46.800083013302576, -23.65094533376239 ], [ -46.800083894967322, -23.650952456947103 ], [ -46.800085166186634, -23.650959395014539 ], [ -46.800086927438208, -23.650966327390794 ], [ -46.800089177486498, -23.65097316379368 ], [ -46.800091915095962, -23.650979813941014 ], [ -46.800095140266656, -23.650986277832757 ], [ -46.800098754992185, -23.650992556607118 ], [ -46.800102856043416, -23.650998558843682 ], [ -46.800107248643108, -23.65100437710106 ], [ -46.800112126332905, -23.651009828538392 ], [ -46.800117393577658, -23.65101509485822 ], [ -46.800122949899631, -23.651019996634428 ], [ -46.800162634395249, -23.651054751366061 ], [ -46.800199898405971, -23.651091701315497 ], [ -46.800234544683057, -23.65113075847901 ], [ -46.800258739644825, -23.65115819848139 ], [ -46.800280798244422, -23.651187108037657 ], [ -46.80030081478057, -23.651217215163992 ], [ -46.800318594475087, -23.651248612420119 ], [ -46.800334129912166, -23.651280758114005 ], [ -46.800347328027144, -23.651314014513392 ], [ -46.80035818387536, -23.651348020490381 ], [ -46.800444640959832, -23.651698991922824 ], [ -46.800525796657475, -23.652042169062774 ], [ -46.800539503994507, -23.652091131108815 ], [ -46.800557216044929, -23.65213905336751 ], [ -46.800569170610032, -23.652160224456086 ], [ -46.800582582928342, -23.652180475643252 ], [ -46.800597359937086, -23.652200169195659 ], [ -46.80061339744902, -23.652218854840978 ], [ -46.80063069670036, -23.652236622860887 ], [ -46.80064915844774, -23.652253384111514 ], [ -46.800668682211601, -23.652268959166879 ], [ -46.800689269227803, -23.652283438308704 ], [ -46.800710722245277, -23.652296733531859 ], [ -46.800733136798748, -23.652308663133045 ], [ -46.800753281116087, -23.652319445253809 ], [ -46.800772654975262, -23.65233122958475 ], [ -46.800791259612701, -23.652344106408261 ], [ -46.800809093792509, -23.652357985442475 ], [ -46.80082586225641, -23.652372779821867 ], [ -46.800841761019299, -23.652388487269196 ], [ -46.800874988764441, -23.6524241294738 ], [ -46.800851152879879, -23.652480209649802 ], [ -46.800730260388647, -23.652649836620618 ], [ -46.800604726812352, -23.652788365145931 ], [ -46.800704647952081, -23.652955607153622 ], [ -46.800724273803112, -23.653143286071884 ], [ -46.80076005159799, -23.653272084610762 ], [ -46.800624892383915, -23.653645495816832 ], [ -46.800488033843337, -23.653801763671943 ], [ -46.800828905619952, -23.653990947327411 ], [ -46.800861619705707, -23.654010522708937 ], [ -46.802718223953072, -23.655106445865616 ], [ -46.803185575598782, -23.655325756377692 ], [ -46.803206187719113, -23.655313416832087 ], [ -46.803230149490204, -23.655302302457155 ], [ -46.803259644357198, -23.655294374364683 ], [ -46.803284891183146, -23.655291191108031 ], [ -46.803309686541752, -23.655283678875715 ], [ -46.803332410279403, -23.655268064074022 ], [ -46.803352007614421, -23.655253208020618 ], [ -46.803375540179488, -23.655239389728127 ], [ -46.803398683178081, -23.655225756558306 ], [ -46.803421240591604, -23.655212310792404 ], [ -46.803442939635119, -23.655193457231309 ], [ -46.803466335593448, -23.655183974740435 ], [ -46.803492299603093, -23.655175907102276 ], [ -46.803521484107982, -23.655173942132791 ], [ -46.803548534693846, -23.655173627326199 ], [ -46.803578528036766, -23.655173458859846 ], [ -46.803608766929152, -23.655176899383751 ], [ -46.803616825986431, -23.655178430925034 ], [ -46.803635894288931, -23.65518218204171 ], [ -46.803665011557683, -23.655189608647436 ], [ -46.803689235790507, -23.655197633974211 ], [ -46.80371817933672, -23.655206687925631 ], [ -46.803744423205252, -23.65521902396144 ], [ -46.803769602773649, -23.655225232229103 ], [ -46.803831189479716, -23.655241491106203 ], [ -46.803851820992392, -23.655244862814961 ], [ -46.80387629327948, -23.655256677670138 ], [ -46.803899544872216, -23.655265256062169 ], [ -46.803925952585388, -23.655275242453865 ], [ -46.803952198962087, -23.655287759016176 ], [ -46.803976063392042, -23.655298136189092 ], [ -46.80400114109564, -23.655311208124662 ], [ -46.804024223934832, -23.655321774980703 ], [ -46.80404555747036, -23.655333445752802 ], [ -46.804069248191198, -23.655345450266598 ], [ -46.804090633756424, -23.655360912872123 ], [ -46.804114999247744, -23.655379230266011 ], [ -46.804140518563955, -23.655395908889371 ], [ -46.804163045576729, -23.655408829898512 ], [ -46.804182689287956, -23.655425938102358 ], [ -46.804204851523188, -23.655440849870736 ], [ -46.80422585499096, -23.655457039274843 ], [ -46.804265517144771, -23.655489987150798 ], [ -46.804313059365519, -23.655361393451358 ], [ -46.804437347187104, -23.655010770485422 ], [ -46.804730170218392, -23.654162458127775 ], [ -46.804735196168345, -23.654150119301061 ], [ -46.804748620130844, -23.654121158452202 ], [ -46.804763819391837, -23.654092989595483 ], [ -46.804780793950385, -23.654065612730442 ], [ -46.804799449514249, -23.654039299843575 ], [ -46.804819685596236, -23.654013871511903 ], [ -46.804876835635696, -23.653942594238753 ], [ -46.804904335698424, -23.653903627150576 ], [ -46.804929172173196, -23.65386342693046 ], [ -46.8049513438228, -23.653821903297708 ], [ -46.804970755119285, -23.653779237958524 ], [ -46.804980877695058, -23.653752572949905 ], [ -46.804989229923557, -23.653725477077614 ], [ -46.804995712558458, -23.653697861201476 ], [ -46.805000427326554, -23.653669995025798 ], [ -46.805003178212658, -23.653641880833636 ], [ -46.805004942159563, -23.65357756931369 ], [ -46.80500141367218, -23.653513319432019 ], [ -46.804995619504446, -23.653469683496979 ], [ -46.804986507939468, -23.653427169752948 ], [ -46.804945152561103, -23.653263673273621 ], [ -46.804748534757763, -23.65261492643668 ], [ -46.804700181009345, -23.652427131330708 ], [ -46.80484772828482, -23.652400220514323 ], [ -46.804902500823083, -23.652391456001073 ], [ -46.804957703791843, -23.652385485642263 ], [ -46.805013239187346, -23.652382310578652 ], [ -46.805054703671004, -23.652382369447366 ], [ -46.805096109799109, -23.652385318466997 ], [ -46.80510809146125, -23.652386984845744 ], [ -46.805119787776086, -23.652389286621222 ], [ -46.805131395997364, -23.652392311792404 ], [ -46.805142720110844, -23.652396062642296 ], [ -46.805153760116703, -23.652400539170923 ], [ -46.805164513536738, -23.652405560814564 ], [ -46.805174884842202, -23.65241130927858 ], [ -46.805184773547616, -23.652417605140776 ], [ -46.80519417965305, -23.652424448401248 ], [ -46.805203104397762, -23.652431929341962 ], [ -46.805211545303386, -23.652439867399199 ], [ -46.805219107862492, -23.652448086575482 ], [ -46.805233137554389, -23.65246327353746 ], [ -46.80524833218356, -23.652477634262222 ], [ -46.805264395249701, -23.652490991610385 ], [ -46.805281424759954, -23.652503344440085 ], [ -46.805299223460288, -23.652514604752355 ], [ -46.805317890596989, -23.652524861687183 ], [ -46.805337130908605, -23.652534028387308 ], [ -46.805357039923393, -23.652541923147144 ], [ -46.805377519633531, -23.652548547108079 ], [ -46.805501185803635, -23.652581419116459 ], [ -46.805518683164962, -23.652585007726195 ], [ -46.805536361668352, -23.652587510667974 ], [ -46.805554123306031, -23.652588929083542 ], [ -46.805572068563862, -23.652589442394813 ], [ -46.805589898461506, -23.65258869289968 ], [ -46.805607715963788, -23.652587040583867 ], [ -46.805625322576667, -23.652584307167267 ], [ -46.805642718299737, -23.652580492650003 ], [ -46.805659807604343, -23.652575778737706 ], [ -46.805676588011089, -23.652569984866787 ], [ -46.805732516957477, -23.652545495030068 ], [ -46.805846163708019, -23.652498300381765 ], [ -46.806002999382891, -23.652441121285047 ], [ -46.806111739257126, -23.652407798960489 ], [ -46.806186853831136, -23.652388503166854 ], [ -46.806445338684867, -23.652331312858308 ], [ -46.806728003736893, -23.652271853738611 ], [ -46.806798623419823, -23.652260736718063 ], [ -46.806869981232225, -23.652253403503824 ], [ -46.806941589625758, -23.652250040371211 ], [ -46.807013348118979, -23.65225046789859 ], [ -46.807055890600438, -23.652250513664747 ], [ -46.807098464093677, -23.652252816464063 ], [ -46.807140679053987, -23.652257561430982 ], [ -46.80718253424314, -23.652264658283858 ], [ -46.807233275818334, -23.652276437207192 ], [ -46.807268019926575, -23.652286777323766 ], [ -46.807428337150981, -23.652340349721147 ], [ -46.807595213504484, -23.65238617026715 ], [ -46.80782994313887, -23.652433546875979 ], [ -46.807784180873412, -23.652341888204894 ], [ -46.807778142817753, -23.652323357608953 ], [ -46.80773219168568, -23.652132375259924 ], [ -46.807727571606549, -23.652102902277132 ], [ -46.807724910425655, -23.652073316149995 ], [ -46.807724108894007, -23.652043527740005 ], [ -46.80772536798758, -23.652013895888114 ], [ -46.807728587216381, -23.651984241173963 ], [ -46.807813568104855, -23.652062349471656 ], [ -46.807900732548546, -23.652142418763479 ], [ -46.808246590825362, -23.652394464101974 ], [ -46.808342040361516, -23.652463962094192 ], [ -46.808372323499029, -23.652484918662029 ], [ -46.808989143889818, -23.65291692108211 ], [ -46.809101738442585, -23.652928699776034 ], [ -46.809307449855524, -23.652932980327755 ], [ -46.809490730109481, -23.652874315179186 ], [ -46.809776336578821, -23.652907550321387 ], [ -46.810188359290755, -23.652952581994928 ], [ -46.81028651785531, -23.652998028297958 ], [ -46.810466022662588, -23.653192054696142 ], [ -46.810738554630497, -23.653065887494915 ], [ -46.810952833185951, -23.653137065472087 ], [ -46.810974493465423, -23.653030082363138 ], [ -46.811112781390754, -23.652971489568749 ], [ -46.811319479518858, -23.652833900724278 ], [ -46.811387300363386, -23.65271211129857 ], [ -46.811243720842334, -23.652379332509046 ], [ -46.811025362166447, -23.652232444103024 ], [ -46.810488086454406, -23.65248775797593 ], [ -46.810065577011734, -23.652663533303976 ], [ -46.809869473930775, -23.651890089113877 ], [ -46.809666111844095, -23.65170735655548 ], [ -46.809488703522973, -23.651679720427484 ], [ -46.809429747846011, -23.651576748693419 ], [ -46.809400022543841, -23.651525085112354 ], [ -46.809359063127964, -23.65143346116259 ], [ -46.809342287242494, -23.651389682757017 ], [ -46.809342385248726, -23.651389681612912 ], [ -46.809324016326443, -23.651336982478352 ], [ -46.809284113662201, -23.651222410931794 ], [ -46.809279372603157, -23.651169913890346 ], [ -46.809274619023647, -23.651109380632995 ], [ -46.809269575158318, -23.651049121652001 ], [ -46.80926488120366, -23.650992921914511 ], [ -46.809258248249144, -23.650938279845775 ], [ -46.809252187296579, -23.65088959064828 ], [ -46.809248327498416, -23.650865526618528 ], [ -46.809245607964748, -23.650853097488024 ], [ -46.80924009179855, -23.650815508362506 ], [ -46.809231739472295, -23.650764137023813 ], [ -46.809228391860799, -23.650727425545977 ], [ -46.809224103730472, -23.650679347724811 ], [ -46.80902710221541, -23.650381592842045 ], [ -46.809015112107581, -23.650386428185545 ], [ -46.808959040627172, -23.650393313040713 ], [ -46.808957667221868, -23.650386105372505 ], [ -46.808955903036406, -23.650378992561219 ], [ -46.808953650065334, -23.650371975750687 ], [ -46.808951007555876, -23.650365144078783 ], [ -46.808947877502604, -23.650358498689297 ], [ -46.808944258663907, -23.650351949300468 ], [ -46.808785015464515, -23.650084092902766 ], [ -46.808537933287354, -23.649551519408526 ], [ -46.808389153142166, -23.649210400449782 ], [ -46.80838079901141, -23.649187382076558 ], [ -46.808374204002398, -23.649163981994555 ], [ -46.808369366873052, -23.649140109922307 ], [ -46.808366291346118, -23.649116036705284 ], [ -46.808365076666377, -23.649091851482105 ], [ -46.808365654567609, -23.64906258875558 ], [ -46.808368391051133, -23.649033481438138 ], [ -46.808374478255757, -23.648998556069124 ], [ -46.808499703427081, -23.648546155606216 ], [ -46.808500967496769, -23.648538285084285 ], [ -46.808501740304344, -23.648530329997808 ], [ -46.808501827082857, -23.648522382915409 ], [ -46.808501422599434, -23.648514351268439 ], [ -46.808500432573801, -23.648506507045632 ], [ -46.808498952527671, -23.648498668540007 ], [ -46.808496983702383, -23.64849092603329 ], [ -46.808494328848546, -23.648483191530573 ], [ -46.808491286943564, -23.648475822728606 ], [ -46.808487659496784, -23.648468641350661 ], [ -46.808483642516478, -23.648461645109847 ], [ -46.808479039994502, -23.648454836292981 ], [ -46.808474050421552, -23.648448393176711 ], [ -46.80846857331111, -23.648442136340851 ], [ -46.808462709149715, -23.648436245205538 ], [ -46.808452382674567, -23.648426613688887 ], [ -46.808254343961487, -23.648252665766062 ], [ -46.808167628685851, -23.648176564316397 ], [ -46.808085657375059, -23.648096163552335 ], [ -46.80796859069217, -23.64795838246841 ], [ -46.80787553894789, -23.647849125710543 ], [ -46.807380925020254, -23.647299210181714 ], [ -46.807227694246542, -23.647126002471428 ], [ -46.806950472136627, -23.646810217333332 ], [ -46.806907592918328, -23.64677839107112 ], [ -46.806874728536222, -23.646762069326083 ], [ -46.806846645182155, -23.646751290218464 ], [ -46.806809792454132, -23.646737182058494 ], [ -46.806889376660884, -23.646579680604454 ], [ -46.806894233439543, -23.646569330212113 ], [ -46.806899877959737, -23.64655924152656 ], [ -46.806906017453066, -23.646549508256584 ], [ -46.806912847924949, -23.646540128117469 ], [ -46.806920271372562, -23.646531102251469 ], [ -46.806928289035866, -23.646522520940387 ], [ -46.806936706149401, -23.646514476750696 ], [ -46.8069455227132, -23.64650696968236 ], [ -46.806851890355809, -23.646312479232151 ], [ -46.806834062788269, -23.6462776520499 ], [ -46.806813898049228, -23.64624393566196 ], [ -46.806791398619715, -23.646211510631087 ], [ -46.806766858508141, -23.646180373529479 ], [ -46.806740182192414, -23.646150706062159 ], [ -46.806711568157596, -23.646122686507372 ], [ -46.806681114406139, -23.646096313721841 ], [ -46.806648921419949, -23.646071767126166 ], [ -46.806615186443139, -23.646049134716847 ], [ -46.806579910714632, -23.646028506774897 ], [ -46.806543290238181, -23.646009881015114 ], [ -46.806505523496746, -23.645993435716303 ], [ -46.80646680525377, -23.645979078311747 ], [ -46.806433534173259, -23.645968811053471 ], [ -46.8063997953995, -23.64596017457194 ], [ -46.806365591410575, -23.645953349430759 ], [ -46.806330923444698, -23.645948425911559 ], [ -46.806068846909369, -23.645921591389452 ], [ -46.806038505934019, -23.645917700948051 ], [ -46.805989277867027, -23.645908883645269 ], [ -46.805940795404787, -23.645897258453118 ], [ -46.805893155313328, -23.64588273394849 ], [ -46.805846652841844, -23.64586539698897 ], [ -46.805801387234581, -23.645845336715759 ], [ -46.805473242472488, -23.645675338341633 ], [ -46.804282916893563, -23.644996623504039 ], [ -46.80403193987982, -23.644849832857538 ], [ -46.803504300424265, -23.644541469558927 ], [ -46.803463987644683, -23.644525143391558 ], [ -46.802828671461647, -23.644269860413875 ], [ -46.802215337377561, -23.644037796251833 ], [ -46.802162621707481, -23.643974659726304 ], [ -46.80200444593342, -23.64379744038871 ], [ -46.801987201186634, -23.643776421151067 ], [ -46.801869169346489, -23.643646140710196 ], [ -46.801258206761652, -23.643880516906581 ], [ -46.800709351115373, -23.64409096319708 ], [ -46.800406208206738, -23.644207264417375 ], [ -46.800149282722849, -23.644305872059313 ], [ -46.799636987435122, -23.644502255389025 ], [ -46.799430665541649, -23.64458140245836 ], [ -46.797732301556366, -23.645232821862962 ], [ -46.797824445285528, -23.645455688966159 ], [ -46.797825909153389, -23.64545522050615 ], [ -46.798159230299227, -23.646255626613275 ], [ -46.798178043586304, -23.646283851820453 ], [ -46.798183912148055, -23.646290104509774 ], [ -46.798190170254458, -23.646296172086927 ], [ -46.798196812969358, -23.646301693422629 ], [ -46.798203940763869, -23.646306847944636 ], [ -46.798211259628808, -23.646311639063363 ], [ -46.798360771624829, -23.646428825291427 ], [ -46.798367028511777, -23.646434802578128 ], [ -46.798372897089244, -23.646441055259231 ], [ -46.798378378591408, -23.646447673617029 ], [ -46.79838698211654, -23.646460395925132 ], [ -46.798391807218692, -23.646469189016145 ], [ -46.798395244232651, -23.64647682435459 ], [ -46.798411328027775, -23.646828794543101 ], [ -46.798419651096587, -23.646914208870673 ], [ -46.79842780337853, -23.64695844992513 ], [ -46.798444943606356, -23.647000509880769 ], [ -46.798470364779661, -23.647038861894554 ], [ -46.798538934470542, -23.64710019039844 ], [ -46.79861870233858, -23.647184775755601 ], [ -46.798421738538686, -23.647346524799431 ], [ -46.798147703269017, -23.64756361652211 ], [ -46.798003285205674, -23.647682948204032 ], [ -46.797952590519287, -23.647724621172941 ], [ -46.797757761430283, -23.647884899935566 ] ] ] } },
{ "type": "Feature", "properties": { "nome": "TOME", "codigo": 16, "regiao": "OESTE", "populacao_2010": 6639, "mulheres_2010": 3358, "homens_2010": 3281, "domicilios": 2005, "populacao_2015": 7558, "area_km2": 5.92, "densidade_2015": 1275.94, "fonte_cartografica": "Base oficial de Limites Administrativos de Embu das Artes", "crs_origem": "SIRGAS 2000 / UTM zone 23S (EPSG:31983)", "status_geometria": "oficial", "nota_demografica": "Atributos populacionais da base referem-se principalmente a 2010 e 2015; não devem ser apresentados como dados atuais." }, "geometry": { "type": "Polygon", "coordinates": [ [ [ -46.836034505794622, -23.626049238293675 ], [ -46.836153938947966, -23.626377312991849 ], [ -46.836280510684205, -23.6267463875114 ], [ -46.836396012835593, -23.627024394457695 ], [ -46.836575319513415, -23.627513479088222 ], [ -46.836647406179829, -23.627650867945881 ], [ -46.83672170145632, -23.627714730069627 ], [ -46.836831213236195, -23.62778097427482 ], [ -46.836936754727013, -23.627794442553718 ], [ -46.837064350117828, -23.627787062188336 ], [ -46.837146934581028, -23.627756647726489 ], [ -46.837381212419785, -23.627612740861441 ], [ -46.837486057088448, -23.627576283626727 ], [ -46.837663797204812, -23.627587631966964 ], [ -46.837828280062404, -23.627625142276088 ], [ -46.838225445960965, -23.627720483249597 ], [ -46.83831580934941, -23.627783973548528 ], [ -46.838384434618597, -23.627897925703916 ], [ -46.838395310490462, -23.627988995193967 ], [ -46.838386817003958, -23.628068555849318 ], [ -46.83834050205401, -23.628183779995663 ], [ -46.838207384575696, -23.628476560471231 ], [ -46.838183206351815, -23.628576894364809 ], [ -46.838179762005431, -23.629018118699612 ], [ -46.838195003713594, -23.629197264797035 ], [ -46.838226236145573, -23.629370532755761 ], [ -46.838307928497954, -23.629507806826918 ], [ -46.838394962868151, -23.629571426755227 ], [ -46.838478492310763, -23.629608631617884 ], [ -46.838614639833231, -23.62960999746976 ], [ -46.838619428657957, -23.629609037746565 ], [ -46.83874941119408, -23.629575983715593 ], [ -46.839032001540616, -23.629466807046153 ], [ -46.839075387276544, -23.629457624252193 ], [ -46.839103237008956, -23.629451786005298 ], [ -46.839171931069743, -23.629437246545496 ], [ -46.8393122512189, -23.629407590993786 ], [ -46.83947185929798, -23.629411657631984 ], [ -46.83959970193574, -23.629421879775013 ], [ -46.839709037773588, -23.629482344970452 ], [ -46.840197398677233, -23.629700032535702 ], [ -46.840717856043881, -23.629935125733461 ], [ -46.840817480870186, -23.629980896912219 ], [ -46.841042951358276, -23.630125311766157 ], [ -46.841178069243746, -23.630200187949761 ], [ -46.841274355491528, -23.63023146090206 ], [ -46.841331997357159, -23.63023953522028 ], [ -46.841411801857383, -23.630241567486639 ], [ -46.841545726683613, -23.630231128431529 ], [ -46.84176889466719, -23.630210870875914 ], [ -46.842010938657758, -23.630166821749196 ], [ -46.842147685134762, -23.630126912404307 ], [ -46.842325552215556, -23.630063037719761 ], [ -46.842478065920226, -23.630008312965067 ], [ -46.842564586107933, -23.629993018466692 ], [ -46.842650932914971, -23.629993347062886 ], [ -46.842710528864515, -23.629993993441346 ], [ -46.842771671722666, -23.630000129428666 ], [ -46.842824051802587, -23.630017385531623 ], [ -46.842897358369072, -23.630045318690296 ], [ -46.842955091016954, -23.630087884114495 ], [ -46.843034521488626, -23.630245227834102 ], [ -46.843192914163936, -23.630512425378718 ], [ -46.843245786026792, -23.630606787619818 ], [ -46.843332954108973, -23.630700742219922 ], [ -46.843559317763898, -23.630915663156795 ], [ -46.843715995366331, -23.631060259525174 ], [ -46.843798950549939, -23.631154263908719 ], [ -46.843900727565668, -23.63137454806126 ], [ -46.844007236298644, -23.631610758115752 ], [ -46.844080762430011, -23.631962125459594 ], [ -46.844216780344873, -23.632779575753602 ], [ -46.844222299156073, -23.632858699004508 ], [ -46.844201849207344, -23.632938040776221 ], [ -46.844160205492138, -23.633029643834025 ], [ -46.844007514984028, -23.633169882016812 ], [ -46.843795310875599, -23.633350467241982 ], [ -46.843740828676069, -23.633442132549149 ], [ -46.84368950175233, -23.63357014929295 ], [ -46.843697837488826, -23.633724454978967 ], [ -46.843785464023028, -23.633871948768469 ], [ -46.843874461842823, -23.633956400150204 ], [ -46.844324639519428, -23.634217237017644 ], [ -46.844428939879464, -23.634316585345182 ], [ -46.844709173114637, -23.634591361132347 ], [ -46.844851238303505, -23.634636985759858 ], [ -46.845095517411295, -23.634640038947886 ], [ -46.845410810378013, -23.634654075345644 ], [ -46.845726653029594, -23.634721288378888 ], [ -46.846126514027077, -23.634811248153838 ], [ -46.846308086035485, -23.634927373019082 ], [ -46.846348023315933, -23.635021617066027 ], [ -46.846382738084664, -23.635204683353699 ], [ -46.846411414017751, -23.635411388546466 ], [ -46.846445283787801, -23.635541190765238 ], [ -46.846563254662868, -23.635699608296953 ], [ -46.84689527330827, -23.635997420336935 ], [ -46.846980604342541, -23.636120649991827 ], [ -46.847161242677728, -23.636435433938789 ], [ -46.847055732250418, -23.636557415250579 ], [ -46.84688090044223, -23.636768169550727 ], [ -46.846821336319806, -23.636839850894621 ], [ -46.846669584998807, -23.637061075202705 ], [ -46.846610927100976, -23.637127508569737 ], [ -46.846574126549697, -23.637159098617079 ], [ -46.846180076271629, -23.637609667816147 ], [ -46.846019107596007, -23.637851678883699 ], [ -46.845866270611779, -23.638093502708447 ], [ -46.845787150953527, -23.638273409412442 ], [ -46.845578371814426, -23.638433008036532 ], [ -46.845428158076139, -23.638582428391114 ], [ -46.845281755446059, -23.638717085159165 ], [ -46.845216657712783, -23.638834611424677 ], [ -46.845212427515222, -23.638917372069184 ], [ -46.845198627801381, -23.639072572962171 ], [ -46.845161757971439, -23.639302000074981 ], [ -46.845047638603852, -23.639579209601738 ], [ -46.844893875946021, -23.639895085600017 ], [ -46.844869498989922, -23.640309559232449 ], [ -46.844922887233622, -23.64039840638991 ], [ -46.845017601875128, -23.64047077951891 ], [ -46.845216172615721, -23.640519523423755 ], [ -46.845428382429311, -23.640555373121838 ], [ -46.84557420075059, -23.640553637432987 ], [ -46.845795229264063, -23.640477506075715 ], [ -46.845858237517973, -23.64041363971123 ], [ -46.845887712199605, -23.640383762320589 ], [ -46.845889574248496, -23.640271954877996 ], [ -46.845902091074848, -23.64017907283985 ], [ -46.845929160784436, -23.640124483231805 ], [ -46.846011380741281, -23.640046753532342 ], [ -46.846103594728476, -23.639933870318586 ], [ -46.846125961910886, -23.639802585881714 ], [ -46.846106778969599, -23.639671796170724 ], [ -46.846046172196395, -23.639557481884868 ], [ -46.846048571131064, -23.63948395314819 ], [ -46.846061859567399, -23.639439098880569 ], [ -46.846102969316817, -23.639400234012989 ], [ -46.846154745648654, -23.639374154322972 ], [ -46.84621021096978, -23.63937349389537 ], [ -46.84628356656237, -23.639404494569067 ], [ -46.846326424211291, -23.639490215995718 ], [ -46.846346315183276, -23.639559686906654 ], [ -46.846476369070729, -23.639635972472519 ], [ -46.84671826289415, -23.639747766249716 ], [ -46.846848029551808, -23.639803557932115 ], [ -46.846902126412232, -23.639852034039954 ], [ -46.846943373178625, -23.639941657138145 ], [ -46.847003530196424, -23.640100672409822 ], [ -46.847057628507628, -23.640149238730302 ], [ -46.847120488190114, -23.640193547081605 ], [ -46.847187568048412, -23.640217308159762 ], [ -46.847285540253473, -23.64022842102359 ], [ -46.847356783228982, -23.640227572183999 ], [ -46.847436501076693, -23.640202062090186 ], [ -46.847475948888565, -23.64015653484276 ], [ -46.847492707618706, -23.640086627411542 ], [ -46.847460626063388, -23.640021545809532 ], [ -46.847335267498337, -23.639965611849906 ], [ -46.847268015393091, -23.639929572761034 ], [ -46.847240612872255, -23.63987662518381 ], [ -46.847262225476683, -23.639831310479003 ], [ -46.847315460689046, -23.639818396094935 ], [ -46.847413547934757, -23.639837724367453 ], [ -46.847878599883501, -23.640004194451937 ], [ -46.847914904185636, -23.640048909257086 ], [ -46.847956242857514, -23.640005436145668 ], [ -46.848058806203326, -23.640050354421817 ], [ -46.848367121387177, -23.640187719921339 ], [ -46.84842964980821, -23.64022237010559 ], [ -46.848554380810008, -23.640268468473181 ], [ -46.848701571294647, -23.640329558785361 ], [ -46.848823045457479, -23.64038102316146 ], [ -46.848889303322288, -23.640409037145744 ], [ -46.848945503474397, -23.64043274658923 ], [ -46.849293341642245, -23.640578668309587 ], [ -46.849330161120939, -23.640555384520859 ], [ -46.850170621773188, -23.640883331199053 ], [ -46.850312853920116, -23.640982041746682 ], [ -46.85041136510695, -23.641031431189266 ], [ -46.850512303654121, -23.641072213579129 ], [ -46.850583078902474, -23.641100804946703 ], [ -46.850593836680865, -23.641106094233201 ], [ -46.850726573727876, -23.64117078624253 ], [ -46.851042381976242, -23.641324851521496 ], [ -46.851174388617252, -23.641400296931288 ], [ -46.85122177241103, -23.6414242913606 ], [ -46.851587514720357, -23.641609362416055 ], [ -46.851794936563941, -23.641611219236012 ], [ -46.851832233654093, -23.641726351134601 ], [ -46.851929830606096, -23.6418430201152 ], [ -46.852240944680752, -23.64197673222867 ], [ -46.852504151678801, -23.642104966374699 ], [ -46.852616741582786, -23.642158700837335 ], [ -46.852736629737102, -23.642333975082767 ], [ -46.852880173630297, -23.642685673390936 ], [ -46.853107277617156, -23.642908786215511 ], [ -46.853387690564965, -23.643131080773994 ], [ -46.853549835735215, -23.643286255120731 ], [ -46.854156616755631, -23.643966051804821 ], [ -46.854547156841086, -23.644442380270458 ], [ -46.854732150191992, -23.644695430206713 ], [ -46.854824283094722, -23.644771800725387 ], [ -46.855063147462367, -23.644966507327617 ], [ -46.855141223580731, -23.645033023136623 ], [ -46.855213977304906, -23.64510438821566 ], [ -46.855233396480379, -23.645126097421343 ], [ -46.855251261681659, -23.645148818463266 ], [ -46.855267473636225, -23.645172462235418 ], [ -46.855282034889875, -23.645197209297194 ], [ -46.85529494034953, -23.645222698531356 ], [ -46.855306090742189, -23.645248840831815 ], [ -46.85531425533091, -23.645271768257793 ], [ -46.855320956301092, -23.645295164673534 ], [ -46.855326387104093, -23.645318847174604 ], [ -46.855332957085928, -23.645360755564713 ], [ -46.855336200191282, -23.64540306495034 ], [ -46.855334026785663, -23.645478306422632 ], [ -46.855391868218163, -23.645513912595813 ], [ -46.856174597534817, -23.645394021620408 ], [ -46.857232873442562, -23.645227394076439 ], [ -46.858579319898148, -23.645012789534995 ], [ -46.858622512289877, -23.644982745364832 ], [ -46.858566474736847, -23.644894477072288 ], [ -46.858523898783289, -23.644808575614952 ], [ -46.858474696845605, -23.644711557051128 ], [ -46.858409996020114, -23.644572014935608 ], [ -46.858398878567712, -23.644423342754731 ], [ -46.858430313201893, -23.64410910197882 ], [ -46.858507310289092, -23.643835489310487 ], [ -46.858638944661735, -23.643627407494872 ], [ -46.858735759903404, -23.643493965193557 ], [ -46.858922108544604, -23.643343015677669 ], [ -46.859135738756351, -23.643208352994552 ], [ -46.859271545245115, -23.643129161304071 ], [ -46.859228149118209, -23.643096182464983 ], [ -46.859180966023473, -23.643079592342637 ], [ -46.858280786217648, -23.642488300650399 ], [ -46.858303314579189, -23.642459497523877 ], [ -46.85841484823677, -23.642334186112819 ], [ -46.858531881362261, -23.642223526722297 ], [ -46.858673000178264, -23.642124948856047 ], [ -46.858973183485283, -23.641935433217068 ], [ -46.859108873579636, -23.641834211238688 ], [ -46.859120562766087, -23.641822152184425 ], [ -46.859294089055439, -23.641672620216362 ], [ -46.859436462861773, -23.641538089418795 ], [ -46.859557466075081, -23.641417178422 ], [ -46.859620839011619, -23.641310231898768 ], [ -46.859763869223642, -23.641222194656386 ], [ -46.859871117508554, -23.641154451339521 ], [ -46.859927801135342, -23.641087404850666 ], [ -46.860276387705163, -23.640744618128693 ], [ -46.860802748280598, -23.640220372254301 ], [ -46.861001243353741, -23.639972388728523 ], [ -46.861164139464854, -23.639764561899874 ], [ -46.86121998133801, -23.63963115861991 ], [ -46.861203885559704, -23.639511801883199 ], [ -46.861165945352177, -23.63937943406242 ], [ -46.861099289374742, -23.63925409270751 ], [ -46.861018789163857, -23.639175509465446 ], [ -46.861017557507282, -23.639039901853302 ], [ -46.861051141203731, -23.638919677904642 ], [ -46.861104961076194, -23.638823500284694 ], [ -46.861264817359043, -23.638740406641134 ], [ -46.861392320831158, -23.638698243481986 ], [ -46.861551139591981, -23.63869426001661 ], [ -46.8617013981425, -23.638708708958049 ], [ -46.861903936057914, -23.63867747301607 ], [ -46.862041743727218, -23.638608548720445 ], [ -46.862165238511416, -23.638553250086506 ], [ -46.862309537290358, -23.638430522380812 ], [ -46.86242444207133, -23.638294603445544 ], [ -46.862481706558505, -23.638213372915871 ], [ -46.862538112369286, -23.638071474781874 ], [ -46.86258001161999, -23.63793643268183 ], [ -46.862633564050796, -23.637592941186561 ], [ -46.862770158417533, -23.636919057763926 ], [ -46.862839454213763, -23.6366492379783 ], [ -46.862980135206641, -23.636271110089037 ], [ -46.863078631015185, -23.636007801781385 ], [ -46.863135797064167, -23.635919709860715 ], [ -46.863207658373092, -23.635838123143635 ], [ -46.863323419840668, -23.6357560088871 ], [ -46.863482790806906, -23.635666688697821 ], [ -46.86370037866525, -23.635556623303458 ], [ -46.863794091501873, -23.635474773712655 ], [ -46.863800096763882, -23.635352081632124 ], [ -46.863859375102358, -23.635212496236196 ], [ -46.863891988876162, -23.635003253101946 ], [ -46.863886333136229, -23.634880701177281 ], [ -46.863908550916044, -23.634553297219071 ], [ -46.863938567230349, -23.634305981018841 ], [ -46.863950855408767, -23.634225561520971 ], [ -46.863929106718352, -23.634108530394002 ], [ -46.863880333603326, -23.633979453728994 ], [ -46.863865597351953, -23.633886988697334 ], [ -46.863862364439235, -23.633658672779653 ], [ -46.863839468480563, -23.63346752363038 ], [ -46.86381754493933, -23.633338124221076 ], [ -46.863699038844231, -23.633018551477104 ], [ -46.863608693781295, -23.632791282365226 ], [ -46.86334587219531, -23.632232627926928 ], [ -46.863223130718552, -23.632001413611544 ], [ -46.863159734442817, -23.631912332187866 ], [ -46.863124516258267, -23.631854515307818 ], [ -46.863074236652466, -23.63174351527902 ], [ -46.863060437414163, -23.631550992493775 ], [ -46.863112160316923, -23.631306937049402 ], [ -46.863226673083382, -23.630839099729954 ], [ -46.863299054223518, -23.630503598558626 ], [ -46.863329015433784, -23.630280030478019 ], [ -46.863304432327283, -23.630108043820041 ], [ -46.863247353594396, -23.629966696217895 ], [ -46.863068876620353, -23.629806580927962 ], [ -46.862857137372011, -23.629636751928555 ], [ -46.862621628624481, -23.629345400673802 ], [ -46.862452693606699, -23.629083769162936 ], [ -46.862417520246979, -23.628932045132665 ], [ -46.862426729510105, -23.628800194735504 ], [ -46.862495075173982, -23.628636572886599 ], [ -46.86253716863461, -23.6285362015944 ], [ -46.862618501362832, -23.628341542995418 ], [ -46.8628336088303, -23.627973808337703 ], [ -46.863051540405998, -23.627798818444944 ], [ -46.863248949524355, -23.627745701599142 ], [ -46.863744658917412, -23.627739746002653 ], [ -46.863996516495156, -23.627635318723534 ], [ -46.864400017973374, -23.627346492801891 ], [ -46.864661941661986, -23.627170972003118 ], [ -46.865294968784326, -23.626855095251212 ], [ -46.865896724408415, -23.626559547317481 ], [ -46.866222639046761, -23.626522307779535 ], [ -46.86654088233162, -23.626496988454353 ], [ -46.866967344877047, -23.626362915562858 ], [ -46.86724553534124, -23.626194599006496 ], [ -46.867269479545776, -23.626169208909321 ], [ -46.867414270458966, -23.626013333221223 ], [ -46.867520885144963, -23.625839858151227 ], [ -46.867773830220159, -23.625550037465807 ], [ -46.86799591894416, -23.625281987782472 ], [ -46.868301305412643, -23.624848056954889 ], [ -46.868596658135367, -23.624529010685773 ], [ -46.868661877460063, -23.624456531272571 ], [ -46.86879119941004, -23.62423980176251 ], [ -46.868943125211338, -23.623965462876772 ], [ -46.869017025336433, -23.62386940219935 ], [ -46.869017009961247, -23.623868318851606 ], [ -46.869062061826064, -23.62358325833808 ], [ -46.869048110773328, -23.623497917613889 ], [ -46.869045727159651, -23.623233293387582 ], [ -46.86906059519616, -23.623051803052626 ], [ -46.869044291732962, -23.622904277803997 ], [ -46.869033453874145, -23.622548016276486 ], [ -46.869044977434562, -23.622441600897133 ], [ -46.869004801898171, -23.62213111090173 ], [ -46.868989816051624, -23.622000454808155 ], [ -46.868994672723979, -23.621969786483429 ], [ -46.868996749387762, -23.621929670734946 ], [ -46.868996266400423, -23.621895635551049 ], [ -46.868985383954879, -23.621853870037885 ], [ -46.868976797403981, -23.621828871629564 ], [ -46.86896584394119, -23.621802818202088 ], [ -46.86895489304527, -23.621776945331519 ], [ -46.868946507592263, -23.621752305675837 ], [ -46.868939839679356, -23.621724394728279 ], [ -46.868930067128403, -23.621698688248394 ], [ -46.868917986597907, -23.621676079582702 ], [ -46.868907687661263, -23.621654713575435 ], [ -46.868893833236292, -23.62163140392158 ], [ -46.868880989369146, -23.621610249159016 ], [ -46.868862457497528, -23.621588801738124 ], [ -46.86884360544547, -23.621572414660619 ], [ -46.868821445110498, -23.62155769273302 ], [ -46.868794027125695, -23.621545381791709 ], [ -46.868764744321503, -23.621539775097833 ], [ -46.868737281533711, -23.621538119430767 ], [ -46.868712526341326, -23.621533902899746 ], [ -46.868685582270714, -23.621527365074794 ], [ -46.868653703301398, -23.621518358441982 ], [ -46.868622175271625, -23.621506458152812 ], [ -46.868592390406732, -23.621493092149652 ], [ -46.868568688036206, -23.621480194646161 ], [ -46.868544942123044, -23.621464227651707 ], [ -46.868523336421219, -23.621447151342487 ], [ -46.868500707372235, -23.621427017343638 ], [ -46.868480646319199, -23.621408297123565 ], [ -46.86845919561258, -23.621388329514858 ], [ -46.868439658419206, -23.6213650882564 ], [ -46.868425353273317, -23.621337630437122 ], [ -46.868417906774901, -23.621310090013846 ], [ -46.868420034172395, -23.621308077914222 ], [ -46.86841421429294, -23.621270856392623 ], [ -46.868392189279582, -23.621175860988561 ], [ -46.868401090905586, -23.621071102496973 ], [ -46.868383756236199, -23.620947517548029 ], [ -46.868340886533119, -23.62083381132463 ], [ -46.868204395381213, -23.620683128226883 ], [ -46.868074042436589, -23.62059900840876 ], [ -46.867948343576977, -23.620476818455856 ], [ -46.867847903528748, -23.620311434401419 ], [ -46.867753165494072, -23.620188781212839 ], [ -46.867670005784646, -23.620080977460759 ], [ -46.867643951070477, -23.620054202760564 ], [ -46.867627053866457, -23.620037430802491 ], [ -46.867606181156894, -23.62001673374052 ], [ -46.867587100248898, -23.619998001585376 ], [ -46.867564448557921, -23.61997624239773 ], [ -46.867544179106019, -23.619956621598632 ], [ -46.867524884336305, -23.619936627886005 ], [ -46.86750329508201, -23.619913772365251 ], [ -46.867486005995765, -23.619897005106818 ], [ -46.867459043237744, -23.619875297793946 ], [ -46.867431907568253, -23.619855217858383 ], [ -46.867405013943021, -23.619838385606748 ], [ -46.867372198035731, -23.619818554618551 ], [ -46.867340563011815, -23.619799070587813 ], [ -46.867313292849232, -23.619783326385203 ], [ -46.86728423858461, -23.619766158937914 ], [ -46.86725873206602, -23.619750393498364 ], [ -46.867225382075574, -23.619734361274467 ], [ -46.867196025498231, -23.619723518064429 ], [ -46.867171211813975, -23.619715148422088 ], [ -46.86713989821488, -23.619704509342501 ], [ -46.867108388661528, -23.619693872614505 ], [ -46.867075906996405, -23.619683789345647 ], [ -46.867051696558704, -23.619676495958075 ], [ -46.86702826228111, -23.619668651459133 ], [ -46.866990448789601, -23.619655742909504 ], [ -46.866964062339719, -23.619647030980648 ], [ -46.866938655687321, -23.619638307256871 ], [ -46.866912274362065, -23.61962995643529 ], [ -46.866884513650717, -23.61962108043998 ], [ -46.866856157389144, -23.619611669838434 ], [ -46.866829747924356, -23.619601332861016 ], [ -46.866801118942234, -23.619586507858198 ], [ -46.866775607394118, -23.619570381216402 ], [ -46.866749655315452, -23.619550828678026 ], [ -46.866730440048173, -23.619536432161272 ], [ -46.866710451185568, -23.619522767306009 ], [ -46.866681959339211, -23.6195037870805 ], [ -46.866659186124757, -23.619487266292946 ], [ -46.866638973171931, -23.619471617643761 ], [ -46.866615202264228, -23.619453844729076 ], [ -46.866592452094572, -23.619438948955342 ], [ -46.866563624655377, -23.619423945703751 ], [ -46.866541304792491, -23.619411753581403 ], [ -46.866519562574958, -23.619398832149813 ], [ -46.866496621583593, -23.619384299834767 ], [ -46.866475255940713, -23.619370290331503 ], [ -46.866450739615637, -23.619355235193439 ], [ -46.866422639758156, -23.61933625020044 ], [ -46.866396099900967, -23.619316704668197 ], [ -46.866374273286809, -23.619297824789093 ], [ -46.866356373521604, -23.619279439436099 ], [ -46.8663380613783, -23.619259614328421 ], [ -46.866320479350129, -23.619235988064091 ], [ -46.866301446314779, -23.619206780988964 ], [ -46.866286393850373, -23.619181860167757 ], [ -46.866271570606671, -23.619159284246038 ], [ -46.866256742251892, -23.619136347205814 ], [ -46.866239699525373, -23.619109283249877 ], [ -46.866228800577012, -23.61908702129735 ], [ -46.866219077381054, -23.619064745201278 ], [ -46.866206722316832, -23.619036541320288 ], [ -46.866197373138334, -23.619012996599601 ], [ -46.866187611583015, -23.618988012125218 ], [ -46.866176213301038, -23.618958171430219 ], [ -46.866168643103705, -23.618935688843937 ], [ -46.866158517782942, -23.61891269522285 ], [ -46.866145471004458, -23.618891000863979 ], [ -46.866131650631125, -23.618870038164967 ], [ -46.866109062317896, -23.618838887341887 ], [ -46.866094677104243, -23.618819556734888 ], [ -46.866077487097741, -23.618795925721471 ], [ -46.866064012619638, -23.618771708250282 ], [ -46.866050769914203, -23.618750016238064 ], [ -46.866038463518287, -23.618725242947757 ], [ -46.86602692816848, -23.618699557436948 ], [ -46.866013005524209, -23.618671372388913 ], [ -46.865999948564614, -23.618648955780579 ], [ -46.865986311410516, -23.61862708791622 ], [ -46.865974025501345, -23.618603759086074 ], [ -46.86595842366728, -23.618581553669038 ], [ -46.86594303058439, -23.618560248685331 ], [ -46.8659248915463, -23.61853879613459 ], [ -46.865901438648493, -23.618515782184712 ], [ -46.865881393760006, -23.618498144920739 ], [ -46.865860730314473, -23.618478348022585 ], [ -46.86584183304771, -23.618458710470755 ], [ -46.865824350964473, -23.618442125913571 ], [ -46.86579933555916, -23.618419491914779 ], [ -46.865773528661613, -23.618396325661909 ], [ -46.865751081175219, -23.618375105487598 ], [ -46.865728017693932, -23.618351906235993 ], [ -46.865704374021654, -23.618329255724756 ], [ -46.865678587616756, -23.618307533921119 ], [ -46.865650454850943, -23.618286201504958 ], [ -46.865631049046051, -23.618272168303637 ], [ -46.865612409172734, -23.618256861765605 ], [ -46.865594161217565, -23.618241550512575 ], [ -46.865568998518135, -23.618222349437811 ], [ -46.865549193146038, -23.618207779262036 ], [ -46.86553114116176, -23.618192465644452 ], [ -46.865505130727655, -23.618168760021259 ], [ -46.865481945521836, -23.618150799278748 ], [ -46.865462348911507, -23.618137129526669 ], [ -46.86543643566381, -23.618120285111807 ], [ -46.865427957106078, -23.618116684971287 ], [ -46.865406463582424, -23.61810746245369 ], [ -46.865373577723894, -23.618096480712911 ], [ -46.865346977826405, -23.618086506927355 ], [ -46.865324505807472, -23.618077386456349 ], [ -46.865291602065135, -23.61806514078793 ], [ -46.865266381546185, -23.618055692172415 ], [ -46.865235610327538, -23.618041795551431 ], [ -46.865213489330536, -23.61802978141608 ], [ -46.865192538964102, -23.618017392026196 ], [ -46.865166440041833, -23.618001272151957 ], [ -46.865141725604495, -23.617986038576028 ], [ -46.865116008381591, -23.617969191747225 ], [ -46.865090453888051, -23.617949995297668 ], [ -46.865065126035113, -23.617932963189894 ], [ -46.865044516482932, -23.61791695789687 ], [ -46.865024670310966, -23.617899498710848 ], [ -46.865005007319148, -23.617881134373942 ], [ -46.864986952884799, -23.617865640127054 ], [ -46.864966518858907, -23.617848187998767 ], [ -46.86494903185293, -23.617831242212539 ], [ -46.864928747782237, -23.617810537669804 ], [ -46.864912996275343, -23.617791584537091 ], [ -46.864898998155262, -23.617771887970701 ], [ -46.864886346172156, -23.617750369330597 ], [ -46.86487558218473, -23.61772377149773 ], [ -46.864867635715612, -23.617702376887728 ], [ -46.864859630459385, -23.617676829430884 ], [ -46.864854531319665, -23.617648899384104 ], [ -46.864850567022032, -23.617618066269085 ], [ -46.864846274716072, -23.617591751827504 ], [ -46.864842623097672, -23.61755531668685 ], [ -46.864839529536326, -23.617530613140275 ], [ -46.864839141018848, -23.617503168242781 ], [ -46.864840119081009, -23.617475345741759 ], [ -46.864840183820775, -23.61745222953861 ], [ -46.864839861761276, -23.617429479162841 ], [ -46.864838333295289, -23.617404576215609 ], [ -46.864831243945495, -23.617374503015476 ], [ -46.864817019258552, -23.617352642089781 ], [ -46.864802931744997, -23.617326625960786 ], [ -46.864786577115815, -23.617306596523417 ], [ -46.864772179491801, -23.617286362974525 ], [ -46.864753885763903, -23.617267801552224 ], [ -46.864731487198085, -23.617250011817365 ], [ -46.864709124419775, -23.617234749898614 ], [ -46.864687939935401, -23.617219654405009 ], [ -46.864666154810514, -23.617203663180202 ], [ -46.864637470357948, -23.617184865436858 ], [ -46.864616894201369, -23.617171207336249 ], [ -46.86459651144871, -23.617157366319173 ], [ -46.864572158479568, -23.617139961224176 ], [ -46.864544680452973, -23.617123316035794 ], [ -46.864515438834864, -23.617106692034785 ], [ -46.864486986156258, -23.617090419726097 ], [ -46.864456619929477, -23.617077421012961 ], [ -46.864428195373527, -23.617063134837029 ], [ -46.864400490760168, -23.617044325272303 ], [ -46.864378733806596, -23.617030320147283 ], [ -46.864354357890647, -23.617011289987126 ], [ -46.864332865093736, -23.616988252215869 ], [ -46.864313952939924, -23.616967531094758 ], [ -46.864296659537793, -23.616950402307371 ], [ -46.864275365271418, -23.616927542730892 ], [ -46.864255404370724, -23.616901958290988 ], [ -46.864240024543122, -23.616881555897137 ], [ -46.864221997655719, -23.616854142322016 ], [ -46.864204599522346, -23.616829610619121 ], [ -46.86417726567587, -23.616795446463133 ], [ -46.864145980808644, -23.616759072403454 ], [ -46.864128227839998, -23.616737163498627 ], [ -46.864108419519013, -23.616708507184658 ], [ -46.864094553723, -23.616684294208198 ], [ -46.864083841092551, -23.616661307474025 ], [ -46.864071553163726, -23.616637797896033 ], [ -46.864054353598256, -23.616613444376572 ], [ -46.864038406412, -23.616594493489366 ], [ -46.864019700536844, -23.616574492205363 ], [ -46.86399627387371, -23.616553283505151 ], [ -46.863972290011162, -23.616534248566694 ], [ -46.863949634407469, -23.616512127649123 ], [ -46.863935224228889, -23.616490991213716 ], [ -46.863918630454656, -23.616467894524693 ], [ -46.863905393458275, -23.616446563403525 ], [ -46.863892960720875, -23.616426667334583 ], [ -46.863877995907799, -23.616407885216748 ], [ -46.863852365263135, -23.616383271769056 ], [ -46.863830712468435, -23.61636276408959 ], [ -46.863809667979254, -23.616343693814656 ], [ -46.863790644345883, -23.616328933406987 ], [ -46.86376717507472, -23.616318560540684 ], [ -46.863741227370028, -23.616313093352897 ], [ -46.863714691804404, -23.616307633221624 ], [ -46.863690314291816, -23.616302327754433 ], [ -46.863667463546435, -23.61629411451554 ], [ -46.863642635381566, -23.616284660897946 ], [ -46.863619909078004, -23.616271389654731 ], [ -46.863584101659974, -23.616247801334531 ], [ -46.863553671856756, -23.616230288457903 ], [ -46.863529774954259, -23.616217392438337 ], [ -46.863507639089399, -23.616204294675565 ], [ -46.863482466864468, -23.616184370978853 ], [ -46.863462155189289, -23.616161680063744 ], [ -46.86344185118304, -23.616139530821624 ], [ -46.863421346121854, -23.616117022812176 ], [ -46.863400052144051, -23.616094163095074 ], [ -46.863365687305595, -23.616061708515129 ], [ -46.86334287168382, -23.616042117671412 ], [ -46.863318145051615, -23.616025980971049 ], [ -46.863291095069961, -23.616011858649557 ], [ -46.86326820864506, -23.616001117524508 ], [ -46.863244935423367, -23.61599074221941 ], [ -46.863222410269579, -23.615977829676172 ], [ -46.863197693877758, -23.615962415189756 ], [ -46.863173020902138, -23.615950070197652 ], [ -46.863142990787445, -23.615933094202354 ], [ -46.86312196433866, -23.615915287733721 ], [ -46.863097825617054, -23.615899143936147 ], [ -46.863071928424745, -23.615883382427214 ], [ -46.863041977492045, -23.615872003731969 ], [ -46.863013805467268, -23.6158616872086 ], [ -46.862982667656887, -23.615856462792049 ], [ -46.862949938286455, -23.615856494570941 ], [ -46.862913447497597, -23.615853862660924 ], [ -46.862879646444931, -23.615847406072039 ], [ -46.862855302233321, -23.61584444772992 ], [ -46.862829387840073, -23.615841327645143 ], [ -46.86279814695623, -23.615835743249445 ], [ -46.862767328617807, -23.615832320847911 ], [ -46.862735517747502, -23.615828007408069 ], [ -46.862676221692276, -23.615806506730824 ], [ -46.862653126629951, -23.615794865067638 ], [ -46.862630621985147, -23.615783396902795 ], [ -46.862606939069785, -23.61577176228889 ], [ -46.862580321960237, -23.615760524071408 ], [ -46.862551363622963, -23.615750036309983 ], [ -46.862522611454082, -23.615740268426016 ], [ -46.862490942959433, -23.615732160846772 ], [ -46.862459109145384, -23.615726222318695 ], [ -46.862432568631668, -23.615720400839187 ], [ -46.862404834531439, -23.615713329554865 ], [ -46.862376675345068, -23.615703915704422 ], [ -46.862353249675394, -23.615696612109456 ], [ -46.862328271694331, -23.615690410678646 ], [ -46.862303453936093, -23.615681679068075 ], [ -46.862271588236339, -23.615673483514623 ], [ -46.862243461254707, -23.615673279315857 ], [ -46.862221555015964, -23.615669478959649 ], [ -46.862055220652032, -23.615597343129028 ], [ -46.861872274703273, -23.615618680914405 ], [ -46.861682702236685, -23.615649578940904 ], [ -46.86150814945254, -23.615682373332067 ], [ -46.861356968146531, -23.615704774158019 ], [ -46.861189282592434, -23.615779743773835 ], [ -46.861143715097249, -23.615800516369177 ], [ -46.861104584053699, -23.615798276878095 ], [ -46.861083846334274, -23.615807825972109 ], [ -46.860880587168168, -23.615799428378285 ], [ -46.860804743481481, -23.615778847778351 ], [ -46.860746059797812, -23.61575905460235 ], [ -46.860673522268698, -23.615750533790909 ], [ -46.86064112051276, -23.615683562414791 ], [ -46.860580547375108, -23.615620179442192 ], [ -46.860477823702418, -23.615548904421107 ], [ -46.860418815930167, -23.615443696113648 ], [ -46.860388205109821, -23.615392504790247 ], [ -46.860281833098711, -23.615298789956498 ], [ -46.86022942788145, -23.615230884456949 ], [ -46.860183224904112, -23.615178886766177 ], [ -46.860164763384184, -23.615078971130671 ], [ -46.86012900860117, -23.614934115386557 ], [ -46.860103346900374, -23.6147961816345 ], [ -46.860083042858633, -23.614635158469522 ], [ -46.860091876756258, -23.614455727051467 ], [ -46.860044719751166, -23.614238952669801 ], [ -46.859949604395034, -23.614074853222238 ], [ -46.85983225354709, -23.613834991945058 ], [ -46.85975206500401, -23.613652293289618 ], [ -46.85947884781541, -23.613345675519948 ], [ -46.859389877590978, -23.613283625498561 ], [ -46.859300625469864, -23.613250202271839 ], [ -46.859090860256984, -23.613058220296992 ], [ -46.858802659392332, -23.612932641339597 ], [ -46.858564082698756, -23.612921051714199 ], [ -46.85840557705464, -23.612917261436802 ], [ -46.858125147550986, -23.612939671756543 ], [ -46.857930306928601, -23.612902545762104 ], [ -46.857740887462896, -23.612742553518515 ], [ -46.857642218606372, -23.612611091435209 ], [ -46.85758534084016, -23.612545495809105 ], [ -46.857527844621103, -23.612442976932247 ], [ -46.857442944990957, -23.61237762636625 ], [ -46.857366519596141, -23.612308652819983 ], [ -46.85728126505029, -23.612183350558091 ], [ -46.857224228645116, -23.61216209149724 ], [ -46.857081593158384, -23.612192692852847 ], [ -46.857011227102923, -23.612261617299097 ], [ -46.856940391466054, -23.612325039343155 ], [ -46.856850846391438, -23.612409814247634 ], [ -46.856794790823564, -23.612451207998998 ], [ -46.85667206392084, -23.612545589918042 ], [ -46.856638284012675, -23.612624008922264 ], [ -46.85655510263858, -23.612826632764325 ], [ -46.856436579873922, -23.61305947670547 ], [ -46.856326691590546, -23.61323054581657 ], [ -46.856228688290457, -23.613452308764192 ], [ -46.856199192215847, -23.613514874826638 ], [ -46.85617086619262, -23.613869169941449 ], [ -46.856140238116154, -23.614046153263111 ], [ -46.856132608942012, -23.614214102866139 ], [ -46.856003736090727, -23.614401019909732 ], [ -46.85592241498086, -23.614520188673531 ], [ -46.855797746728499, -23.614727371650062 ], [ -46.855689739074322, -23.614948621904418 ], [ -46.855551499719311, -23.615277684638698 ], [ -46.855540310460967, -23.615485135707235 ], [ -46.855417459938671, -23.615849319658722 ], [ -46.85501793332346, -23.616377807440941 ], [ -46.85475686927338, -23.616669601385453 ], [ -46.854787923304393, -23.616745439143958 ], [ -46.854731072352379, -23.616800115126402 ], [ -46.854625829433999, -23.616835143441946 ], [ -46.85417418531577, -23.616954403228394 ], [ -46.854087311173231, -23.616985599882845 ], [ -46.853806432854526, -23.61706037932883 ], [ -46.853944860203534, -23.617329158947612 ], [ -46.853977023924138, -23.617386382847421 ], [ -46.854002142956169, -23.617465271423352 ], [ -46.854038952535632, -23.617581041251363 ], [ -46.854088419059501, -23.61764221193253 ], [ -46.854295395113652, -23.61788660500752 ], [ -46.854266584124979, -23.618032775743636 ], [ -46.854245918185448, -23.618103181930756 ], [ -46.854258473867979, -23.618292019295808 ], [ -46.854473736740445, -23.618665525125131 ], [ -46.854546042513888, -23.618775813983014 ], [ -46.854509545692792, -23.619183480563979 ], [ -46.854456551863287, -23.619310346364045 ], [ -46.854388845346207, -23.619457162600252 ], [ -46.854339703149989, -23.619579196697945 ], [ -46.854209863412741, -23.619628333950921 ], [ -46.853989116892947, -23.619686864587177 ], [ -46.853816674702173, -23.619730912320581 ], [ -46.85366308561013, -23.619819430638941 ], [ -46.853488391141418, -23.619905401810765 ], [ -46.853297584545338, -23.619932783215404 ], [ -46.853076386864224, -23.619931452390535 ], [ -46.853018026651455, -23.619913819548856 ], [ -46.852715083430688, -23.619890439294888 ], [ -46.852125240837495, -23.619758066347945 ], [ -46.851808098185849, -23.619672640506622 ], [ -46.851621239988468, -23.619527780024889 ], [ -46.851356512078326, -23.619483173101788 ], [ -46.851055130191163, -23.619515031499308 ], [ -46.850233095541235, -23.619407633838005 ], [ -46.849696666060929, -23.619352087644614 ], [ -46.848921220211558, -23.61962445070689 ], [ -46.84866034663694, -23.61981952688647 ], [ -46.848658600725479, -23.619820811822304 ], [ -46.848647061407213, -23.619829527359972 ], [ -46.848577235047323, -23.619881647014363 ], [ -46.848530289654072, -23.619881303410729 ], [ -46.848467513205961, -23.619884128150563 ], [ -46.848412051095195, -23.619884427752808 ], [ -46.848355360006536, -23.619880949579208 ], [ -46.848304158369068, -23.619877586577932 ], [ -46.848251047791912, -23.619877858107955 ], [ -46.848195631280873, -23.61988140771604 ], [ -46.848144884902197, -23.619882553997975 ], [ -46.848095143661787, -23.619885494193994 ], [ -46.847863953750107, -23.619947300993466 ], [ -46.847464214758418, -23.620107369306044 ], [ -46.84719453709036, -23.620289816377937 ], [ -46.846767905409237, -23.620838472646639 ], [ -46.846453455478361, -23.621035989023369 ], [ -46.846378238581693, -23.621088171912657 ], [ -46.84632350126072, -23.621154197099759 ], [ -46.846289012669445, -23.621224586352689 ], [ -46.846264517996346, -23.621280860903727 ], [ -46.846255144682679, -23.621332260146776 ], [ -46.846226207918342, -23.621435179898864 ], [ -46.846222225234186, -23.621514596807796 ], [ -46.846233082129174, -23.621596997450869 ], [ -46.846229370081282, -23.621681738556646 ], [ -46.846236493515072, -23.621714521248805 ], [ -46.846251899729083, -23.621778898996137 ], [ -46.846253450115555, -23.621805607934192 ], [ -46.846264149211201, -23.62185577505047 ], [ -46.846272565616353, -23.621903892541145 ], [ -46.846268932203252, -23.621959286758401 ], [ -46.846257433624359, -23.622012878378072 ], [ -46.846248060276814, -23.622064277619518 ], [ -46.846260696602954, -23.622091847871619 ], [ -46.846327015672344, -23.622187855081926 ], [ -46.846349658161841, -23.622209166161998 ], [ -46.846348148020049, -23.622255234699558 ], [ -46.846316846118967, -23.622301296621508 ], [ -46.846271672231978, -23.622336507612818 ], [ -46.846223622119965, -23.622376267582755 ], [ -46.846186285527914, -23.622411294985866 ], [ -46.846148506553611, -23.622456711596694 ], [ -46.846114651924367, -23.622502442680116 ], [ -46.846078448217071, -23.622548382301396 ], [ -46.846046210439361, -23.622583619884512 ], [ -46.84599772268313, -23.622620134370752 ], [ -46.845959206372342, -23.622654904876967 ], [ -46.845916636929587, -23.622708143830373 ], [ -46.845883037432138, -23.62274411994796 ], [ -46.845837946787462, -23.622785289319683 ], [ -46.845790250353993, -23.622822336102704 ], [ -46.845747339170202, -23.622851199366352 ], [ -46.845694311403747, -23.622913411630545 ], [ -46.845685924930983, -23.622937349352533 ], [ -46.845662857299708, -23.622948639818279 ], [ -46.845618734687704, -23.622960993432894 ], [ -46.845560288822355, -23.622972253302645 ], [ -46.845542267523065, -23.622973009467813 ], [ -46.845493052174561, -23.622971608461189 ], [ -46.845438161396316, -23.622970816725115 ], [ -46.845382418441616, -23.622965159163186 ], [ -46.845320147886881, -23.622955245055998 ], [ -46.845264160907092, -23.622946159133939 ], [ -46.845215618118672, -23.622936804055964 ], [ -46.845163517588276, -23.622925324192622 ], [ -46.845106306767754, -23.622912821548951 ], [ -46.845048716672174, -23.622901226347096 ], [ -46.84499868965522, -23.62289784833947 ], [ -46.844946753566681, -23.622898104830334 ], [ -46.844888193832126, -23.622901239228185 ], [ -46.844843108361779, -23.622907825178224 ], [ -46.844843108361779, -23.622907825178224 ], [ -46.844834012374726, -23.622909107186786 ], [ -46.844770271561885, -23.622920158842579 ], [ -46.844717703340571, -23.622931258207075 ], [ -46.844659945181952, -23.622949642889484 ], [ -46.844599504172692, -23.622972393625012 ], [ -46.844536961860626, -23.62298505625149 ], [ -46.844469577259197, -23.622987843945808 ], [ -46.844400009207327, -23.622988671074332 ], [ -46.844341644106485, -23.622991712658894 ], [ -46.844286925237085, -23.623003198630364 ], [ -46.84422600117157, -23.62301945370649 ], [ -46.844157243488354, -23.623036163064569 ], [ -46.844109989003748, -23.623048824374649 ], [ -46.844062551183754, -23.623062390803025 ], [ -46.844001433618807, -23.623078828684257 ], [ -46.843941328734722, -23.623097602182835 ], [ -46.843880857178689, -23.623118185923168 ], [ -46.843818853259897, -23.623141316122304 ], [ -46.843757502941372, -23.623169133885348 ], [ -46.843697775939972, -23.623200905325998 ], [ -46.843641630655966, -23.62323651687646 ], [ -46.843589871176256, -23.623277403709729 ], [ -46.843548576265867, -23.623323764476865 ], [ -46.843514002338196, -23.623374198948547 ], [ -46.843476923779662, -23.623427733217905 ], [ -46.843433579296786, -23.62348170312033 ], [ -46.843399215249242, -23.623519132550612 ], [ -46.843360193458956, -23.623559867952395 ], [ -46.843327957211464, -23.623595285587474 ], [ -46.843285772098412, -23.623634072063894 ], [ -46.843230366736123, -23.623673557385136 ], [ -46.843223367503711, -23.62367761354372 ], [ -46.843168923679308, -23.623708780250318 ], [ -46.843114431814939, -23.623736516287543 ], [ -46.84305898030393, -23.623765708433318 ], [ -46.843006241992668, -23.623792701238241 ], [ -46.842949696887345, -23.623813779760312 ], [ -46.842891963322387, -23.62383396942807 ], [ -46.842832438235021, -23.623852193860273 ], [ -46.842775450605316, -23.623869665765017 ], [ -46.842723140923027, -23.623885276174558 ], [ -46.842672737851089, -23.623897071515383 ], [ -46.842624470205124, -23.623907396749939 ], [ -46.842565072798962, -23.623920743617941 ], [ -46.842513918664714, -23.623934895508224 ], [ -46.842464171660367, -23.623951558939034 ], [ -46.842406448053069, -23.623972470676815 ], [ -46.842355168638314, -23.623991680543714 ], [ -46.842307254765466, -23.624013288399045 ], [ -46.842260512896075, -23.624034611435686 ], [ -46.842211979513195, -23.624053969236499 ], [ -46.842157690830355, -23.624082244312689 ], [ -46.84211649663763, -23.624107835605052 ], [ -46.842065848993307, -23.624144193995541 ], [ -46.842025308332467, -23.624174472863295 ], [ -46.841973956557766, -23.624202532414436 ], [ -46.841778235789214, -23.624313662205786 ], [ -46.841753949070998, -23.624307900767381 ], [ -46.841719609877217, -23.624298105086432 ], [ -46.841524442354604, -23.624385751209473 ], [ -46.841407065020199, -23.624576945453448 ], [ -46.841364868910425, -23.624615009214391 ], [ -46.841314730498645, -23.624645763019558 ], [ -46.841264541570915, -23.624672905594153 ], [ -46.84122004835249, -23.624700883502634 ], [ -46.841178962327085, -23.624734238681452 ], [ -46.841142589642942, -23.624768260271026 ], [ -46.841106387665505, -23.624800473919237 ], [ -46.841072587790777, -23.624836270865625 ], [ -46.841040803127875, -23.62487601688504 ], [ -46.841013567397304, -23.624918688658941 ], [ -46.840994752034433, -23.62496080901867 ], [ -46.840969816162819, -23.624999751380535 ], [ -46.840943757466455, -23.625042499470414 ], [ -46.840917495211528, -23.62508470820001 ], [ -46.840879981883326, -23.625121271542326 ], [ -46.840836872840477, -23.625150135878386 ], [ -46.840780368498073, -23.625195231741419 ], [ -46.840779828543802, -23.625198669373624 ], [ -46.840765398332124, -23.625217983234798 ], [ -46.840744485959455, -23.625236290471115 ], [ -46.840723342275936, -23.62525207217886 ], [ -46.840701238927686, -23.625269309997787 ], [ -46.840675680411479, -23.62527773986513 ], [ -46.840650682484281, -23.625291219618337 ], [ -46.840622458614668, -23.625305279418455 ], [ -46.840594662011746, -23.625321862414896 ], [ -46.840564935983501, -23.625340635389563 ], [ -46.840541295120623, -23.625360058520002 ], [ -46.840518166452107, -23.625374057846226 ], [ -46.840502140660085, -23.625391404118528 ], [ -46.84048809475663, -23.625410171624363 ], [ -46.840468830832314, -23.62543423817306 ], [ -46.840448217820018, -23.625459946043307 ], [ -46.840434173163693, -23.625478803825452 ], [ -46.840437890727564, -23.62548535128175 ], [ -46.840384915696006, -23.62554458151606 ], [ -46.840308723972207, -23.625597495611736 ], [ -46.84024857700085, -23.625697534116227 ], [ -46.840280401713876, -23.625772824103709 ], [ -46.840246619946491, -23.625929165031437 ], [ -46.840162080749231, -23.626492798568787 ], [ -46.840182782081776, -23.626866105018166 ], [ -46.840219503201446, -23.627095380837002 ], [ -46.840183137749506, -23.627263219914354 ], [ -46.840117762228701, -23.627353839406364 ], [ -46.840014438013448, -23.627400844901793 ], [ -46.839921386405329, -23.627390481198344 ], [ -46.839790800494711, -23.627352119594519 ], [ -46.839339433352073, -23.627144104626609 ], [ -46.839239857097816, -23.627087586617026 ], [ -46.839150135947129, -23.627027971938684 ], [ -46.839067219177011, -23.626978389616557 ], [ -46.838980548900921, -23.626905645821733 ], [ -46.838787582730163, -23.626765356972559 ], [ -46.838632100953383, -23.62671266160481 ], [ -46.838390563044186, -23.626785593752579 ], [ -46.838049727829201, -23.626737713046907 ], [ -46.837667028430488, -23.626681568897872 ], [ -46.837389227668744, -23.626599891766379 ], [ -46.837142469474983, -23.626537530878583 ], [ -46.836859435530329, -23.626375732331983 ], [ -46.836630794623431, -23.626101593647348 ], [ -46.836342158067012, -23.625854169944333 ], [ -46.836284987443925, -23.625781346175266 ], [ -46.836044191751114, -23.626019958185921 ], [ -46.836034505794622, -23.626049238293675 ] ] ] } },
{ "type": "Feature", "properties": { "nome": "VAZAME", "codigo": 1, "regiao": "LESTE", "populacao_2010": 17457, "mulheres_2010": 8809, "homens_2010": 8144, "domicilios": 5183, "populacao_2015": 17880, "area_km2": 0.8, "densidade_2015": 22319.31, "fonte_cartografica": "Base oficial de Limites Administrativos de Embu das Artes", "crs_origem": "SIRGAS 2000 / UTM zone 23S (EPSG:31983)", "status_geometria": "oficial", "nota_demografica": "Atributos populacionais da base referem-se principalmente a 2010 e 2015; não devem ser apresentados como dados atuais." }, "geometry": { "type": "Polygon", "coordinates": [ [ [ -46.798083983839518, -23.656159776172327 ], [ -46.798100602603576, -23.656263966124097 ], [ -46.798116560824489, -23.656284007380172 ], [ -46.798130392449409, -23.65630624042614 ], [ -46.79814165358291, -23.656326877959479 ], [ -46.798151983998963, -23.656351138151958 ], [ -46.798163642120755, -23.656372132262874 ], [ -46.798181768943877, -23.656393051312694 ], [ -46.798199258323734, -23.656410365896154 ], [ -46.798218127264413, -23.656428206248258 ], [ -46.798232892111542, -23.65644699718661 ], [ -46.79824803912804, -23.656465061316496 ], [ -46.798266503693874, -23.656482003389144 ], [ -46.798283799545004, -23.656499500800493 ], [ -46.798298581695825, -23.656519555681921 ], [ -46.798313415709806, -23.656543402413256 ], [ -46.798329557672574, -23.656562538546126 ], [ -46.798344119121445, -23.656580790053351 ], [ -46.798357712814941, -23.656599955754675 ], [ -46.798376437643896, -23.656621590210385 ], [ -46.798394971396782, -23.656643588066935 ], [ -46.798409778277595, -23.656665448578906 ], [ -46.798427133443582, -23.656687279515594 ], [ -46.798449376806559, -23.656708150755403 ], [ -46.798469806588393, -23.656725431179172 ], [ -46.798487514300291, -23.656744368528493 ], [ -46.798504656180086, -23.656764937779482 ], [ -46.798525894762456, -23.656784014738143 ], [ -46.798545584935773, -23.656804554408517 ], [ -46.79856190569835, -23.656822424287185 ], [ -46.79857984403656, -23.656843887249689 ], [ -46.798596593900584, -23.656864461038758 ], [ -46.798614547069853, -23.656887007382391 ], [ -46.798627195305684, -23.656908712331255 ], [ -46.798643014475353, -23.65693290877643 ], [ -46.798658037213492, -23.656956211498784 ], [ -46.798666417440572, -23.656981216655566 ], [ -46.798672989013184, -23.657002992130966 ], [ -46.798681930142571, -23.657026004253261 ], [ -46.798691456871488, -23.657048828984717 ], [ -46.798703957280985, -23.657074057204504 ], [ -46.798714657680385, -23.65709668771802 ], [ -46.798723454674061, -23.657123493962597 ], [ -46.798729470309404, -23.657147623596128 ], [ -46.798736900094752, -23.657174806895178 ], [ -46.798745898061775, -23.657201971990933 ], [ -46.798755263376108, -23.657227326892091 ], [ -46.798763283709604, -23.657254683927274 ], [ -46.798773271681277, -23.657282559900892 ], [ -46.798785413434175, -23.657310230279876 ], [ -46.798792384502036, -23.657332542889222 ], [ -46.798799409917265, -23.657358827912567 ], [ -46.798809740546361, -23.657383088045801 ], [ -46.798821041411408, -23.657406614543607 ], [ -46.798829389590274, -23.657429272350775 ], [ -46.798839144514695, -23.657454442128998 ], [ -46.798847894626796, -23.657477817640853 ], [ -46.79885860249906, -23.657500989832652 ], [ -46.798865221071289, -23.657526196016413 ], [ -46.798868274181224, -23.65754873469481 ], [ -46.798874473538909, -23.657571959221702 ], [ -46.79887733062921, -23.657594500175183 ], [ -46.798882385968589, -23.657620085690287 ], [ -46.79888663992601, -23.657644416357272 ], [ -46.798892283338681, -23.657669995044998 ], [ -46.798895368573376, -23.657694881057608 ], [ -46.798899009763524, -23.657717412907679 ], [ -46.79890308499818, -23.657743009799059 ], [ -46.798904031276308, -23.657769184792382 ], [ -46.798906119108267, -23.65779281823222 ], [ -46.798908991033983, -23.657816442569526 ], [ -46.798915438317053, -23.65784345666696 ], [ -46.798921905366704, -23.657871915278037 ], [ -46.798928499270097, -23.65789531581337 ], [ -46.798934534751723, -23.657920889946354 ], [ -46.798937605180804, -23.657944692570911 ], [ -46.798941516526014, -23.657972639070806 ], [ -46.798950727917855, -23.658001065820304 ], [ -46.798957339127988, -23.658025730303198 ], [ -46.798964386857385, -23.658053640390946 ], [ -46.798975682874477, -23.658076805741842 ], [ -46.798988532261141, -23.658098869500257 ], [ -46.799003383888476, -23.658123980092242 ], [ -46.799015652625641, -23.658146592367736 ], [ -46.799024591435156, -23.658169423894396 ], [ -46.799041718772735, -23.658188909680423 ], [ -46.799086552130781, -23.658255930923943 ], [ -46.799091297867882, -23.658273212746714 ], [ -46.799104514635133, -23.658293466298449 ], [ -46.799115840765808, -23.658311664981063 ], [ -46.799119547507765, -23.658317491214675 ], [ -46.799135716997036, -23.658338613445629 ], [ -46.799148951488696, -23.658352997516875 ], [ -46.799151837075264, -23.658356124389758 ], [ -46.799171272269568, -23.658372332690661 ], [ -46.799193848794367, -23.65838886570118 ], [ -46.799217817260207, -23.658406827289571 ], [ -46.799243118365652, -23.658421883913682 ], [ -46.799264263435688, -23.658434099303875 ], [ -46.799287185081283, -23.658447197026863 ], [ -46.799311811642951, -23.658455940719389 ], [ -46.799337445510076, -23.658466659233245 ], [ -46.799365573329865, -23.65847337573884 ], [ -46.799390723723086, -23.658477417920007 ], [ -46.799417868955459, -23.658483965232904 ], [ -46.799447205052928, -23.658493015400065 ], [ -46.799475702689385, -23.658498102254441 ], [ -46.799500607639104, -23.658498535409624 ], [ -46.799527859935537, -23.658498580115118 ], [ -46.799557655602456, -23.658498234093237 ], [ -46.799586079099981, -23.658497904001237 ], [ -46.799615482717563, -23.658497562521266 ], [ -46.799646454527476, -23.658497202823014 ], [ -46.799683805385484, -23.658504534526095 ], [ -46.799712406837948, -23.658517205031714 ], [ -46.799739189702102, -23.658525923610274 ], [ -46.799764203408778, -23.658534301546304 ], [ -46.799790259032108, -23.658547182198472 ], [ -46.799814136148512, -23.658558462813335 ], [ -46.799834323413954, -23.658572314582454 ], [ -46.799857585275781, -23.658581615814807 ], [ -46.799880323335998, -23.658595618542268 ], [ -46.79989972651677, -23.658609479409623 ], [ -46.799922037930841, -23.65862095878602 ], [ -46.799982437017938, -23.658643463382187 ], [ -46.800067173677412, -23.658675076064061 ], [ -46.800090415794777, -23.658682932746089 ], [ -46.800114799450299, -23.658688247863392 ], [ -46.800141381403058, -23.658696607517406 ], [ -46.800164112094564, -23.658710068507585 ], [ -46.800186294273885, -23.658726425352008 ], [ -46.800208478930983, -23.658742962757039 ], [ -46.800229847355332, -23.658757161934332 ], [ -46.800249836195903, -23.658770835357664 ], [ -46.800405835776502, -23.65889525729132 ], [ -46.800643834509678, -23.659051774689026 ], [ -46.800681107587295, -23.659082042330756 ], [ -46.800704193352146, -23.659092790216718 ], [ -46.80072477036596, -23.659106456738137 ], [ -46.800749069384338, -23.659119899409735 ], [ -46.800773579271272, -23.659134423183485 ], [ -46.800798086690293, -23.659148766388938 ], [ -46.80081769101686, -23.659162985979506 ], [ -46.800838875913726, -23.659178090162275 ], [ -46.800855822462637, -23.659198661383375 ], [ -46.800995386979544, -23.659346931324073 ], [ -46.801185056594349, -23.659632049792709 ], [ -46.801544541495353, -23.660391416712852 ], [ -46.801607354627578, -23.660547079675936 ], [ -46.801619357232816, -23.660571681319674 ], [ -46.801634152744924, -23.660592638633595 ], [ -46.801648025040343, -23.660617760312892 ], [ -46.801658155504896, -23.660641661350294 ], [ -46.80166736027769, -23.66066954618999 ], [ -46.80167593985491, -23.660694729407911 ], [ -46.801685938643054, -23.660723327384144 ], [ -46.801693979638046, -23.660752128717174 ], [ -46.801699986126046, -23.660775535925566 ], [ -46.801709629991322, -23.660806846916994 ], [ -46.801720333718116, -23.660829657726421 ], [ -46.801731042398181, -23.660852829662659 ], [ -46.801746304257307, -23.660879199320895 ], [ -46.80175763814929, -23.660905072875039 ], [ -46.801768805715071, -23.660933115474474 ], [ -46.801777821932369, -23.660961544275214 ], [ -46.801788545483163, -23.660985799589312 ], [ -46.801799254189618, -23.661008971518896 ], [ -46.80181354336839, -23.661035894257502 ], [ -46.801829735909649, -23.661058641228621 ], [ -46.801848876297086, -23.661081895695244 ], [ -46.801870582376395, -23.661106384471061 ], [ -46.801938370071859, -23.661160044834389 ], [ -46.801980492529211, -23.661193596679503 ], [ -46.80201630548413, -23.661210246181408 ], [ -46.802037637379577, -23.661221736610418 ], [ -46.802066876232651, -23.661230787370076 ], [ -46.802106200384074, -23.66124613186447 ], [ -46.802138486584489, -23.661248645831265 ], [ -46.802236573341169, -23.661259965851265 ], [ -46.802260700100653, -23.661246501953084 ], [ -46.802283079932067, -23.661234322519995 ], [ -46.802307606163978, -23.66122139574626 ], [ -46.802330789902037, -23.661210651696809 ], [ -46.802360003463825, -23.66119640624273 ], [ -46.802387447817452, -23.661181820178538 ], [ -46.802418063268263, -23.66116972551831 ], [ -46.802452489889511, -23.661163907259713 ], [ -46.802478360605235, -23.66116324511961 ], [ -46.802507052457578, -23.66116814852791 ], [ -46.802533630094487, -23.661176146601306 ], [ -46.802562023977011, -23.661187915985742 ], [ -46.802584710774703, -23.661198126426264 ], [ -46.802615082275715, -23.661211136941631 ], [ -46.802647607612805, -23.661223941799882 ], [ -46.802678577112907, -23.661237667715376 ], [ -46.802708948631299, -23.66125067821114 ], [ -46.80273736235246, -23.661263892071883 ], [ -46.802763202954928, -23.661275329939169 ], [ -46.802786125428064, -23.661288427088373 ], [ -46.802806921312353, -23.661303716088781 ], [ -46.802828332523674, -23.661320984445297 ], [ -46.80285210598155, -23.661338947682886 ], [ -46.80287508295234, -23.661356017221138 ], [ -46.802897938190412, -23.661378505950378 ], [ -46.802915610034148, -23.661394734248745 ], [ -46.802935458002302, -23.661412381963988 ], [ -46.802957730128973, -23.661435238653628 ], [ -46.802971002302833, -23.661459464215213 ], [ -46.802983865090297, -23.661482430390976 ], [ -46.803003951209384, -23.66150314539906 ], [ -46.803023027475518, -23.661521705044468 ], [ -46.803046262442074, -23.6615432863669 ], [ -46.803069063257922, -23.661561802663581 ], [ -46.803097169228238, -23.661581160182095 ], [ -46.803124694551535, -23.66160106623008 ], [ -46.803147473098051, -23.661617957439919 ], [ -46.803172584177446, -23.661633376759934 ], [ -46.80320067036363, -23.661651289747571 ], [ -46.803225759164093, -23.661665083984342 ], [ -46.803248056511357, -23.661675479445488 ], [ -46.803293599158742, -23.661693911621303 ], [ -46.803318397824476, -23.661700846701077 ], [ -46.803342777188973, -23.661705800138645 ], [ -46.803369650431499, -23.661706751509346 ], [ -46.803455350294833, -23.661729772829656 ], [ -46.80350993242903, -23.661756858461789 ], [ -46.803613348282475, -23.661827891687551 ], [ -46.803656027084365, -23.661866222268571 ], [ -46.80368254685515, -23.66192000101724 ], [ -46.803704571140386, -23.661939068029184 ], [ -46.803726166211526, -23.6619554311462 ], [ -46.803745828252531, -23.66197380328143 ], [ -46.803766331398897, -23.661996319250257 ], [ -46.803781918963899, -23.66201780888731 ], [ -46.803800709893309, -23.662044137227408 ], [ -46.803819322145088, -23.662071731792683 ], [ -46.803831746009429, -23.662091271737971 ], [ -46.803851896774759, -23.662116681276483 ], [ -46.803880677783383, -23.662142351519275 ], [ -46.803900903183937, -23.662158911147781 ], [ -46.803928843104764, -23.662180437545071 ], [ -46.803957745835412, -23.662200688579137 ], [ -46.803989720616151, -23.662216208433193 ], [ -46.804012966045313, -23.662224245034373 ], [ -46.804042538927348, -23.662236180992938 ], [ -46.804072746984687, -23.662251540807397 ], [ -46.80410041410277, -23.662267471979824 ], [ -46.80412532938324, -23.662282893412318 ], [ -46.80414889228949, -23.662299775328005 ], [ -46.80417146266425, -23.662315765834791 ], [ -46.804194189422425, -23.66232886503693 ], [ -46.804216903793794, -23.662341061417251 ], [ -46.80424021369214, -23.662353792636615 ], [ -46.804262761782049, -23.662368158056005 ], [ -46.80428558521303, -23.662388299225245 ], [ -46.804310778352857, -23.662409676941916 ], [ -46.804336306556259, -23.662426897124778 ], [ -46.804376422737562, -23.662449906966376 ], [ -46.804409516795445, -23.662461260065733 ], [ -46.804441181645061, -23.662468476175633 ], [ -46.804471504034332, -23.662477875023544 ], [ -46.804497151462428, -23.662489495422712 ], [ -46.804521275274581, -23.662504384227219 ], [ -46.804547989614719, -23.662522312927873 ], [ -46.804568170537657, -23.662535622314927 ], [ -46.804584917124707, -23.662555834213535 ], [ -46.804589775313808, -23.662581241167111 ], [ -46.804587167024977, -23.662605470937336 ], [ -46.804577541325244, -23.662632671920505 ], [ -46.804569605527114, -23.662654435446552 ], [ -46.804559994693314, -23.662682719810483 ], [ -46.804548793308228, -23.662709397366967 ], [ -46.804537366144316, -23.662733910442821 ], [ -46.804529231825832, -23.662755495686856 ], [ -46.80452292374234, -23.662781574472255 ], [ -46.804520722372068, -23.662806883057087 ], [ -46.804520678571151, -23.66283225680904 ], [ -46.804521020633949, -23.662857174585625 ], [ -46.804522365156309, -23.662883706018722 ], [ -46.804528009949507, -23.662909284404169 ], [ -46.804540530674672, -23.662935866259524 ], [ -46.804555856661977, -23.662959706553174 ], [ -46.804570647960965, -23.662980302408322 ], [ -46.804581138992411, -23.663001851311002 ], [ -46.804735869603483, -23.663233103580875 ], [ -46.804743019670809, -23.663239792510055 ], [ -46.804888764599333, -23.66345913986655 ], [ -46.804902953041271, -23.663478659151824 ], [ -46.804918300318171, -23.663496900788434 ], [ -46.804932682320455, -23.663516237223131 ], [ -46.80495531250746, -23.663536561119685 ], [ -46.804976066847658, -23.663548780207396 ], [ -46.805004654996431, -23.66356036624865 ], [ -46.805038596812324, -23.663569181025025 ], [ -46.805045027554677, -23.663552040119793 ], [ -46.805058983248415, -23.663526052811584 ], [ -46.805219503684334, -23.663300789749385 ], [ -46.805398389607582, -23.663235046515158 ], [ -46.805444012753135, -23.663216455633727 ], [ -46.805555658619369, -23.663172805664786 ], [ -46.805635322845461, -23.663141718329737 ], [ -46.805715473386698, -23.663110354398974 ], [ -46.80574950332813, -23.66309704542973 ], [ -46.805803663609005, -23.663079077316098 ], [ -46.805881641610277, -23.663046564774039 ], [ -46.805939734884582, -23.663022320335713 ], [ -46.806038026762728, -23.662984243460333 ], [ -46.806136416595237, -23.662946165383254 ], [ -46.80618658296271, -23.662922916225114 ], [ -46.806238893235708, -23.662898739096036 ], [ -46.806325786656103, -23.662858718117377 ], [ -46.806412091931485, -23.662818703949604 ], [ -46.806511980275616, -23.662775551587725 ], [ -46.806534393418936, -23.6627658091566 ], [ -46.806581415709125, -23.662727787965324 ], [ -46.80666192054894, -23.662672310359664 ], [ -46.806699599127597, -23.662646317182723 ], [ -46.806740677185388, -23.662618026951328 ], [ -46.806806809731192, -23.662572468858428 ], [ -46.80681894864567, -23.662564110348374 ], [ -46.806856725175692, -23.662538115993645 ], [ -46.806898288273892, -23.662509458882273 ], [ -46.806949757011537, -23.662474004320966 ], [ -46.80698559057106, -23.662449296743045 ], [ -46.807002099164961, -23.662437907484222 ], [ -46.807029161034897, -23.662416914045401 ], [ -46.807069415116253, -23.662385743866146 ], [ -46.807170970202442, -23.662306994981098 ], [ -46.807209962439401, -23.662276742447634 ], [ -46.807309744536887, -23.662218782272639 ], [ -46.807367416501009, -23.662185332034742 ], [ -46.80741361087302, -23.66215842669348 ], [ -46.807492484807348, -23.662112719694843 ], [ -46.807505613708052, -23.662105071954812 ], [ -46.807520103635206, -23.662096595670722 ], [ -46.807574447968712, -23.662063545365164 ], [ -46.807621112461149, -23.662035189742987 ], [ -46.807662527615349, -23.662010055716049 ], [ -46.807713955037322, -23.661978755022552 ], [ -46.807780408334061, -23.661942312709851 ], [ -46.807812224315974, -23.661924875519986 ], [ -46.807882274280708, -23.661886224093511 ], [ -46.807896927904075, -23.66187539816687 ], [ -46.807946572335624, -23.661842763763588 ], [ -46.807978226930523, -23.661820723322332 ], [ -46.807997765021199, -23.661801533146821 ], [ -46.808037735971922, -23.661785445490956 ], [ -46.808036681681514, -23.661701662988555 ], [ -46.808143534776306, -23.661637569958309 ], [ -46.808287724562042, -23.661551189453959 ], [ -46.808335848222967, -23.661557670903147 ], [ -46.808330104760465, -23.661346806200676 ], [ -46.808328947895674, -23.661305464079117 ], [ -46.808321686959559, -23.661269340076316 ], [ -46.808311981896829, -23.661233696078401 ], [ -46.808299737179404, -23.661198713791965 ], [ -46.808285150078014, -23.661164481210154 ], [ -46.80826822431969, -23.661131269177137 ], [ -46.808249056677376, -23.661098986266587 ], [ -46.808227652119434, -23.661067993604135 ], [ -46.808204108660135, -23.661038290044988 ], [ -46.808178623568821, -23.661009963582181 ], [ -46.80815129858447, -23.660983283915847 ], [ -46.808122034451898, -23.660958161907185 ], [ -46.808091228191465, -23.660934954106686 ], [ -46.807633964669748, -23.660638609930061 ], [ -46.807564113110971, -23.660584705348096 ], [ -46.807498029505844, -23.660526783746263 ], [ -46.807436109632249, -23.660465111401034 ], [ -46.807378455226939, -23.660399958019148 ], [ -46.807325462064298, -23.660331589877501 ], [ -46.807146329390356, -23.66010089566381 ], [ -46.807113073131141, -23.660063449426097 ], [ -46.807077392631179, -23.660027927672303 ], [ -46.807039486398054, -23.659994508678103 ], [ -46.806999258900433, -23.659963374148315 ], [ -46.806957102188555, -23.659934519509275 ], [ -46.806913018742904, -23.659908125322893 ], [ -46.806806699712041, -23.659861237234914 ], [ -46.806800358652772, -23.659849211486016 ], [ -46.806743359888692, -23.659731858990412 ], [ -46.806708495933179, -23.659655874925328 ], [ -46.807045671025136, -23.659495911337402 ], [ -46.807072454429793, -23.659483228410359 ], [ -46.807435564683132, -23.659334519462998 ], [ -46.807564555982808, -23.659290756190948 ], [ -46.807695394577941, -23.659253021107698 ], [ -46.808499336335501, -23.659068826841398 ], [ -46.808515268537178, -23.659044080342831 ], [ -46.808519744510164, -23.659020280217948 ], [ -46.808518214624293, -23.659008830464138 ], [ -46.808476585081145, -23.658875768337843 ], [ -46.808444868609463, -23.658850494392869 ], [ -46.808394157546445, -23.658812620064623 ], [ -46.808341132723228, -23.658777571900519 ], [ -46.808285991403132, -23.658745437892389 ], [ -46.808033237511026, -23.658607164060232 ], [ -46.807910882368738, -23.658541772494345 ], [ -46.807785269429743, -23.658481836602085 ], [ -46.807676934040025, -23.658437952359908 ], [ -46.807565177044459, -23.658401873422171 ], [ -46.807459006798965, -23.658372862633783 ], [ -46.807456055282763, -23.658372084395321 ], [ -46.807391423415254, -23.658355501394631 ], [ -46.807438658243235, -23.658247497992793 ], [ -46.807529889625442, -23.658038391436229 ], [ -46.807688498044861, -23.657674814763709 ], [ -46.807729959799005, -23.657581867799699 ], [ -46.807780754722756, -23.657469037082809 ], [ -46.807906321790959, -23.657190633794734 ], [ -46.807974687161789, -23.657172228428294 ], [ -46.808006784987342, -23.657168242088911 ], [ -46.808073404825585, -23.657158344886046 ], [ -46.808126644377701, -23.657152035032414 ], [ -46.808158913382265, -23.657146240741209 ], [ -46.808177592433921, -23.657143043013793 ], [ -46.808212852582095, -23.657133782555203 ], [ -46.808229554036821, -23.657129343751159 ], [ -46.808264513937232, -23.657119635303822 ], [ -46.808278180785521, -23.657115502793886 ], [ -46.808329822258855, -23.657099911014736 ], [ -46.80835871790589, -23.657091176274442 ], [ -46.808376771630037, -23.657085276935966 ], [ -46.80842712900737, -23.657068977741151 ], [ -46.808451527332053, -23.657061108133249 ], [ -46.808482498565844, -23.657053613294458 ], [ -46.808540142219684, -23.657039667026783 ], [ -46.808586926566043, -23.657027292216274 ], [ -46.808642502040179, -23.657012647680059 ], [ -46.808685432910828, -23.656998060412075 ], [ -46.808727972971361, -23.656983567990299 ], [ -46.808742315926047, -23.656978705180041 ], [ -46.808828394848661, -23.65695819647464 ], [ -46.808923210218239, -23.656931445603039 ], [ -46.809012166039281, -23.656906298112411 ], [ -46.809049858921867, -23.656895744923862 ], [ -46.809072794468364, -23.656888434074556 ], [ -46.809152392164648, -23.656867097895109 ], [ -46.80923082240438, -23.656846407379074 ], [ -46.809330446310597, -23.656820051606129 ], [ -46.809422061905998, -23.656795866089769 ], [ -46.809448139950774, -23.656788969974446 ], [ -46.809469522197524, -23.656782760758876 ], [ -46.809514336202319, -23.656769686314359 ], [ -46.809540404296477, -23.656762067931137 ], [ -46.809609965170274, -23.656745092641753 ], [ -46.809640232633257, -23.656729208256632 ], [ -46.809667191350449, -23.656715078131434 ], [ -46.809733268392741, -23.656694260739012 ], [ -46.809830939790082, -23.656689869412833 ], [ -46.809882279391815, -23.656673738881057 ], [ -46.809930425654976, -23.656660625401472 ], [ -46.80996442862498, -23.656645509991634 ], [ -46.809975116532549, -23.656638612950445 ], [ -46.810004751122847, -23.656619485229008 ], [ -46.810046816998046, -23.656606171845258 ], [ -46.81005228567809, -23.656604663231636 ], [ -46.810054429472004, -23.656603735230313 ], [ -46.810075528809577, -23.656598341903265 ], [ -46.810099655272026, -23.656592100549776 ], [ -46.810124617837587, -23.656582508470233 ], [ -46.810147880846593, -23.656577631636921 ], [ -46.810166038630889, -23.656572182361842 ], [ -46.81018003791084, -23.656570844985634 ], [ -46.810191001364679, -23.656569723662521 ], [ -46.810287249715053, -23.65656877992847 ], [ -46.810393959030186, -23.656565817706511 ], [ -46.810491757930563, -23.656556458194089 ], [ -46.810591147349548, -23.656548705367012 ], [ -46.81063686236007, -23.656729214899745 ], [ -46.810656348726383, -23.65680600978143 ], [ -46.810701924505352, -23.656798434159032 ], [ -46.810750568223717, -23.656785856390211 ], [ -46.81079796266576, -23.656775099126293 ], [ -46.810843106595456, -23.656764639034822 ], [ -46.810833826891383, -23.656731428217519 ], [ -46.810843304034229, -23.656729150366878 ], [ -46.81088404619193, -23.656719373773665 ], [ -46.810933482644685, -23.656707418758419 ], [ -46.810984244199425, -23.656699150381431 ], [ -46.811029389328198, -23.65668878051962 ], [ -46.810971036882705, -23.656473293636498 ], [ -46.81107932870102, -23.656457129225657 ], [ -46.81116729863264, -23.656431630868806 ], [ -46.811237566281974, -23.656416181639067 ], [ -46.811294344380094, -23.65639637524465 ], [ -46.811349909271478, -23.656381007518323 ], [ -46.811398150045903, -23.656346311729116 ], [ -46.811434158714775, -23.656327380128889 ], [ -46.811481881037814, -23.656297746955399 ], [ -46.811517492417906, -23.656271325407587 ], [ -46.811528992892192, -23.656266495575188 ], [ -46.811560484364627, -23.656246984679672 ], [ -46.811638724199099, -23.65619830342553 ], [ -46.811706468492105, -23.65615624615269 ], [ -46.811720270180203, -23.656147687265307 ], [ -46.811760897376054, -23.656122471170701 ], [ -46.811801912862464, -23.656096979638306 ], [ -46.811879719155705, -23.656038190180809 ], [ -46.811919163950975, -23.65601253639176 ], [ -46.81198224714035, -23.655973693866528 ], [ -46.812020718020904, -23.655948502921152 ], [ -46.812047924294262, -23.655931028552036 ], [ -46.812061235888009, -23.655922475366928 ], [ -46.812094678674804, -23.655902309480776 ], [ -46.812142754154934, -23.655869872809998 ], [ -46.812171120333296, -23.655851211008674 ], [ -46.812183069732626, -23.655843396111283 ], [ -46.812224803461575, -23.655820243772581 ], [ -46.812270910268623, -23.655794331401712 ], [ -46.812304822837781, -23.655765581855093 ], [ -46.812317550074162, -23.655757306371356 ], [ -46.812373797252931, -23.655720349562465 ], [ -46.812382151392363, -23.655714834098244 ], [ -46.812462933555636, -23.65565862815129 ], [ -46.812476923691804, -23.655649525220728 ], [ -46.812540753273986, -23.655607964872353 ], [ -46.812589142470628, -23.655576969139933 ], [ -46.812630828748112, -23.655550386004421 ], [ -46.812701857390849, -23.655504858660098 ], [ -46.812744047357278, -23.655479262860812 ], [ -46.812790151446812, -23.655453169784948 ], [ -46.812864506063022, -23.655407151984875 ], [ -46.812901409597025, -23.655296739719809 ], [ -46.81306637101811, -23.654997103883293 ], [ -46.813225576800207, -23.654756408246712 ], [ -46.813237274909334, -23.65473748980428 ], [ -46.813247691435471, -23.654718044579791 ], [ -46.813256826379096, -23.654698072573471 ], [ -46.813264579242485, -23.654677394369333 ], [ -46.813271055503968, -23.654656550509568 ], [ -46.813281567792288, -23.654537417353282 ], [ -46.813330507918927, -23.654546416105063 ], [ -46.813389225792925, -23.654539408331477 ], [ -46.813389599926317, -23.654502563177523 ], [ -46.813376050190357, -23.654429852834429 ], [ -46.813363031595941, -23.654360116042746 ], [ -46.813350333185674, -23.654292271718823 ], [ -46.81333678972576, -23.65422001277507 ], [ -46.813304030813661, -23.654154660564291 ], [ -46.813255749655767, -23.654093914461907 ], [ -46.813221932731572, -23.654058462594236 ], [ -46.813185628282525, -23.65402033094016 ], [ -46.813155492460645, -23.653988809013924 ], [ -46.813122470857174, -23.653954160480975 ], [ -46.813054538537678, -23.653918475617179 ], [ -46.813021469398365, -23.653901706232062 ], [ -46.812992112439787, -23.653891123840101 ], [ -46.812946111251591, -23.653874866904417 ], [ -46.812930942115614, -23.653869536293335 ], [ -46.812854995955817, -23.653842703797892 ], [ -46.812846624216789, -23.653839821955568 ], [ -46.812782892043082, -23.653817271057999 ], [ -46.812743295013483, -23.653803377143745 ], [ -46.812707645683027, -23.653791423558175 ], [ -46.812643170555617, -23.653771861060239 ], [ -46.812629884745306, -23.653768043423945 ], [ -46.812550169898103, -23.653745137581208 ], [ -46.812459646554231, -23.65371323819728 ], [ -46.812403895432602, -23.653693663866324 ], [ -46.812369026487445, -23.653681430185287 ], [ -46.812333676218699, -23.653669834197061 ], [ -46.812275483646431, -23.653650920440541 ], [ -46.812259627260985, -23.653645507501221 ], [ -46.812185467879942, -23.653620279098988 ], [ -46.812174634777364, -23.653616613334808 ], [ -46.812132014551594, -23.653603838160421 ], [ -46.812110272736916, -23.653598132836876 ], [ -46.812089316229745, -23.653592508624151 ], [ -46.812059363894079, -23.653581391232674 ], [ -46.811998471696178, -23.653558626200933 ], [ -46.81196252349028, -23.653546314746809 ], [ -46.811921354761239, -23.653532168100771 ], [ -46.811908650818893, -23.653527892117069 ], [ -46.811849021573494, -23.653504299593742 ], [ -46.811790618191942, -23.653484304558962 ], [ -46.811760828577597, -23.65344230394318 ], [ -46.811726550780726, -23.653444510574229 ], [ -46.811692241888963, -23.653444460159005 ], [ -46.811250755293777, -23.653431019388428 ], [ -46.811162899621955, -23.653436199742004 ], [ -46.811120401596597, -23.653439405264148 ], [ -46.810952833185951, -23.653137065472087 ], [ -46.810738554630497, -23.653065887494915 ], [ -46.810466022662588, -23.653192054696142 ], [ -46.81028651785531, -23.652998028297958 ], [ -46.810188359290755, -23.652952581994928 ], [ -46.809776336578821, -23.652907550321387 ], [ -46.809490730109481, -23.652874315179186 ], [ -46.809307449855524, -23.652932980327755 ], [ -46.809101738442585, -23.652928699776034 ], [ -46.808989143889818, -23.65291692108211 ], [ -46.808372323499029, -23.652484918662029 ], [ -46.808342040361516, -23.652463962094192 ], [ -46.808246590825362, -23.652394464101974 ], [ -46.807900732548546, -23.652142418763479 ], [ -46.807813568104855, -23.652062349471656 ], [ -46.807728587216381, -23.651984241173963 ], [ -46.80772536798758, -23.652013895888114 ], [ -46.807724108894007, -23.652043527740005 ], [ -46.807724910425655, -23.652073316149995 ], [ -46.807727571606549, -23.652102902277132 ], [ -46.80773219168568, -23.652132375259924 ], [ -46.807778142817753, -23.652323357608953 ], [ -46.807784180873412, -23.652341888204894 ], [ -46.80782994313887, -23.652433546875979 ], [ -46.807595213504484, -23.65238617026715 ], [ -46.807428337150981, -23.652340349721147 ], [ -46.807268019926575, -23.652286777323766 ], [ -46.807233275818334, -23.652276437207192 ], [ -46.80718253424314, -23.652264658283858 ], [ -46.807140679053987, -23.652257561430982 ], [ -46.807098464093677, -23.652252816464063 ], [ -46.807055890600438, -23.652250513664747 ], [ -46.807013348118979, -23.65225046789859 ], [ -46.806941589625758, -23.652250040371211 ], [ -46.806869981232225, -23.652253403503824 ], [ -46.806798623419823, -23.652260736718063 ], [ -46.806728003736893, -23.652271853738611 ], [ -46.806445338684867, -23.652331312858308 ], [ -46.806186853831136, -23.652388503166854 ], [ -46.806111739257126, -23.652407798960489 ], [ -46.806002999382891, -23.652441121285047 ], [ -46.805846163708019, -23.652498300381765 ], [ -46.805732516957477, -23.652545495030068 ], [ -46.805676588011089, -23.652569984866787 ], [ -46.805659807604343, -23.652575778737706 ], [ -46.805642718299737, -23.652580492650003 ], [ -46.805625322576667, -23.652584307167267 ], [ -46.805607715963788, -23.652587040583867 ], [ -46.805589898461506, -23.65258869289968 ], [ -46.805572068563862, -23.652589442394813 ], [ -46.805554123306031, -23.652588929083542 ], [ -46.805536361668352, -23.652587510667974 ], [ -46.805518683164962, -23.652585007726195 ], [ -46.805501185803635, -23.652581419116459 ], [ -46.805377519633531, -23.652548547108079 ], [ -46.805357039923393, -23.652541923147144 ], [ -46.805337130908605, -23.652534028387308 ], [ -46.805317890596989, -23.652524861687183 ], [ -46.805299223460288, -23.652514604752355 ], [ -46.805281424759954, -23.652503344440085 ], [ -46.805264395249701, -23.652490991610385 ], [ -46.80524833218356, -23.652477634262222 ], [ -46.805233137554389, -23.65246327353746 ], [ -46.805219107862492, -23.652448086575482 ], [ -46.805211545303386, -23.652439867399199 ], [ -46.805203104397762, -23.652431929341962 ], [ -46.80519417965305, -23.652424448401248 ], [ -46.805184773547616, -23.652417605140776 ], [ -46.805174884842202, -23.65241130927858 ], [ -46.805164513536738, -23.652405560814564 ], [ -46.805153760116703, -23.652400539170923 ], [ -46.805142720110844, -23.652396062642296 ], [ -46.805131395997364, -23.652392311792404 ], [ -46.805119787776086, -23.652389286621222 ], [ -46.80510809146125, -23.652386984845744 ], [ -46.805096109799109, -23.652385318466997 ], [ -46.805054703671004, -23.652382369447366 ], [ -46.805013239187346, -23.652382310578652 ], [ -46.804957703791843, -23.652385485642263 ], [ -46.804902500823083, -23.652391456001073 ], [ -46.80484772828482, -23.652400220514323 ], [ -46.804700181009345, -23.652427131330708 ], [ -46.804748534757763, -23.65261492643668 ], [ -46.804945152561103, -23.653263673273621 ], [ -46.804986507939468, -23.653427169752948 ], [ -46.804995619504446, -23.653469683496979 ], [ -46.80500141367218, -23.653513319432019 ], [ -46.805004942159563, -23.65357756931369 ], [ -46.805003178212658, -23.653641880833636 ], [ -46.805000427326554, -23.653669995025798 ], [ -46.804995712558458, -23.653697861201476 ], [ -46.804989229923557, -23.653725477077614 ], [ -46.804980877695058, -23.653752572949905 ], [ -46.804970755119285, -23.653779237958524 ], [ -46.8049513438228, -23.653821903297708 ], [ -46.804929172173196, -23.65386342693046 ], [ -46.804904335698424, -23.653903627150576 ], [ -46.804876835635696, -23.653942594238753 ], [ -46.804819685596236, -23.654013871511903 ], [ -46.804799449514249, -23.654039299843575 ], [ -46.804780793950385, -23.654065612730442 ], [ -46.804763819391837, -23.654092989595483 ], [ -46.804748620130844, -23.654121158452202 ], [ -46.804735196168345, -23.654150119301061 ], [ -46.804730170218392, -23.654162458127775 ], [ -46.804437347187104, -23.655010770485422 ], [ -46.804313059365519, -23.655361393451358 ], [ -46.804265517144771, -23.655489987150798 ], [ -46.804258436473994, -23.655509754185349 ], [ -46.804228130792829, -23.65555146273104 ], [ -46.804195451803402, -23.655591663864445 ], [ -46.804160395788422, -23.655630086738451 ], [ -46.804123158766387, -23.655666729069491 ], [ -46.804080151535729, -23.655704341529205 ], [ -46.804034854136177, -23.655739362044784 ], [ -46.803987368293797, -23.655772060319002 ], [ -46.803873788289764, -23.655838666690954 ], [ -46.803866131027299, -23.655895010435554 ], [ -46.804569887850718, -23.656361594992976 ], [ -46.80441670248819, -23.656578013049746 ], [ -46.804339994059262, -23.656695659340109 ], [ -46.804258494903209, -23.656714216031315 ], [ -46.80423980995829, -23.656759852620716 ], [ -46.803993676301623, -23.6571321203404 ], [ -46.803765821405392, -23.657486386582239 ], [ -46.803636110269935, -23.657449068954879 ], [ -46.803635916724687, -23.657449251800241 ], [ -46.80297212330526, -23.657259408003373 ], [ -46.802890341965025, -23.657235979481015 ], [ -46.802519591356209, -23.657127692901721 ], [ -46.80234935040702, -23.657122810505378 ], [ -46.802179039651513, -23.657127138963027 ], [ -46.801380198274416, -23.656846395126166 ], [ -46.801282383849049, -23.656811774753248 ], [ -46.801182208247269, -23.656783683101619 ], [ -46.801080064734421, -23.656762205893131 ], [ -46.801038711962782, -23.656756094869415 ], [ -46.80099690129191, -23.656752336862965 ], [ -46.800955025998853, -23.656751017599412 ], [ -46.800913083608229, -23.656751956514729 ], [ -46.800871370622936, -23.656755330756191 ], [ -46.80082988580422, -23.656761050041993 ], [ -46.800620029580386, -23.656798162431336 ], [ -46.800390261843326, -23.656841555736573 ], [ -46.800294601364186, -23.656856843633125 ], [ -46.80019797965484, -23.656866363665646 ], [ -46.800100884309707, -23.65686992957491 ], [ -46.800023030348001, -23.656868395915168 ], [ -46.799945313085374, -23.656862526398704 ], [ -46.799868222583683, -23.656852315333474 ], [ -46.799648358245221, -23.656809991483083 ], [ -46.799513867189532, -23.656774260857258 ], [ -46.799344377295242, -23.656723947279563 ], [ -46.799126704569382, -23.656655501538189 ], [ -46.798829252761607, -23.656545090728542 ], [ -46.798393178341804, -23.656361974067526 ], [ -46.798335728749784, -23.656332842907272 ], [ -46.798280294188416, -23.65630052796358 ], [ -46.798083983839518, -23.656159776172327 ] ] ] } },
{ "type": "Feature", "properties": { "nome": "VISTA ALEGRE", "codigo": 6, "regiao": "CENTRO", "populacao_2010": 15043, "mulheres_2010": 7629, "homens_2010": 7414, "domicilios": 4491, "populacao_2015": 16242, "area_km2": 3.37, "densidade_2015": 4821.13, "fonte_cartografica": "Base oficial de Limites Administrativos de Embu das Artes", "crs_origem": "SIRGAS 2000 / UTM zone 23S (EPSG:31983)", "status_geometria": "oficial", "nota_demografica": "Atributos populacionais da base referem-se principalmente a 2010 e 2015; não devem ser apresentados como dados atuais." }, "geometry": { "type": "Polygon", "coordinates": [ [ [ -46.809669481389534, -23.618797187568401 ], [ -46.809693857857383, -23.618902369582962 ], [ -46.809682188120462, -23.619023051549746 ], [ -46.809715804748713, -23.619130292895647 ], [ -46.809729982520118, -23.619263495477053 ], [ -46.809738678180551, -23.619304388665991 ], [ -46.810191789355166, -23.619573062352789 ], [ -46.812085493202311, -23.62074747427398 ], [ -46.812784671101269, -23.621199908216003 ], [ -46.813120013205783, -23.621469587519776 ], [ -46.813395538371417, -23.621708000307901 ], [ -46.81365161510179, -23.621978695118649 ], [ -46.814185203177217, -23.622624576369244 ], [ -46.814753763484127, -23.623297496442849 ], [ -46.815795575522522, -23.624553065149964 ], [ -46.816917749143279, -23.62588524885641 ], [ -46.817473946271704, -23.626547918049255 ], [ -46.817778350027488, -23.626910411716352 ], [ -46.818642541085815, -23.627960358343437 ], [ -46.819001576418785, -23.628396432048984 ], [ -46.819852278022772, -23.629426212360968 ], [ -46.821025282058272, -23.630848963964254 ], [ -46.822006605455371, -23.632009390064336 ], [ -46.822439629881131, -23.632542466019377 ], [ -46.823164384233912, -23.633405032242429 ], [ -46.823541515205044, -23.633829232749708 ], [ -46.823932815038731, -23.634207756430136 ], [ -46.824303310295363, -23.634513474391706 ], [ -46.824962950952504, -23.63496179722981 ], [ -46.825601092086984, -23.635287116347275 ], [ -46.826178111984596, -23.635494774701879 ], [ -46.826739637364852, -23.635652228304359 ], [ -46.826971972099535, -23.635698341196473 ], [ -46.827260817488295, -23.635755616588593 ], [ -46.827860669409574, -23.63582150598927 ], [ -46.828454924756343, -23.63583725461746 ], [ -46.829167696118155, -23.635833453570942 ], [ -46.830226873026525, -23.635825470812097 ], [ -46.831009305604148, -23.635848198658707 ], [ -46.831574848483207, -23.635941747935107 ], [ -46.832052050996147, -23.63608211868959 ], [ -46.832500561596333, -23.63628756890478 ], [ -46.832501154586623, -23.636287923079305 ], [ -46.832614983522291, -23.636340032823785 ], [ -46.832965107950891, -23.63659576510695 ], [ -46.832997602094039, -23.636627706802741 ], [ -46.832997700087994, -23.636627705644361 ], [ -46.833236084757843, -23.63686164241081 ], [ -46.833744847153227, -23.63749410623198 ], [ -46.834344796914536, -23.638262467587975 ], [ -46.83465958593284, -23.638000678814272 ], [ -46.834659583415714, -23.63800049825312 ], [ -46.834632748750558, -23.637622297164008 ], [ -46.834637250247361, -23.637101509917546 ], [ -46.834610488744872, -23.636770713033656 ], [ -46.834537275205342, -23.636299604738202 ], [ -46.834460005994863, -23.635959382504495 ], [ -46.834327939103481, -23.635625406736636 ], [ -46.834090567067541, -23.635161657546661 ], [ -46.833912198052097, -23.634901910073349 ], [ -46.832971835762663, -23.633510647706586 ], [ -46.832198910666783, -23.632444812267668 ], [ -46.831696274669667, -23.631799808490982 ], [ -46.831702335039786, -23.631770481129358 ], [ -46.831702985828343, -23.631746815987661 ], [ -46.831701483341106, -23.631723356868836 ], [ -46.831697719549574, -23.631692339624234 ], [ -46.831697006011893, -23.631669232369639 ], [ -46.831693877899546, -23.631641638850915 ], [ -46.831690423147521, -23.631618744562701 ], [ -46.83168923474566, -23.6315896834044 ], [ -46.83168810663971, -23.631564955724272 ], [ -46.831686790090913, -23.631540772043444 ], [ -46.83167804889667, -23.631518301372452 ], [ -46.831670687105287, -23.631496356183312 ], [ -46.831663320292122, -23.631474049870384 ], [ -46.831654898213088, -23.63144633828173 ], [ -46.831647493722734, -23.631421323543524 ], [ -46.831636011332904, -23.631399065834437 ], [ -46.831623250066514, -23.631369418985479 ], [ -46.831617569214508, -23.631341494428447 ], [ -46.831612453696366, -23.631311937872933 ], [ -46.831609697478612, -23.631282895227773 ], [ -46.831609679959037, -23.631253459056111 ], [ -46.831611094591445, -23.631228340161531 ], [ -46.831613323289289, -23.631205378748206 ], [ -46.831615299483488, -23.631178357013059 ], [ -46.831621618636973, -23.631153541378843 ], [ -46.831631126221595, -23.631132480506015 ], [ -46.831644121245724, -23.631108488985362 ], [ -46.83165499063378, -23.631086689663189 ], [ -46.831663259525378, -23.631061128635853 ], [ -46.831670108824213, -23.631032153139508 ], [ -46.831672835010707, -23.631002684563942 ], [ -46.831672445619922, -23.630974697514169 ], [ -46.831672053717561, -23.630946529902669 ], [ -46.83167175981999, -23.630911318073597 ], [ -46.831670767419538, -23.630882254597442 ], [ -46.831668254915733, -23.630856640308149 ], [ -46.831665322820555, -23.630829044469998 ], [ -46.831662147016566, -23.630798020275424 ], [ -46.831658694815026, -23.630775306544059 ], [ -46.831654855680647, -23.630752958564731 ], [ -46.831648735169097, -23.63072160796375 ], [ -46.831641129727259, -23.63069623441169 ], [ -46.831635642378075, -23.630668126975333 ], [ -46.831629773121776, -23.630640746414006 ], [ -46.831622959142017, -23.630615905287264 ], [ -46.831613544683776, -23.630587302453691 ], [ -46.831598728227029, -23.630564903518614 ], [ -46.831580771087438, -23.630542180488955 ], [ -46.831566949608487, -23.630520853347846 ], [ -46.831552899499563, -23.630497181218278 ], [ -46.831537623283459, -23.630469911740363 ], [ -46.831528429954368, -23.630443112201355 ], [ -46.831523211468131, -23.630420238731247 ], [ -46.831515050790202, -23.630397219413759 ], [ -46.831501450436086, -23.630377695566963 ], [ -46.831484915428831, -23.630358567555945 ], [ -46.831470131675623, -23.630338515906409 ], [ -46.831457094152405, -23.63031717949556 ], [ -46.831441664701025, -23.630292981867353 ], [ -46.831425742767131, -23.630275652522567 ], [ -46.831411147476103, -23.630255056866908 ], [ -46.831394607474522, -23.630235567720895 ], [ -46.831370587641516, -23.63021381920743 ], [ -46.831346047695646, -23.630196952796823 ], [ -46.831322261530431, -23.630177910385747 ], [ -46.831301646189672, -23.630161358809726 ], [ -46.831284930330348, -23.630143316457414 ], [ -46.831270113982733, -23.630120917483151 ], [ -46.831259792585328, -23.630097562477797 ], [ -46.831258265101894, -23.6300722977271 ], [ -46.831260441114878, -23.630045544517831 ], [ -46.83126320003911, -23.630018423243285 ], [ -46.831266401149485, -23.629994908574279 ], [ -46.83126647665415, -23.629972153175206 ], [ -46.831266331065756, -23.629947594473251 ], [ -46.83126654478427, -23.629920683841501 ], [ -46.831265951987248, -23.629892157410357 ], [ -46.831265047603061, -23.62986941358071 ], [ -46.8312642462719, -23.629839986654872 ], [ -46.831263678591981, -23.629813265840184 ], [ -46.831264143543649, -23.629790325251022 ], [ -46.831269314476074, -23.629767509689071 ], [ -46.831273844731882, -23.629740909273494 ], [ -46.831272146392074, -23.629717452452521 ], [ -46.831264563697033, -23.629693703925906 ], [ -46.831254033804569, -23.629669448422302 ], [ -46.8312482828089, -23.629636468109318 ], [ -46.831245355869981, -23.629609233375337 ], [ -46.831243629912755, -23.629583790374678 ], [ -46.831229954347414, -23.629558849643715 ], [ -46.831226004920943, -23.629514470803617 ], [ -46.831231756250915, -23.629491106615728 ], [ -46.831236522669094, -23.629467392873664 ], [ -46.831248130714897, -23.629442334213973 ], [ -46.831259959848381, -23.629419078856603 ], [ -46.83126684182713, -23.629392450674015 ], [ -46.831274573010532, -23.6293705078395 ], [ -46.831287585531612, -23.629347780282139 ], [ -46.831303925893884, -23.629324742544412 ], [ -46.831328978405786, -23.62930801293064 ], [ -46.831354714281964, -23.629298137715097 ], [ -46.831388050565792, -23.629285102699466 ], [ -46.831412761337326, -23.629271988934828 ], [ -46.831439075084006, -23.629261384517164 ], [ -46.831466182781362, -23.62925149308542 ], [ -46.831488986513946, -23.629242194245926 ], [ -46.831517875579024, -23.629233545909774 ], [ -46.831553033393511, -23.629224642951037 ], [ -46.831584673663691, -23.629216503888433 ], [ -46.83161394964587, -23.629207489783195 ], [ -46.831642205547645, -23.629195598257969 ], [ -46.831668092136525, -23.629182470568971 ], [ -46.831694712387588, -23.629165722385221 ], [ -46.831715777453141, -23.629144163837321 ], [ -46.831730350154572, -23.629120876047782 ], [ -46.831751367477757, -23.629095886824416 ], [ -46.831773839530221, -23.629076839931361 ], [ -46.831790464930791, -23.629060209772824 ], [ -46.831808035040794, -23.629041040176972 ], [ -46.831828904091502, -23.629019483930293 ], [ -46.83185248917453, -23.628995909098716 ], [ -46.831871599445634, -23.628974734801762 ], [ -46.831889960975815, -23.628956097624268 ], [ -46.831893486104192, -23.628913617031959 ], [ -46.831899448345432, -23.628891333881747 ], [ -46.831908161792356, -23.628869560011037 ], [ -46.831918829976473, -23.628847401869955 ], [ -46.831936588480062, -23.628827688262383 ], [ -46.831957120795629, -23.628810108986613 ], [ -46.831980823900338, -23.628795020535353 ], [ -46.832007089766144, -23.628780985358453 ], [ -46.832031948618003, -23.62876443851831 ], [ -46.832056852687707, -23.62875114178377 ], [ -46.832085126036041, -23.628740514117059 ], [ -46.832118645512352, -23.628726573833681 ], [ -46.832144428948091, -23.628720129167796 ], [ -46.832146773125075, -23.628719559703576 ], [ -46.832167350621589, -23.628705230511581 ], [ -46.832191078808187, -23.628691947646772 ], [ -46.832219156155368, -23.628681322271987 ], [ -46.832246909388566, -23.628675576685929 ], [ -46.832272758138018, -23.628673826601407 ], [ -46.832297599365226, -23.628670101910661 ], [ -46.832322782286731, -23.628662761353709 ], [ -46.832347211454866, -23.628657596792792 ], [ -46.832376349073002, -23.628652737785785 ], [ -46.83240136113902, -23.628647205147683 ], [ -46.832427222443769, -23.628646357845817 ], [ -46.832451699350351, -23.628644623939021 ], [ -46.832487894611887, -23.628639862121101 ], [ -46.83251584128422, -23.628633933611169 ], [ -46.832548483839403, -23.628627407840941 ], [ -46.832579146525312, -23.628619460726316 ], [ -46.832609841878693, -23.62861386090626 ], [ -46.832634866491048, -23.62860923103937 ], [ -46.832660041838537, -23.628601348744752 ], [ -46.832685619187913, -23.628594184061253 ], [ -46.832714538178983, -23.628587702253849 ], [ -46.832745409386241, -23.628580655599638 ], [ -46.832776644893983, -23.628571618130891 ], [ -46.832813134044741, -23.628559809706928 ], [ -46.83283751792608, -23.628551394963132 ], [ -46.832864434409323, -23.628541866740527 ], [ -46.832890582066341, -23.628533431146213 ], [ -46.832918317635446, -23.628526421512806 ], [ -46.832946658724332, -23.628520668857568 ], [ -46.832976173151664, -23.628514721739879 ], [ -46.833001579624955, -23.628509364937603 ], [ -46.833026996150913, -23.628504730377433 ], [ -46.833053990536378, -23.628500799530709 ], [ -46.833079238734562, -23.628498153455062 ], [ -46.833107439137578, -23.628496375440875 ], [ -46.833134079274927, -23.628495157635577 ], [ -46.833159930480448, -23.62849358796753 ], [ -46.833184985212078, -23.628491124752593 ], [ -46.833212180591822, -23.62848755268557 ], [ -46.833243458777901, -23.628481584671714 ], [ -46.833277053472194, -23.628473060994367 ], [ -46.833307492437037, -23.628463129880281 ], [ -46.833331607376984, -23.628449481094577 ], [ -46.833355634314728, -23.628429512652868 ], [ -46.833380105995239, -23.628413331366367 ], [ -46.833406560054087, -23.628398751964692 ], [ -46.833438682312931, -23.628383022010027 ], [ -46.833465920260942, -23.628368433332771 ], [ -46.83349547722208, -23.62835146955231 ], [ -46.833517077126537, -23.628340198155364 ], [ -46.833541644318387, -23.62833087818186 ], [ -46.833574329401863, -23.628320378692248 ], [ -46.833614479069382, -23.6283040120335 ], [ -46.833641199461773, -23.628294485999106 ], [ -46.833672768942925, -23.628281290810055 ], [ -46.833695964283528, -23.62827198703123 ], [ -46.833720739997034, -23.62826356752133 ], [ -46.833746495583902, -23.62825513642299 ], [ -46.833781801148952, -23.628242799998571 ], [ -46.833814559027815, -23.628230493687703 ], [ -46.83384872393507, -23.628220699011237 ], [ -46.833878165310971, -23.628209515446187 ], [ -46.833905626809532, -23.628196910555467 ], [ -46.8339295783531, -23.62818561129912 ], [ -46.833952376675967, -23.628175950995409 ], [ -46.834082304155558, -23.628153014644646 ], [ -46.834110009068887, -23.628122708905938 ], [ -46.834113267284025, -23.628089261011016 ], [ -46.834147886745555, -23.628069889564259 ], [ -46.834177715693848, -23.628023215197047 ], [ -46.834201387981146, -23.627991873583682 ], [ -46.834237636494827, -23.627955778171458 ], [ -46.834280237592708, -23.627904347673418 ], [ -46.834310149583402, -23.627870674865854 ], [ -46.8343211450876, -23.627843907635562 ], [ -46.834358908500064, -23.62780400186827 ], [ -46.834448757137984, -23.627689979494015 ], [ -46.834508644189761, -23.627648277014423 ], [ -46.834551246343395, -23.627596936733429 ], [ -46.834614261229781, -23.627547612393581 ], [ -46.834641027799684, -23.627534383532502 ], [ -46.834648896562548, -23.627515328389681 ], [ -46.834652024469698, -23.627507706564256 ], [ -46.834663103033975, -23.627493940893785 ], [ -46.834688370715469, -23.627471609901434 ], [ -46.834702461846, -23.627463045738057 ], [ -46.834716668303336, -23.627441658238009 ], [ -46.834718231511957, -23.627399110532775 ], [ -46.834741886223377, -23.627380591025865 ], [ -46.834748125939882, -23.62737825982909 ], [ -46.834762348461247, -23.627343959868657 ], [ -46.834808635203125, -23.627303862887342 ], [ -46.834848882379767, -23.627287494776546 ], [ -46.834862850189637, -23.627270083092888 ], [ -46.834912321808666, -23.627247556043777 ], [ -46.83491773092598, -23.627234850676043 ], [ -46.834934113310908, -23.627221925201237 ], [ -46.834944680061568, -23.627185501380112 ], [ -46.834946671104568, -23.62718069216124 ], [ -46.834957192850233, -23.62715510433992 ], [ -46.834952660002443, -23.627139265943256 ], [ -46.834968393620265, -23.627100884790284 ], [ -46.834961839244087, -23.627073602771269 ], [ -46.834963635362001, -23.626998545905927 ], [ -46.83495646946136, -23.626983641613311 ], [ -46.834957691267384, -23.626958795877936 ], [ -46.835143723210976, -23.626524440457779 ], [ -46.835373295400274, -23.62600071884696 ], [ -46.835404371633004, -23.625931094446276 ], [ -46.835496065094723, -23.625724587064305 ], [ -46.835704715979304, -23.625394525699672 ], [ -46.835452853458484, -23.625303237484783 ], [ -46.835124723228347, -23.625020431241627 ], [ -46.834324000108758, -23.624313135301005 ], [ -46.834046974210331, -23.623969946488174 ], [ -46.833814280235174, -23.623389929339698 ], [ -46.8334772944443, -23.623089887042212 ], [ -46.833206772019665, -23.623037552231338 ], [ -46.832803863863425, -23.623105790771785 ], [ -46.832344493619722, -23.623356189554169 ], [ -46.832057568895095, -23.62361827553665 ], [ -46.831773836956771, -23.623757701759306 ], [ -46.831511581009948, -23.623665626593453 ], [ -46.831213247796612, -23.623628966941499 ], [ -46.830813183822521, -23.623732833688297 ], [ -46.830650725552125, -23.623734750920022 ], [ -46.830448243808867, -23.62369154088762 ], [ -46.830188067395319, -23.623622103127811 ], [ -46.829951767207746, -23.623528906365763 ], [ -46.829698803704247, -23.623259106609957 ], [ -46.829412859171839, -23.622900753950464 ], [ -46.829236536700002, -23.622617046902651 ], [ -46.827591357719463, -23.621440648727308 ], [ -46.827209703816301, -23.621267803099361 ], [ -46.826497012059122, -23.620918352610321 ], [ -46.825522060122047, -23.620411890024631 ], [ -46.824291389285683, -23.619703726893484 ], [ -46.823561898389329, -23.619527105582989 ], [ -46.82335584054627, -23.619472731141258 ], [ -46.822904458366125, -23.619500699523808 ], [ -46.822713173035247, -23.6193524233245 ], [ -46.822323763736151, -23.618993555871647 ], [ -46.82220098018982, -23.618873640011028 ], [ -46.821951775978533, -23.61852666919372 ], [ -46.821842900205517, -23.618391961718558 ], [ -46.821750797052012, -23.618300850836363 ], [ -46.821546201631996, -23.618068573314705 ], [ -46.821302429027334, -23.61778817603965 ], [ -46.821085439508032, -23.617275944655532 ], [ -46.820971435737107, -23.616904811010496 ], [ -46.820629019447736, -23.61656308514414 ], [ -46.820296017665164, -23.61624300935614 ], [ -46.820223321037098, -23.616123587636999 ], [ -46.820228133055423, -23.616074680950138 ], [ -46.820224961636477, -23.615632357109099 ], [ -46.820137533661601, -23.615382901007418 ], [ -46.820048381838731, -23.615065381712853 ], [ -46.81994800865629, -23.61495702967353 ], [ -46.819840644616647, -23.614867541159708 ], [ -46.819743518394077, -23.614788497161257 ], [ -46.819545196611756, -23.614640840744499 ], [ -46.819361105918063, -23.614409583474689 ], [ -46.819293791748052, -23.614225626579049 ], [ -46.819155893314289, -23.613996987810758 ], [ -46.819100162417662, -23.613906712811733 ], [ -46.819072553479018, -23.613794978809757 ], [ -46.819091248330409, -23.61373660887314 ], [ -46.819102815989886, -23.61366595189719 ], [ -46.81919049005144, -23.613507628038388 ], [ -46.819213715981121, -23.613351594722982 ], [ -46.81921865351314, -23.613247876740903 ], [ -46.819188701156882, -23.6131793318315 ], [ -46.819060457035526, -23.613082051067124 ], [ -46.818966261220361, -23.613009292864213 ], [ -46.818823506669524, -23.612890149677153 ], [ -46.818762155243128, -23.612846984743769 ], [ -46.818687762318547, -23.612831603285603 ], [ -46.818513554031988, -23.612811973726661 ], [ -46.818275151428693, -23.612820094731553 ], [ -46.818058474436086, -23.612861641364987 ], [ -46.817947904418766, -23.612887587601612 ], [ -46.817726791222725, -23.612934332640563 ], [ -46.817534074707503, -23.612929817665648 ], [ -46.816420298514757, -23.613023131861485 ], [ -46.816001438311773, -23.613006182343842 ], [ -46.815734607197136, -23.612999372055022 ], [ -46.815602882132616, -23.612997752887107 ], [ -46.815470726371274, -23.612957762682271 ], [ -46.81525433324871, -23.612842186405789 ], [ -46.81486686148893, -23.612599757672765 ], [ -46.814556919578166, -23.612472361980274 ], [ -46.814400896459539, -23.612350028661783 ], [ -46.814175912855397, -23.612229584907976 ], [ -46.814076806627625, -23.612162930826376 ], [ -46.814022181118645, -23.612109933279378 ], [ -46.813999499581747, -23.612049699789477 ], [ -46.814001824697847, -23.611997932748285 ], [ -46.814012843617242, -23.611901457640389 ], [ -46.814078356653951, -23.61169896958285 ], [ -46.814108849791808, -23.611579241232313 ], [ -46.81413504975643, -23.611475094051535 ], [ -46.814147894709699, -23.611397379250324 ], [ -46.814181165923607, -23.611322856932574 ], [ -46.814189170021066, -23.611235175812205 ], [ -46.814166150728191, -23.611157519070773 ], [ -46.814112541223494, -23.611099994831086 ], [ -46.814034543209658, -23.611043297425482 ], [ -46.813926606681896, -23.610982886565786 ], [ -46.813810522291902, -23.610928530419656 ], [ -46.813678860887514, -23.610867313099114 ], [ -46.813630473746336, -23.610840338146282 ], [ -46.813521594187755, -23.610796823446655 ], [ -46.81339279421114, -23.610737017175431 ], [ -46.813194578481856, -23.610702943644451 ], [ -46.813052166143557, -23.61069359126024 ], [ -46.81281753228879, -23.610733263443798 ], [ -46.812433400074291, -23.610732873977984 ], [ -46.811779203512543, -23.610782410194052 ], [ -46.811575565291598, -23.610817203842434 ], [ -46.811443101460036, -23.610911394284148 ], [ -46.811318044786425, -23.610959898413302 ], [ -46.810937555808316, -23.611039284910042 ], [ -46.810395555611883, -23.611110080278138 ], [ -46.810304267848494, -23.611134441682189 ], [ -46.810345525992908, -23.611327285378323 ], [ -46.810385412594798, -23.611513011623632 ], [ -46.810431993165281, -23.611893519753384 ], [ -46.810435364679918, -23.612160306774484 ], [ -46.810452400859049, -23.612387474773456 ], [ -46.810552268318943, -23.612802035002673 ], [ -46.810736813189607, -23.613281523562183 ], [ -46.810937124907298, -23.613703128327618 ], [ -46.81120312600526, -23.614291014607609 ], [ -46.811254099538552, -23.614406270070894 ], [ -46.811341237233805, -23.614521825749478 ], [ -46.811397834789673, -23.614575704175479 ], [ -46.811520537965507, -23.614705021120564 ], [ -46.811633624647101, -23.614840500091073 ], [ -46.811671500170796, -23.614922498594996 ], [ -46.811680520060513, -23.614986955279051 ], [ -46.811688321628331, -23.615112466614203 ], [ -46.811647991558203, -23.615215423992876 ], [ -46.811600522876645, -23.615340858235037 ], [ -46.811529596252996, -23.615477853386203 ], [ -46.811504779707995, -23.61554026709009 ], [ -46.811461774749333, -23.615691022501153 ], [ -46.811382633163973, -23.615893397863111 ], [ -46.811357159093014, -23.615950762619786 ], [ -46.811338240715934, -23.615986018501562 ], [ -46.81131578884991, -23.616020864146194 ], [ -46.811273903685034, -23.616074898897704 ], [ -46.811259715379286, -23.616090685810669 ], [ -46.811230850099491, -23.616122355633706 ], [ -46.811195628671285, -23.616169269455781 ], [ -46.81114850579204, -23.616220114640644 ], [ -46.811114509645151, -23.616263492581243 ], [ -46.811080316275181, -23.616306782520748 ], [ -46.810989464786438, -23.616398771474156 ], [ -46.810963097279789, -23.616433933664112 ], [ -46.810949603447419, -23.616450344522033 ], [ -46.810929355307209, -23.616481552537909 ], [ -46.810918247799009, -23.616507597268658 ], [ -46.810915379251348, -23.616527044495136 ], [ -46.810907131719084, -23.616547276870694 ], [ -46.810899390218751, -23.616568677194675 ], [ -46.81089002518695, -23.616586033123451 ], [ -46.810877591739754, -23.616601167449545 ], [ -46.810852733580944, -23.616639201496454 ], [ -46.810808360060754, -23.616690465986149 ], [ -46.810773718774371, -23.616736831174816 ], [ -46.810729234700133, -23.616772927121538 ], [ -46.810708031325355, -23.616784551917718 ], [ -46.810651754867209, -23.616825390577759 ], [ -46.810578703902713, -23.616872113638312 ], [ -46.810560149693409, -23.616883978392494 ], [ -46.810528849452261, -23.616916760069792 ], [ -46.810500726719447, -23.616945441322176 ], [ -46.810488342824286, -23.616964186902628 ], [ -46.810465038491238, -23.616994076078075 ], [ -46.810428499358217, -23.617030711318701 ], [ -46.810396472276949, -23.617067655092448 ], [ -46.810374578029673, -23.617086060145965 ], [ -46.810351127283397, -23.617112429450387 ], [ -46.810302527834445, -23.617162840150588 ], [ -46.81026883746744, -23.617192850474638 ], [ -46.810232050159023, -23.617225696115209 ], [ -46.810213262713944, -23.617241988081933 ], [ -46.810170589131921, -23.617288627452819 ], [ -46.810155765540792, -23.617300990419206 ], [ -46.81010809739648, -23.617355002060513 ], [ -46.810027763241578, -23.61746366296644 ], [ -46.80981336376756, -23.61780017074825 ], [ -46.80974856849555, -23.618034162452048 ], [ -46.809710562921722, -23.618285088304791 ], [ -46.80968840296795, -23.618355507171451 ], [ -46.80967193959259, -23.618647989042348 ], [ -46.809669481389534, -23.618797187568401 ] ] ] } }
]
}
